,name,year,TDP,Price,G3D_Mark,G2D_Mark
0,GeForce RTX 2080 Ti,2018,250.0,1149.99,21579.0,944.0
1,GeForce RTX 2080 SUPER,2019,250.0,709.99,19186.0,913.0
2,TITAN V,2017,250.0,2149.9,18793.0,991.0
3,GeForce RTX 2080,2018,250.0,609.99,18782.0,924.0
4,TITAN RTX,2018,280.0,2499.99,18502.0,849.0
5,Quadro RTX 8000,2019,260.0,4741.4,18467.0,924.0
6,Quadro RTX 6000,2018,295.0,6300.0,18351.0,790.0
7,GeForce RTX 2070 SUPER,2019,215.0,509.99,18120.0,896.0
8,NVIDIA TITAN Xp,2017,250.0,1398.6,17934.0,883.0
9,GeForce GTX 1080 Ti,2017,250.0,800.0,17283.0,913.0
10,Radeon VII,2019,300.0,599.9,17209.0,828.0
11,Radeon RX 5700 XT,2019,225.0,379.99,16692.0,934.0
12,GeForce RTX 2060 SUPER,2019,175.0,369.99,16308.0,854.0
13,GeForce RTX 2070,2018,175.0,399.99,16262.0,864.0
14,Quadro RTX 4000,2019,160.0,899.0,15850.0,972.0
15,Quadro P6000,2016,250.0,2749.9,15557.0,888.0
16,Radeon RX Vega 64,2017,295.0,389.9,14767.0,789.0
17,GeForce RTX 2060,2019,160.0,279.99,14703.0,818.0
18,GeForce GTX 1080,2016,180.0,669.9,14664.0,861.0
19,GeForce RTX 2080 with Max-Q Design,2019,90.0,2099.9,14366.0,571.0
20,Radeon RX 5700,2019,180.0,329.99,14142.0,858.0
21,Radeon Pro W5700,2020,205.0,799.99,13957.0,838.0
22,GeForce GTX 1070 Ti,2017,180.0,503.25,13944.0,826.0
23,Radeon Pro WX 8200,2018,230.0,969.99,13840.0,770.0
24,NVIDIA TITAN X,2016,250.0,608.1,13660.0,912.0
25,GeForce GTX 980 Ti,2015,250.0,309.2,13647.0,802.0
26,Radeon Vega Frontier Edition,2017,350.0,890.0,13588.0,803.0
27,GeForce GTX 1070,2016,150.0,245.9,13309.0,830.0
28,Radeon RX Vega 56,2017,210.0,259.99,13225.0,764.0
29,Radeon RX 5600 XT,2020,150.0,269.99,12913.0,861.0
30,GeForce GTX 1660 Ti,2019,120.0,279.99,12783.0,810.0
31,Quadro GV100,2018,250.0,8999.0,12721.0,802.0
32,GeForce GTX 1660 SUPER,2019,125.0,229.98,12704.0,804.0
33,GeForce GTX TITAN X,2015,250.0,599.9,12645.0,757.0
34,Quadro P5000,2016,180.0,1714.37,12222.0,755.0
35,Quadro M6000,2015,250.0,1054.0,11816.0,748.0
36,GeForce GTX 1660,2019,120.0,214.99,11354.0,762.0
37,Quadro P4000,2017,105.0,789.99,11194.0,756.0
38,GeForce GTX 980,2014,165.0,223.1,10955.0,740.0
39,GeForce GTX 1060,2016,120.0,302.2,10230.0,763.0
40,Radeon R9 Fury,2015,-1.0,443.1,10004.0,836.0
41,GeForce GTX 1650 SUPER,2019,100.0,159.98,9936.0,743.0
42,Radeon R9 Fury + Fury X,2015,275.0,374.1,9631.0,814.0
43,GeForce GTX 1060 3GB,2016,120.0,235.9,9570.0,720.0
44,GeForce GTX 970,2014,145.0,197.4,9541.0,730.0
45,Quadro P2200,2019,-1.0,414.99,9485.0,892.0
46,Radeon Pro Duo,2016,350.0,449.0,9436.0,824.0
47,Radeon Pro W5500,2020,125.0,399.99,9436.0,869.0
48,GeForce GTX 780 Ti,2013,250.0,225.1,9422.0,635.0
49,Radeon RX 590,2018,175.0,149.9,9384.0,795.0
50,Quadro M5000,2015,150.0,648.9,9170.0,508.0
51,Radeon RX 5500 XT,2019,130.0,179.99,8977.0,796.0
52,GeForce GTX Titan,2013,250.0,310.0,8951.0,691.0
53,GeForce GTX TITAN Black,2014,250.0,433.1,8890.0,557.0
54,Radeon RX 580,2017,185.0,169.99,8724.0,735.0
55,Radeon RX 480,2016,150.0,198.2,8501.0,743.0
56,Quadro K6000,2013,225.0,724.2,8338.0,706.0
57,Radeon R9 295X2,2014,500.0,499.1,8218.0,813.0
58,Radeon R9 290 / 390,2013,275.0,179.3,8153.0,695.0
59,Radeon R9 290X / 390X,2013,290.0,220.1,7998.0,630.0
60,Radeon RX 470,2016,120.0,99.9,7914.0,691.0
61,GeForce GTX 780,2013,250.0,129.9,7900.0,541.0
62,Radeon Pro WX 7100,2016,130.0,499.99,7890.0,758.0
63,GeForce GTX 1650,2019,75.0,139.99,7855.0,711.0
64,FirePro W9100,2014,275.0,3593.1,7750.0,884.0
65,GeForce GTX TITAN Z,2014,375.0,919.1,7647.0,696.0
66,GeForce GTX 980M,2014,100.0,289.9,7526.0,588.0
67,Quadro P2000,2017,75.0,453.8,7245.0,737.0
68,Radeon RX 570,2017,150.0,124.99,6967.0,626.0
69,Tesla M60,2017,-1.0,1395.0,6923.0,661.0
70,Quadro M4000,2015,120.0,279.0,6540.0,634.0
71,GeForce GTX 1050 Ti,2016,75.0,139.99,6446.0,655.0
72,Radeon R9 380X,2015,190.0,445.0,6318.0,672.0
73,FirePro S7150,2016,-1.0,2940.2,6276.0,866.0
74,FirePro W8100,2014,220.0,1112.1,6165.0,738.0
75,Quadro M5000M,2016,100.0,499.9,6134.0,510.0
76,Radeon R9 380,2016,190.0,89.9,6098.0,630.0
77,GeForce GTX 690,2012,300.0,264.1,6054.0,536.0
78,GeForce GTX 770,2013,230.0,109.9,5970.0,560.0
79,GeForce GTX 960,2015,120.0,113.2,5943.0,626.0
80,GeForce GTX 1050,2016,75.0,159.99,5719.0,535.0
81,Quadro K5200,2014,150.0,809.46,5688.0,555.0
82,Radeon HD 7990,2013,375.0,990.4,5566.0,766.0
83,Radeon R9 285 / 380,2015,190.0,449.9,5550.0,655.0
84,FirePro W7100,2015,150.0,289.9,5511.0,669.0
85,GeForce GTX 680,2012,195.0,179.9,5503.0,488.0
86,GeForce GTX 970M,2014,75.0,209.9,5467.0,358.0
87,FirePro W9000,2012,274.0,3443.9,5305.0,647.0
88,GeForce GTX 950,2015,90.0,86.0,5249.0,571.0
89,Radeon HD 7970 / R9 280X,2012,250.0,125.9,5248.0,730.0
90,Quadro M3000M,2015,75.0,159.9,5222.0,556.0
91,GeForce GTX 670,2012,170.0,149.0,5211.0,453.0
92,Radeon Pro WX 5100,2016,75.0,355.99,5178.0,775.0
93,GeForce GTX 760 Ti,2014,170.0,297.5,5119.0,802.0
94,Radeon HD 7950 / R9 280,2012,200.0,109.0,4765.0,691.0
95,Radeon R9 270X,2013,180.0,149.9,4711.0,569.0
96,GeForce GTX 760,2013,170.0,160.3,4680.0,484.0
97,Radeon HD 7870,2012,175.0,147.0,4678.0,545.0
98,FirePro W8000,2013,189.0,1048.9,4674.0,713.0
99,GeForce GTX 580,2012,244.0,145.3,4519.0,370.0
100,P104-100,2020,-1.0,299.9,4450.0,114.0
101,FirePro W7000,2012,150.0,146.0,4395.0,572.0
102,GeForce GTX 660 Ti,2012,150.0,486.6,4359.0,434.0
103,Radeon R9 270 / R7 370,2013,150.0,164.4,4260.0,645.0
104,Quadro K4200,2014,105.0,239.9,4212.0,478.0
105,Quadro P1000,2017,47.0,300.99,4129.0,537.0
106,Radeon RX 460,2016,75.0,274.1,4074.0,538.0
107,Quadro M2000,2016,75.0,298.9,4035.0,561.0
108,GeForce GTX 780M,2013,122.0,189.9,4008.0,423.0
109,Quadro K5000,2012,122.0,384.9,3978.0,426.0
110,Quadro M2200,2017,55.0,249.9,3965.0,355.0
111,GeForce GTX 660,2012,140.0,124.9,3948.0,428.0
112,Radeon HD 8970M,2014,100.0,139.9,3876.0,807.0
113,GeForce GTX 750 Ti,2014,60.0,155.3,3845.0,457.0
114,GeForce GTX 570,2012,219.0,298.6,3842.0,439.0
115,Quadro K2200M,2015,-1.0,124.9,3791.0,483.0
116,Radeon Pro WX 4100,2017,50.0,249.99,3786.0,591.0
117,Radeon HD 7850,2012,130.0,75.0,3763.0,520.0
118,GeForce GTX 480,2012,250.0,579.0,3736.0,418.0
119,Quadro P620,2018,40.0,150.93,3712.0,657.0
120,Radeon RX 560,2017,80.0,109.99,3589.0,496.0
121,GeForce GTX 590,2011,365.0,184.0,3562.0,572.0
122,Quadro K2200,2014,68.0,123.1,3556.0,513.0
123,GeForce GTX 960M,2015,65.0,1169.0,3529.0,239.0
124,Tesla C2050,2010,-1.0,269.9,3515.0,493.0
125,Quadro M2000M,2015,55.0,279.9,3472.0,331.0
126,Tesla C2075,2012,-1.0,340.5,3364.0,537.0
127,GRID K520,2013,-1.0,749.9,3344.0,204.0
128,GeForce GTX 750,2014,55.0,129.9,3321.0,418.0
129,GeForce GTX 680M,2012,100.0,135.9,3304.0,429.0
130,Tesla M10,2019,-1.0,3202.2,3248.0,541.0
131,GeForce 770M,2016,-1.0,176.9,3246.0,500.0
132,Quadro P600,2017,40.0,241.0,3192.0,532.0
133,GRID K2,2013,-1.0,289.9,3176.0,413.0
134,GeForce GTX 470,2012,215.0,522.0,3139.0,367.0
135,Quadro 6000,2010,204.0,3899.99,3128.0,515.0
136,Radeon Pro 455,2018,-1.0,449.0,3113.0,705.0
137,Radeon HD 7790,2013,85.0,180.3,3095.0,473.0
138,Radeon R9 360,2015,85.0,519.0,3032.0,460.0
139,Radeon R7 260X,2013,115.0,132.2,3021.0,494.0
140,Radeon R7 360,2015,100.0,125.0,2989.0,448.0
141,GeForce GTX 560 Ti,2012,170.0,81.6,2981.0,366.0
142,FirePro W5000,2012,75.0,169.8,2949.0,555.0
143,GeForce GTX 465,2012,200.0,263.2,2946.0,582.0
144,Radeon HD 6970,2012,250.0,59.9,2942.0,396.0
145,Quadro K5100M,2014,100.0,285.9,2934.0,534.0
146,Radeon HD 6990,2011,375.0,159.9,2933.0,563.0
147,FirePro W4300,2016,50.0,239.9,2909.0,785.0
148,Radeon R7 260,2014,95.0,89.9,2892.0,559.0
149,Quadro K1200,2015,45.0,190.8,2860.0,601.0
150,Quadro M1000M,2015,40.0,85.9,2852.0,324.0
151,FirePro 3D V9800,2011,225.0,2499.0,2812.0,556.0
152,GeForce GTX 560,2012,150.0,95.9,2756.0,375.0
153,FirePro V7900,2011,150.0,144.0,2749.0,651.0
154,Radeon HD 6950,2012,200.0,148.3,2746.0,357.0
155,Quadro K4100M,2013,100.0,198.0,2719.0,397.0
156,FirePro W5100,2014,75.0,279.1,2717.0,421.0
157,Quadro K4000,2012,80.0,175.9,2683.0,422.0
158,GeForce GTX 770M,2013,75.0,138.0,2663.0,286.0
159,FirePro R5000,2016,-1.0,109.9,2647.0,625.0
160,GeForce GT 1030,2017,30.0,79.99,2617.0,436.0
161,GeForce GTX 950M,2015,75.0,567.0,2603.0,223.0
162,Radeon Pro WX 3200,2019,65.0,189.9,2592.0,499.0
163,Quadro K5000M,2012,100.0,389.2,2572.0,647.0
164,GeForce GTX 650 Ti,2012,110.0,184.3,2502.0,405.0
165,GeForce GTX 460 v2,2011,160.0,199.9,2497.0,605.0
166,FirePro 3D V8800,2010,208.0,424.9,2438.0,632.0
167,Radeon RX 550,2017,50.0,84.99,2426.0,445.0
168,Radeon HD 5970,2012,294.0,329.9,2395.0,396.0
169,Radeon HD 5870,2012,228.0,289.0,2368.0,346.0
170,Quadro K3100M,2013,75.0,399.9,2287.0,282.0
171,GeForce GTX 580M,2011,100.0,248.6,2279.0,562.0
172,Quadro K620,2014,45.0,138.8,2274.0,467.0
173,Radeon HD 6970M,2011,75.0,215.9,2270.0,656.0
174,Radeon R7 250X,2015,95.0,260.7,2269.0,637.0
175,GeForce GTX 460,2012,150.0,169.7,2215.0,360.0
176,GeForce GTX 745,2014,55.0,124.0,2211.0,470.0
177,GeForce GTX 560 SE,2012,150.0,89.9,2201.0,575.0
178,Quadro 5000,2010,152.0,2303.99,2188.0,406.0
179,Radeon HD 6870,2012,151.0,150.0,2149.0,436.0
180,Quadro K4000M,2012,100.0,599.9,2146.0,442.0
181,Radeon HD 5850,2012,151.0,79.9,2109.0,368.0
182,Radeon R9 350,2016,60.0,103.8,2101.0,520.0
183,Radeon HD 7770,2012,80.0,145.3,2038.0,402.0
184,Quadro P520,2019,-1.0,1499.0,2031.0,282.0
185,GeForce GTX 460 SE,2012,150.0,159.9,2026.0,339.0
186,Radeon HD 6850,2012,127.0,165.3,2008.0,358.0
187,Quadro M600M,2015,30.0,102.9,1932.0,622.0
188,FirePro 3D V7800,2010,138.0,599.9,1867.0,562.0
189,Radeon R7 450,2016,65.0,52.4,1861.0,464.0
190,Radeon HD 6790,2011,150.0,64.9,1838.0,278.0
191,Quadro 5010M,2011,100.0,235.9,1833.0,568.0
192,Radeon HD 5830,2012,175.0,159.9,1792.0,298.0
193,FirePro W600,2013,75.0,400.9,1725.0,603.0
194,GeForce GTX 650,2012,64.0,89.3,1720.0,335.0
195,Radeon HD 7750,2012,55.0,144.99,1687.0,377.0
196,Quadro K3000M,2012,75.0,155.0,1685.0,372.0
197,Quadro P400,2017,30.0,113.59,1664.0,465.0
198,Quadro K2000D,2013,51.0,417.3,1657.0,535.0
199,GeForce GTX 550 Ti,2012,116.0,131.2,1599.0,313.0
200,GeForce GTX 660M,2012,50.0,78.9,1568.0,294.0
201,Quadro K2000,2013,51.0,120.0,1565.0,375.0
202,Radeon HD 4890,2012,190.0,109.9,1535.0,247.0
203,Radeon Vega 8,2018,-1.0,126.8,1533.0,422.0
204,Quadro 4000,2010,142.0,960.7,1528.0,370.0
205,Radeon HD 7730,2015,47.0,49.9,1469.0,451.0
206,GeForce GTX 275,2012,219.0,119.9,1462.0,499.0
207,GeForce GTX 285,2009,204.0,179.9,1450.0,448.0
208,FirePro W4100,2014,50.0,149.8,1448.0,444.0
209,GeForce GT 740,2014,64.0,154.3,1438.0,287.0
210,FirePro V5800,2016,-1.0,54.9,1433.0,482.0
211,Quadro K2100M,2013,55.0,550.0,1398.0,287.0
212,Radeon HD 5770,2012,108.0,369.2,1355.0,293.0
213,GeForce GT 545,2012,-1.0,55.5,1339.0,511.0
214,Quadro 4000M,2011,100.0,91.0,1337.0,405.0
215,FirePro V5900,2011,75.0,319.9,1325.0,494.0
216,FirePro V4900,2012,75.0,144.9,1310.0,688.0
217,Radeon R9 255,2014,-1.0,344.1,1304.0,350.0
218,FirePro 3D V5800,2010,74.0,369.9,1290.0,391.0
219,FirePro 3D V8750,2009,154.0,1230.9,1272.0,542.0
220,Radeon HD 4870,2012,150.0,129.9,1245.0,334.0
221,Radeon R7 430,2017,-1.0,114.99,1238.0,492.0
222,GeForce GTX 260,2012,202.0,95.3,1212.0,286.0
223,Radeon HD 6770,2011,108.0,76.9,1212.0,300.0
224,FirePro 3D V8700,2010,151.0,199.9,1206.0,515.0
225,Radeon Vega 6,2018,-1.0,1799.9,1179.0,305.0
226,Radeon R7 250,2013,75.0,59.9,1162.0,276.0
227,Radeon HD 5750,2012,86.0,69.4,1149.0,307.0
228,GeForce GT 640,2011,65.0,165.0,1148.0,262.0
229,Radeon R7 PRO A10-9700E,2017,-1.0,529.0,1143.0,460.0
230,GeForce GTS 450,2012,106.0,79.9,1138.0,286.0
231,GeForce GTX 295,2009,289.0,159.9,1132.0,462.0
232,Quadro FX 5800,2009,189.0,178.8,1128.0,433.0
233,Radeon HD 6750,2011,86.0,49.9,1128.0,340.0
234,Quadro 3000M,2011,75.0,69.9,1124.0,296.0
235,Radeon R9 M275,2014,-1.0,699.9,1115.0,569.0
236,Quadro K1100M,2013,45.0,49.9,1108.0,276.0
237,Radeon R7 A12-9800E RADEON,2017,-1.0,139.1,1106.0,389.0
238,Radeon HD 8570,2013,66.0,98.6,1073.0,409.0
239,Quadro K2000M,2012,55.0,144.0,1048.0,291.0
240,GeForce GTX 280,2012,236.0,522.7,1040.0,429.0
241,NVS 810,2016,-1.0,624.9,1015.0,457.0
242,Radeon R5 430,2017,-1.0,819.0,997.0,566.0
243,Quadro 2000D,2011,-1.0,170.0,986.0,396.0
244,Radeon E6760,2012,-1.0,239.9,973.0,573.0
245,Radeon R7 M445,2017,-1.0,744.0,957.0,269.0
246,Quadro 2000,2010,62.0,99.9,948.0,278.0
247,Quadro CX,2009,-1.0,149.9,947.0,454.0
248,Quadro FX 4800,2012,150.0,138.9,933.0,300.0
249,Radeon Vega 3,2018,-1.0,479.9,927.0,312.0
250,FirePro W2100,2014,26.0,113.9,895.0,388.0
251,FirePro 3D V4800,2010,69.0,159.9,882.0,356.0
252,Radeon HD 4850,2012,110.0,42.6,877.0,231.0
253,Radeon HD 4830,2012,95.0,59.9,864.0,206.0
254,Radeon R7 FX-9800P RADEON,2016,-1.0,530.0,848.0,341.0
255,GeForce GT 730,2014,49.0,89.99,838.0,227.0
256,GeForce GT 635,2013,-1.0,66.9,831.0,514.0
257,Quadro 2000M,2012,55.0,46.5,816.0,262.0
258,Radeon R7 240,2013,30.0,69.9,813.0,227.0
259,Radeon R7 A12-9720P RADEON,2017,-1.0,365.4,813.0,207.0
260,GRID K1,2013,-1.0,395.0,811.0,463.0
261,GeForce GT 440,2010,65.0,69.9,799.0,252.0
262,Radeon HD 7650A,2012,-1.0,262.0,793.0,707.0
263,Radeon HD 5670,2012,64.0,47.8,784.0,294.0
264,NVS 510,2012,35.0,335.78,775.0,369.0
265,GeForce GT 340,2011,69.0,52.9,774.0,469.0
266,Quadro FX 3800,2009,108.0,98.9,764.0,224.0
267,FirePro V3900,2012,50.0,129.9,759.0,320.0
268,Quadro K1000M,2012,45.0,69.9,756.0,282.0
269,Quadro K600,2013,41.0,34.9,751.0,271.0
270,Quadro K420,2014,41.0,188.3,742.0,258.0
271,Radeon R7 A12-9700P RADEON,2016,-1.0,435.9,725.0,181.0
272,GeForce GTS 240,2009,120.0,64.9,714.0,430.0
273,Quadro K610M,2014,30.0,75.0,707.0,269.0
274,Radeon HD 7570,2012,44.0,51.4,694.0,383.0
275,Radeon HD 6670,2012,66.0,102.9,689.0,225.0
276,GeForce 9800 GTX/9800 GTX+,2009,-1.0,89.9,667.0,378.0
277,GeForce GT 640M LE,2012,32.0,849.9,666.0,178.0
278,Quadro 500M,2013,35.0,275.1,664.0,588.0
279,FireGL V7700,2011,-1.0,174.9,660.0,422.0
280,GeForce 8800 GTX,2012,155.0,199.9,656.0,261.0
281,GeForce GT 530,2011,50.0,49.0,644.0,304.0
282,GeForce GT 630,2012,50.0,575.0,635.0,177.0
283,Radeon R5 330,2017,30.0,339.9,635.0,285.0
284,Radeon R5 420,2017,-1.0,39.9,620.0,341.0
285,GeForce GTS 250,2012,150.0,89.9,619.0,269.0
286,Quadro FX 5600,2009,-1.0,168.9,613.0,403.0
287,GeForce GT 710,2014,25.0,35.99,605.0,197.0
288,Quadro 1000M,2012,45.0,54.5,603.0,207.0
289,GeForce GT 720,2014,19.0,99.9,588.0,192.0
290,Radeon HD 3870,2012,106.0,279.9,587.0,227.0
291,GeForce GT 240,2012,69.0,57.9,569.0,227.0
292,Quadro FX 3700M,2009,75.0,925.0,567.0,312.0
293,Intel HD 5000,2013,-1.0,625.0,561.0,246.0
294,Quadro 600,2012,40.0,59.9,557.0,222.0
295,GeForce GT 330,2010,-1.0,39.9,555.0,467.0
296,FireGL V8650,2010,-1.0,329.9,550.0,637.0
297,GeForce GT 430,2012,49.0,159.9,550.0,166.0
298,FirePro 3D V5700,2009,58.0,319.9,547.0,517.0
299,FirePro 3D V7750,2009,76.0,350.0,545.0,468.0
300,GeForce 8800 GT,2009,125.0,269.9,536.0,253.0
301,GeForce 9800M GTX,2009,75.0,328.5,517.0,333.0
302,Radeon R5 240,2014,50.0,61.0,514.0,226.0
303,GeForce GT 540M,2012,32.0,87.9,497.0,92.0
304,Radeon HD 6570,2012,44.0,49.9,496.0,199.0
305,Radeon HD 7470,2012,27.0,18.7,486.0,343.0
306,Radeon HD 7670M,2012,20.0,629.9,476.0,149.0
307,Radeon R7 M260,2014,-1.0,799.0,474.0,143.0
308,FirePro 3D V3800,2010,43.0,149.9,472.0,507.0
309,GeForce 9600 GT,2011,95.0,70.0,472.0,180.0
310,GeForce 9800 GT,2012,125.0,149.9,464.0,268.0
311,GeForce GT 320,2010,43.0,32.6,462.0,225.0
312,GeForce GT 130,2009,75.0,27.9,456.0,386.0
313,Radeon HD 5570,2012,39.0,179.42,451.0,186.0
314,Quadro FX 4600,2009,134.0,124.9,448.0,390.0
315,Quadro 410,2012,38.0,129.0,438.0,322.0
316,Quadro FX 2800M,2010,75.0,49.9,415.0,187.0
317,Radeon HD 4670,2012,59.0,109.9,409.0,173.0
318,Quadro FX 2700M,2009,65.0,99.9,404.0,205.0
319,Quadro FX 1800,2009,59.0,99.9,402.0,264.0
320,GeForce GT 420,2010,50.0,155.0,399.0,218.0
321,Quadro FX 3700,2010,78.0,89.9,384.0,304.0
322,Radeon HD 6490M,2011,-1.0,1193.0,378.0,514.0
323,GeForce GT 620,2012,30.0,39.9,373.0,175.0
324,GeForce 9600 GSO,2009,84.0,49.9,370.0,303.0
325,Radeon HD 5550,2010,39.0,54.9,363.0,191.0
326,FirePro 3D V3750,2009,48.0,50.8,341.0,467.0
327,FirePro RG220,2011,35.0,650.1,335.0,552.0
328,Radeon R5 310,2015,-1.0,499.0,332.0,545.0
329,GeForce GT 230,2009,-1.0,43.9,327.0,270.0
330,Intel HD 4000,2012,-1.0,1592.9,325.0,175.0
331,GeForce 605,2012,-1.0,109.9,324.0,529.0
332,NVS 315,2014,19.5,59.9,319.0,309.0
333,Quadro FX 3500,2009,80.0,68.9,319.0,204.0
334,Radeon R5 235,2014,35.0,60.1,313.0,346.0
335,Quadro FX 3500M,2009,45.0,99.9,306.0,309.0
336,Radeon HD 6380G,2012,35.0,399.9,300.0,234.0
337,Quadro FX 770M,2009,35.0,527.0,297.0,339.0
338,GeForce GT 610,2012,29.0,74.9,294.0,129.0
339,Radeon HD 8490,2014,35.0,59.6,293.0,320.0
340,GeForce GT 520M,2012,12.0,29.9,288.0,91.0
341,GeForce GT 520,2011,29.0,74.9,286.0,128.0
342,GeForce 8600 GTS,2012,75.0,70.0,284.0,410.0
343,Radeon HD 8350,2013,4.4,23.1,266.0,714.0
344,GeForce 7950 GT,2011,-1.0,299.9,265.0,382.0
345,NVS 4200M,2012,-1.0,399.0,264.0,104.0
346,Radeon HD 4650,2011,48.0,124.9,257.0,189.0
347,Intel HD 3000,2012,-1.0,945.0,255.0,133.0
348,Radeon HD 6470M,2012,-1.0,569.9,245.0,100.0
349,GeForce 7800 GT,2009,-1.0,80.0,244.0,273.0
350,NVS 310,2012,19.5,59.9,244.0,337.0
351,Quadro FX 5500,2009,96.0,315.9,242.0,394.0
352,Radeon R5 230,2018,-1.0,59.9,242.0,503.0
353,GeForce 510,2011,25.0,69.9,238.0,281.0
354,Radeon HD 7450,2012,18.0,49.9,238.0,232.0
355,Radeon HD 4550,2012,20.0,126.9,236.0,429.0
356,Radeon HD 5450,2012,19.1,98.6,231.0,433.0
357,FirePro 2270,2012,17.0,144.9,227.0,553.0
358,GT 430,2013,-1.0,142.8,223.0,325.0
359,HD6450,2016,-1.0,39.9,221.0,417.0
360,Quadro FX 2500M,2009,45.0,17.5,218.0,272.0
361,FirePro 2460,2012,17.0,83.9,216.0,573.0
362,GeForce GT 220,2012,58.0,39.9,216.0,169.0
363,Quadro FX 1600M,2009,50.0,149.9,214.0,316.0
364,GeForce GT 120,2009,50.0,29.9,206.0,289.0
365,Quadro FX 4500,2009,109.0,230.3,205.0,265.0
366,GeForce 7950 GX2,2009,-1.0,54.9,202.0,413.0
367,GeForce 7600 GS,2012,-1.0,175.0,201.0,94.0
368,RADEON HD7450,2014,-1.0,22.2,199.0,215.0
369,Radeon HD 6450,2011,18.0,52.99,195.0,113.0
370,Quadro FX 1500,2009,65.0,115.0,183.0,196.0
371,FireGL V3600,2009,-1.0,160.9,180.0,399.0
372,FirePro 3D V3700,2011,32.0,84.9,179.0,466.0
373,Quadro 400,2011,32.0,39.9,173.0,276.0
374,Radeon HD 7340,2012,-1.0,552.6,172.0,79.0
375,Quadro FX 580,2009,40.0,68.8,170.0,262.0
376,GeForce 315,2010,33.0,32.9,164.0,214.0
377,GeForce 7600 GT,2009,-1.0,84.9,164.0,159.0
378,RADEON HD 6350,2011,19.1,35.9,158.0,257.0
379,Radeon HD 6320,2011,45.0,554.9,151.0,36.0
380,Quadro FX 3450,2009,83.0,119.9,149.0,235.0
381,GeForce 9500 GT,2009,50.0,85.9,146.0,123.0
382,NVS 300,2011,17.5,14.0,142.0,352.0
383,Radeon R5 220,2015,19.0,85.2,142.0,102.0
384,GeForce 405,2011,-1.0,24.6,138.0,240.0
385,GeForce 310,2010,30.5,108.3,136.0,207.0
386,EAH5450,2017,-1.0,109.9,134.0,216.0
387,FireGL V7300,2009,-1.0,1189.9,128.0,322.0
388,Quadro FX 1700,2009,42.0,27.5,122.0,159.0
389,Radeon HD 2400,2012,-1.0,24.8,121.0,298.0
390,GeForce 8400 GS,2012,40.0,49.9,118.0,145.0
391,FireMV 2260,2011,15.0,104.9,117.0,488.0
392,Quadro FX 570,2009,38.0,74.9,115.0,401.0
393,Quadro FX 560,2009,30.0,150.2,114.0,360.0
394,GeForce 6800,2009,-1.0,39.9,113.0,258.0
395,GeForce 8600 GT,2012,47.0,189.0,113.0,165.0
396,FireGL V7350,2011,-1.0,19.9,111.0,344.0
397,GeForce G210,2009,-1.0,63.1,111.0,148.0
398,Quadro FX 380,2012,34.0,72.5,111.0,279.0
399,GeForce 7300 GT,2009,-1.0,149.9,110.0,165.0
400,Quadro FX 1400,2011,70.0,245.0,104.0,294.0
401,Radeon HD 4350,2012,20.0,149.9,102.0,85.0
402,GeForce 6600 GT,2010,-1.0,64.9,101.0,279.0
403,GeForce 8400,2009,-1.0,589.9,101.0,314.0
404,GeForce 9400 GT,2010,50.0,165.0,99.0,148.0
405,GeForce G100,2012,-1.0,19.9,99.0,356.0
406,Quadro NVS 420,2009,-1.0,335.2,99.0,534.0
407,GeForce 9300GE,2009,-1.0,18.0,98.0,367.0
408,Radeon 3000,2012,-1.0,319.0,98.0,414.0
409,GeForce 210,2009,30.5,38.97,97.0,104.0
410,GeForce 8300,2009,-1.0,22.6,92.0,330.0
411,GeForce 9300 GS,2009,-1.0,59.9,92.0,324.0
412,Quadro NVS 290,2009,-1.0,45.0,91.0,401.0
413,Quadro NVS 295,2009,23.0,71.38,91.0,303.0
414,Radeon X1650 Pro,2010,44.0,160.8,85.0,241.0
415,Quadro FX 370,2009,35.0,125.0,84.0,385.0
416,GeForce 9300M GS,2009,13.0,19.9,83.0,182.0
417,GeForce 8400M GS,2009,11.0,14.9,82.0,249.0
418,Quadro FX 540,2009,35.0,59.9,81.0,294.0
419,GeForce 9300 GE,2009,-1.0,22.9,79.0,241.0
420,Radeon 3100,2012,-1.0,164.99,74.0,228.0
421,Radeon HD 3450,2011,25.0,44.9,74.0,103.0
422,Quadro NVS 450,2009,-1.0,139.9,73.0,345.0
423,ION,2009,-1.0,229.9,71.0,70.0
424,GeForce 6600,2009,-1.0,149.9,70.0,169.0
425,Quadro FX 3000,2009,-1.0,166.6,69.0,178.0
426,Radeon X1550,2009,27.0,113.0,67.0,253.0
427,Quadro FX 550,2009,25.0,149.0,64.0,325.0
428,Radeon 2100,2009,-1.0,121.0,60.0,286.0
429,RADEON 9800,2010,-1.0,210.5,58.0,191.0
430,Radeon X1300,2009,-1.0,16.9,58.0,237.0
431,GeForce 7300 LE,2012,-1.0,32.0,56.0,285.0
432,FirePro 2450,2010,36.0,278.0,51.0,482.0
433,FireMV 2250,2009,-1.0,105.9,46.0,290.0
434,GeForce 6200,2009,-1.0,39.9,44.0,163.0
435,Quadro NVS 285 128MB,2009,-1.0,55.0,38.0,313.0
436,Quadro NVS 440,2009,-1.0,124.9,38.0,358.0
437,FireMV 2200 PCIe,2011,-1.0,89.9,36.0,259.0
438,Quadro FX 1100,2009,-1.0,212.9,36.0,178.0
439,RADEON 9500,2011,-1.0,40.5,36.0,173.0
440,Quadro NVS 285,2012,-1.0,27.9,35.0,334.0
441,RADEON 9550,2009,-1.0,31.8,35.0,145.0
442,GeForce 6200 LE,2012,-1.0,41.2,31.0,105.0
443,GeForce 6150,2012,-1.0,299.4,22.0,250.0
444,GeForce FX 5200,2010,-1.0,69.9,8.0,154.0
445,GeForce FX 5500,2009,-1.0,36.9,8.0,152.0
446,Quadro NVS 280 PCI,2009,-1.0,59.5,8.0,261.0
447,GeForce FX 5200LE,2009,-1.0,42.9,7.0,170.0
448,GeForce4 Ti 4600,2009,-1.0,53.9,6.0,173.0
449,GeForce 256,2009,-1.0,42.0,5.0,201.0
450,Quadro4 980 XGL,2009,-1.0,341.4,5.0,181.0
451,GeForce 6200A,2014,-1.0,54.9,4.0,117.0
452,RADEON 9200,2009,-1.0,39.9,4.0,135.0
453,Matrox Parhelia 128MB,2009,-1.0,549.9,3.0,107.0
454,RADEON 7200,2011,-1.0,599.9,3.0,94.0
455,RADEON 7500,2012,-1.0,32.1,3.0,35.0
456,RADEON 9250,2009,-1.0,79.9,3.0,127.0
457,Dell 8100,2012,-1.0,999.1,2.0,58.0
