,name,year,process,noCores,noThreads,baseFreq,CacheVal,maxMem,MemType,MemType_class,MemChannels,PCI_express,HyperTh,virtualTh,intel64,TDP,price,CPUMark,ThreadMark
0,230,2008,45,1,1,1.6,512.0,1,DDR3,1,1,1,1,0,1,4.0,29.0,324.0,257.0
1,C2338,2013,22,2,2,1.7,1.0,16.0,DDR3,1,1,8,0,1,1,7.0,60.0,898.0,359.0
2,C2358,2013,22,2,2,1.7,1.0,16.0,DDR3,1,1,8,0,1,1,7.0,60.0,961.0,448.0
3,C2538,2013,22,4,4,2.4,2.0,64.0,DDR3,1,2,16,0,1,1,15.0,104.0,2086.0,558.0
4,C2550,2013,22,4,4,2.4,2.0,64.0,DDR3,1,2,16,0,1,0,14.0,86.0,2048.0,574.0
5,C2558,2013,22,4,4,2.4,2.0,64.0,DDR3,1,2,16,0,1,1,15.0,104.0,2169.0,551.0
6,C2750,2013,22,8,8,2.4,4.0,64.0,DDR3,1,2,16,0,1,0,20.0,171.0,3694.0,588.0
7,C2750,2013,22,8,8,2.4,4.0,64.0,DDR3,1,2,16,0,1,0,20.0,171.0,3694.0,588.0
8,C2758,2013,22,8,8,2.4,4.0,64.0,DDR3,1,2,16,0,1,1,20.0,208.0,3163.0,513.0
9,C3538,2017,14,4,4,2.1,8.0,256.0,DDR4,2,2,12,0,1,0,15.0,75.0,2455.0,831.0
10,C3558,2017,14,4,4,2.2,8.0,256.0,DDR4,2,2,12,0,1,0,16.0,86.0,2539.0,876.0
11,C3758,2017,14,8,8,2.2,16.0,256.0,DDR4,2,2,16,0,1,0,25.0,193.0,4675.0,857.0
12,C3858,2017,14,12,12,2.0,12.0,256.0,DDR4,2,2,16,0,1,0,25.0,332.0,4853.0,771.0
13,C3958,2017,14,16,16,2.0,16.0,256.0,DDR4,2,2,16,0,1,0,31.0,449.0,6586.0,791.0
14,D2500,2011,32,2,2,1.86,1.0,4.0,DDR3,1,1,4,0,0,1,10.0,42.0,441.0,319.0
15,D2550,2012,32,2,4,1.86,1.0,4.0,DDR3,1,1,4,1,0,1,10.0,47.0,737.0,326.0
16,D410,2010,45,1,2,1.66,512.0,4.0,DDR2,0,1,1,1,0,1,10.0,43.0,278.0,240.0
17,D425,2010,45,1,2,1.8,512.0,4.0,DDR3,1,1,1,1,0,1,10.0,42.0,380.0,303.0
18,D510,2010,45,2,4,1.66,1.0,4.0,DDR2,0,1,1,1,0,1,13.0,63.0,658.0,271.0
19,D525,2010,45,2,4,1.8,1.0,4.0,DDR3,1,1,1,1,0,1,13.0,63.0,571.0,302.0
20,E3815,2013,22,1,1,1.46,512.0,8.0,DDR3,1,1,4,0,1,1,5.0,31.0,109.0,183.0
21,E3825,2013,22,2,2,1.33,1.0,8.0,DDR3,1,1,4,0,1,1,6.0,34.0,399.0,357.0
22,E3826,2013,22,2,2,1.46,1.0,8.0,DDR3,1,2,4,0,1,1,7.0,37.0,323.0,389.0
23,E3827,2013,22,2,2,1.75,1.0,8.0,DDR3,1,2,4,0,1,1,8.0,41.0,534.0,463.0
24,E3845,2013,22,4,4,1.91,2.0,8.0,DDR3,1,2,4,0,1,1,10.0,52.0,993.0,514.0
25,N2600,2011,32,2,4,1.6,1.0,2.44,DDR3,1,1,1,1,0,1,3.5,42.0,531.0,269.0
26,N270,2008,45,1,1,1.6,512.0,1,DDR3,1,1,1,1,0,0,2.5,32.0,269.0,252.0
27,N2800,2011,32,2,4,1.86,1.0,4.88,DDR3,1,1,1,1,0,1,6.5,47.0,633.0,320.0
28,N450,2010,45,1,2,1.66,512.0,2.0,DDR2,0,1,1,1,0,1,5.5,64.0,303.0,255.0
29,N455,2010,45,1,2,1.66,512.0,2.0,DDR2,0,1,1,1,0,1,6.5,64.0,277.0,244.0
30,x5-Z8300,2015,14,4,4,1.44,2.0,2.0,DDR3,1,1,1,0,1,1,4.0,21.0,801.0,463.0
31,x5-Z8350,2016,14,4,4,1.44,2.0,2.0,DDR3,1,1,1,0,1,1,4.0,21.0,876.0,477.0
32,x5-Z8500,2015,14,4,4,1.44,2.0,8.0,DDR3,1,2,2,0,1,1,4.0,27.0,1143.0,612.0
33,x5-Z8550,2016,14,4,4,1.44,2.0,8.0,DDR3,1,2,2,0,1,1,4.0,27.0,1143.0,664.0
34,x7-Z8700,2015,14,4,4,1.6,2.0,8.0,DDR3,1,2,2,0,1,1,4.0,37.0,1316.0,658.0
35,x7-Z8750,2016,14,4,4,1.6,2.0,8.0,DDR3,1,2,2,0,1,1,4.0,37.0,1370.0,704.0
36,Z3735E,2014,22,4,4,1.33,2.0,1.0,DDR3,1,1,1,0,1,1,4.4,21.0,563.0,490.0
37,Z3735F,2014,22,4,4,1.33,2.0,2.0,DDR3,1,1,1,0,1,1,4.4,18.0,531.0,395.0
38,Z3735G,2014,22,4,4,1.33,2.0,1.0,DDR3,1,1,1,0,1,1,4.4,17.0,547.0,462.0
39,Z3736F,2014,22,4,4,1.33,2.0,2.0,DDR3,1,1,1,0,1,1,4.4,20.0,513.0,422.0
40,Z3745,2014,22,4,4,1.33,2.0,4.0,DDR3,1,2,1,0,1,1,4.0,30.0,619.0,445.0
41,Z3770D,2013,22,4,4,1.5,2.0,2.0,DDR3,1,1,1,0,1,1,4.4,37.0,506.0,349.0
42,Z3775,2014,22,4,4,1.46,2.0,4.0,DDR3,1,2,1,0,1,1,4.0,35.0,752.0,551.0
43,Z3795,2014,22,4,4,1.59,2.0,4.0,DDR3,1,2,1,0,1,1,4.0,40.0,1172.0,645.0
44,Z530,2008,45,1,1,1.6,512.0,1,DDR3,1,1,1,1,1,0,2.0,65.0,281.0,248.0
45,1000M,2013,22,2,2,1.8,2.0,32.0,DDR3,1,2,1,0,1,1,35.0,75.0,1003.0,973.0
46,1005M,2013,22,2,2,1.9,2.0,32.0,DDR3,1,2,1,0,1,1,35.0,75.0,1087.0,1026.0
47,1007U,2013,22,2,2,1.5,2.0,32.0,DDR3,1,2,1,0,1,1,17.0,75.0,645.0,648.0
48,1017U,2013,22,2,2,1.6,2.0,32.0,DDR3,1,2,1,0,1,1,17.0,75.0,963.0,873.0
49,1020E,2013,22,2,2,2.2,2.0,16.0,DDR3,1,2,1,0,1,1,35.0,76.0,1401.0,1222.0
50,1020M,2013,22,2,2,2.1,2.0,32.0,DDR3,1,2,1,0,1,1,35.0,75.0,1270.0,1175.0
51,1047UE,2013,22,2,2,1.4,2.0,16.0,DDR3,1,2,1,0,1,1,17.0,119.0,746.0,525.0
52,2000E,2014,22,2,2,2.2,2.0,32.0,DDR3,1,2,16,0,1,1,37.0,86.0,1628.0,1292.0
53,2002E,2014,22,2,2,1.5,2.0,32.0,DDR3,1,2,16,0,1,1,25.0,86.0,1105.0,878.0
54,2950M,2013,22,2,2,2.0,2.0,32.0,DDR3,1,2,16,0,1,1,37.0,75.0,1299.0,1116.0
55,2955U,2013,22,2,2,1.4,2.0,16.0,DDR3,1,2,10,0,1,1,15.0,107.0,731.0,647.0
56,2957U,2013,22,2,2,1.4,2.0,16.0,DDR3,1,2,10,0,1,1,15.0,107.0,821.0,780.0
57,2970M,2014,22,2,2,2.2,2.0,32.0,DDR3,1,2,16,0,1,1,37.0,75.0,1520.0,1255.0
58,2980U,2013,22,2,2,1.6,2.0,16.0,DDR3,1,2,12,0,1,1,15.0,107.0,1077.0,919.0
59,3205U,2015,14,2,2,1.5,2.0,16.0,DDR3,1,2,12,0,1,1,15.0,107.0,966.0,888.0
60,3215U,2015,14,2,2,1.7,2.0,16.0,DDR3,1,2,12,0,1,1,15.0,107.0,1131.0,963.0
61,3755U,2015,14,2,2,1.7,2.0,16.0,DDR3,1,2,12,0,1,1,15.0,107.0,1141.0,991.0
62,3765U,2015,14,2,2,1.9,2.0,16.0,DDR3,1,2,12,0,1,1,15.0,107.0,1288.0,1092.0
63,3855U,2015,14,2,2,1.6,2.0,32.0,DDR4,2,2,10,0,1,1,15.0,107.0,1154.0,896.0
64,3865U,2017,14,2,2,1.8,2.0,32.0,DDR4,2,2,10,0,1,1,15.0,107.0,1240.0,1025.0
65,3955U,2015,14,2,2,2.0,2.0,32.0,DDR4,2,2,12,0,1,1,15.0,107.0,1588.0,1238.0
66,3965U,2017,14,2,2,2.2,2.0,32.0,DDR4,2,2,10,0,1,1,15.0,107.0,1758.0,1366.0
67,807UE,2011,32,1,1,1.0,1.0,4.88,DDR3,1,1,1,0,1,1,10.0,98.0,209.0,364.0
68,827E,2011,32,1,1,1.4,1.5,16.6,DDR3,1,2,16,0,1,1,17.0,89.0,369.0,670.0
69,847,2011,32,2,1,1.1,2.0,16.0,DDR3,1,2,16,0,1,1,17.0,134.0,450.0,458.0
70,847E,2011,32,2,2,1.1,2.0,16.6,DDR3,1,2,16,0,1,1,17.0,111.0,600.0,506.0
71,B810,2011,32,2,2,1.6,2.0,16.6,DDR3,1,2,16,0,1,1,35.0,72.0,815.0,735.0
72,B840,2011,32,2,2,1.9,2.0,16.0,DDR3,1,2,16,0,1,1,35.0,86.0,933.0,881.0
73,E1500,2006,65,2,1,2.2,512.0,1,DDR3,1,1,1,0,0,1,65.0,47.0,634.0,784.0
74,E1600,2009,65,2,1,2.4,512.0,1,DDR3,1,1,1,0,0,1,65.0,58.0,681.0,876.0
75,E3200,2009,45,2,1,2.4,1.0,1,DDR3,1,1,1,0,1,1,65.0,47.0,816.0,975.0
76,E3300,2009,45,2,1,2.5,1.0,1,DDR3,1,1,1,0,1,1,65.0,47.0,837.0,1029.0
77,E3400,2010,45,2,1,2.6,1.0,1,DDR3,1,1,1,0,1,1,65.0,42.0,875.0,1028.0
78,E3500,2010,45,2,1,2.7,1.0,1,DDR3,1,1,1,0,1,1,65.0,52.0,999.0,1211.0
79,G1610,2013,22,2,2,2.6,2.0,32.0,DDR3,1,2,1,0,1,1,55.0,42.0,1538.0,1273.0
80,G1610T,2013,22,2,2,2.3,2.0,32.0,DDR3,1,2,1,0,1,1,35.0,42.0,1309.0,1223.0
81,G1620,2013,22,2,2,2.7,2.0,32.0,DDR3,1,2,1,0,1,1,55.0,40.0,1545.0,1448.0
82,G1620T,2013,22,2,2,2.4,2.0,32.0,DDR3,1,2,1,0,1,1,35.0,42.0,1502.0,1319.0
83,G1630,2013,22,2,2,2.8,2.0,32.0,DDR3,1,2,1,0,1,1,55.0,52.0,1643.0,1540.0
84,G1820,2014,22,2,2,2.7,2.0,32.0,DDR3,1,2,16,0,1,1,53.0,42.0,1685.0,1525.0
85,G1820T,2014,22,2,2,2.4,2.0,32.0,DDR3,1,2,16,0,1,1,35.0,42.0,1726.0,1393.0
86,G1820TE,2014,22,2,2,2.2,2.0,32.0,DDR3,1,2,16,0,1,1,35.0,42.0,1129.0,733.0
87,G1830,2014,22,2,2,2.8,2.0,32.0,DDR3,1,2,16,0,1,1,53.0,52.0,1615.0,1576.0
88,G1840,2014,22,2,2,2.8,2.0,32.0,DDR3,1,2,16,0,1,1,53.0,42.0,1810.0,1627.0
89,G1840T,2014,22,2,2,2.5,2.0,32.0,DDR3,1,2,16,0,1,1,35.0,42.0,1586.0,1442.0
90,G1850,2014,22,2,2,2.9,2.0,32.0,DDR3,1,2,16,0,1,1,54.0,52.0,2006.0,1688.0
91,G3900,2015,14,2,2,2.8,2.0,64.0,DDR4,2,2,16,0,1,1,51.0,42.0,2223.0,1711.0
92,G3900E,2016,14,2,2,2.4,2.0,64.0,DDR4,2,2,16,0,1,1,35.0,107.0,2059.0,1516.0
93,G3900TE,2015,14,2,2,2.3,2.0,64.0,DDR4,2,2,16,0,1,1,35.0,42.0,1991.0,1459.0
94,G3920,2015,14,2,2,2.9,2.0,64.0,DDR4,2,2,16,0,1,1,51.0,52.0,2181.0,1592.0
95,G3930,2017,14,2,2,2.9,2.0,64.0,DDR4,2,2,16,0,1,1,51.0,42.0,2300.0,1798.0
96,G3930T,2017,14,2,2,2.7,2.0,64.0,DDR4,2,2,16,0,1,1,35.0,42.0,2144.0,1689.0
97,G3930TE,2017,14,2,2,2.7,2.0,64.0,DDR4,2,2,16,0,1,1,35.0,42.0,2284.0,1673.0
98,G3950,2017,14,2,2,3.0,2.0,64.0,DDR4,2,2,16,0,1,1,51.0,52.0,2399.0,1744.0
99,G460,2011,32,1,2,1.8,1.5,32.0,DDR3,1,2,1,1,1,1,35.0,37.0,598.0,712.0
100,G465,2012,32,1,2,1.9,1.5,32.0,DDR3,1,2,1,1,1,1,35.0,37.0,577.0,749.0
101,G470,2013,32,1,2,2.0,1.5,32.0,DDR3,1,2,1,1,1,1,35.0,37.0,687.0,931.0
102,G530,2011,32,2,2,2.4,2.0,32.0,DDR3,1,2,1,0,1,1,65.0,42.0,1188.0,1143.0
103,G540,2011,32,2,2,2.5,2.0,32.0,DDR3,1,2,1,0,1,1,65.0,40.0,1107.0,1115.0
104,G550,2012,32,2,2,2.6,2.0,32.0,DDR3,1,2,1,0,1,1,65.0,42.0,1220.0,1181.0
105,G555,2012,32,2,2,2.7,2.0,32.0,DDR3,1,2,1,0,1,1,65.0,52.0,1261.0,1267.0
106,J1800,2013,22,2,2,2.41,1.0,8.0,DDR3,1,2,4,0,1,1,10.0,72.0,636.0,692.0
107,J1900,2013,22,4,4,2.0,2.0,8.0,DDR3,1,2,4,0,1,1,10.0,82.0,1131.0,640.0
108,J3060,2016,14,2,2,1.6,2.0,8.0,DDR3,1,2,4,0,1,1,6.0,107.0,648.0,621.0
109,J3355,2016,14,2,2,2.0,2.0,8.0,DDR4,2,2,6,0,1,1,10.0,107.0,1186.0,796.0
110,J3455,2016,14,4,4,1.5,2.0,8.0,DDR4,2,2,6,0,1,1,10.0,107.0,2234.0,800.0
111,N2806,2013,22,2,2,1.6,1.0,4.0,DDR3,1,1,4,0,1,1,4.5,107.0,504.0,526.0
112,N2807,2014,22,2,2,1.58,1.0,4.0,DDR3,1,1,4,0,1,1,4.3,107.0,470.0,566.0
113,N2808,2014,22,2,2,1.58,1.0,4.0,DDR3,1,1,4,0,1,1,4.5,107.0,493.0,557.0
114,N2830,2014,22,2,2,2.16,1.0,8.0,DDR3,1,2,4,0,1,1,7.5,107.0,563.0,662.0
115,N2840,2014,22,2,2,2.16,1.0,8.0,DDR3,1,2,4,0,1,1,7.0,107.0,589.0,678.0
116,N2930,2014,22,4,4,1.83,2.0,8.0,DDR3,1,2,4,0,1,1,7.5,107.0,1000.0,589.0
117,N2940,2014,22,4,4,1.83,2.0,8.0,DDR3,1,2,4,0,1,1,7.5,107.0,1068.0,617.0
118,N3000,2015,14,2,2,1.04,2.0,8.0,DDR3,1,2,4,0,1,1,4.0,107.0,639.0,568.0
119,N3010,2016,14,2,2,1.04,2.0,8.0,DDR3,1,2,4,0,1,1,4.0,107.0,579.0,595.0
120,N3050,2015,14,2,2,1.6,2.0,8.0,DDR3,1,2,4,0,1,1,6.0,107.0,606.0,564.0
121,N3060,2016,14,2,2,1.6,2.0,8.0,DDR3,1,2,4,0,1,1,6.0,107.0,681.0,652.0
122,N3150,2015,14,4,4,1.6,2.0,8.0,DDR3,1,2,4,0,1,1,6.0,107.0,1195.0,567.0
123,N3160,2016,14,4,4,1.6,2.0,8.0,DDR3,1,2,4,0,1,1,6.0,107.0,1167.0,604.0
124,N3350,2016,14,2,2,1.1,2.0,8.0,DDR4,2,2,6,0,1,1,6.0,107.0,1107.0,800.0
125,N3450,2016,14,4,4,1.1,2.0,8.0,DDR4,2,2,6,0,1,1,6.0,107.0,1875.0,756.0
126,P4500,2010,32,2,2,1.86,2.0,8.0,DDR3,1,2,16,0,1,1,35.0,68.0,660.0,731.0
127,P4505,2010,32,2,2,1.86,2.0,8.0,DDR3,1,2,16,0,1,1,35.0,68.0,641.0,800.0
128,U3600,2011,32,2,2,1.2,2.0,8.0,DDR3,1,2,16,0,1,1,18.0,134.0,589.0,535.0
129,i3-2100,2011,32,2,4,3.1,3.0,32.0,DDR3,1,2,16,1,1,1,65.0,120.0,1765.0,1386.0
130,i3-2100T,2011,32,2,4,2.5,3.0,32.0,DDR3,1,2,16,1,1,1,35.0,132.0,1810.0,1112.0
131,i3-2105,2011,32,2,4,3.1,3.0,32.0,DDR3,1,2,16,1,1,1,65.0,134.0,1810.0,1271.0
132,i3-2120,2011,32,2,4,3.3,3.0,32.0,DDR3,1,2,16,1,1,1,65.0,110.0,1959.0,1538.0
133,i3-2120T,2011,32,2,4,2.6,3.0,32.0,DDR3,1,2,16,1,1,1,35.0,121.0,1479.0,1021.0
134,i3-2125,2011,32,2,4,3.3,3.0,32.0,DDR3,1,2,16,1,1,1,65.0,134.0,2160.0,1545.0
135,i3-2130,2011,32,2,4,3.4,3.0,32.0,DDR3,1,2,16,1,1,1,65.0,117.0,2039.0,1588.0
136,i3-2310E,2011,32,2,4,2.1,3.0,16.6,DDR3,1,2,16,1,1,1,35.0,187.0,1573.0,1127.0
137,i3-2330E,2011,32,2,4,2.2,3.0,16.6,DDR3,1,2,16,1,1,1,35.0,187.0,1813.0,1057.0
138,i3-2340UE,2011,32,2,4,1.3,3.0,16.6,DDR3,1,2,16,1,1,1,17.0,209.0,971.0,616.0
139,i3-2367M,2011,32,2,4,1.4,3.0,16.0,DDR3,1,2,16,1,1,1,17.0,250.0,993.0,600.0
140,i3-3110M,2012,22,2,4,2.4,3.0,32.0,DDR3,1,2,1,1,1,1,35.0,225.0,1605.0,1270.0
141,i3-3120M,2012,22,2,4,2.5,3.0,32.0,DDR3,1,2,1,1,1,1,35.0,225.0,1610.0,1228.0
142,i3-3210,2013,22,2,4,3.2,3.0,32.0,DDR3,1,2,1,1,1,1,55.0,117.0,2034.0,1657.0
143,i3-3217U,2012,22,2,4,1.8,3.0,32.0,DDR3,1,2,1,1,1,1,17.0,225.0,1175.0,903.0
144,i3-3217UE,2012,22,2,4,1.6,3.0,16.0,DDR3,1,2,1,1,1,1,17.0,221.0,1357.0,710.0
145,i3-3220,2012,22,2,4,3.3,3.0,32.0,DDR3,1,2,1,1,1,1,55.0,112.0,2205.0,1757.0
146,i3-3220T,2012,22,2,4,2.8,3.0,32.0,DDR3,1,2,1,1,1,1,35.0,117.0,2030.0,1535.0
147,i3-3225,2012,22,2,4,3.3,3.0,32.0,DDR3,1,2,1,1,1,1,55.0,134.0,2116.0,1616.0
148,i3-3227U,2013,22,2,4,1.9,3.0,32.0,DDR3,1,2,1,1,1,1,17.0,225.0,1297.0,1003.0
149,i3-3240,2012,22,2,4,3.4,3.0,32.0,DDR3,1,2,1,1,1,1,55.0,117.0,2306.0,1793.0
150,i3-3240T,2012,22,2,4,2.9,3.0,32.0,DDR3,1,2,1,1,1,1,35.0,117.0,2076.0,1504.0
151,i3-3245,2013,22,2,4,3.4,3.0,32.0,DDR3,1,2,1,1,1,1,55.0,134.0,2936.0,1878.0
152,i3-3250,2013,22,2,4,3.5,3.0,32.0,DDR3,1,2,1,1,1,1,55.0,117.0,2420.0,1807.0
153,i3-3250T,2013,22,2,4,3.0,3.0,32.0,DDR3,1,2,1,1,1,1,35.0,117.0,2641.0,1682.0
154,i3-330E,2010,32,2,4,2.13,3.0,8.79,DDR3,1,2,16,1,1,1,35.0,138.0,1249.0,959.0
155,i3-330M,2010,32,2,4,2.13,3.0,8.0,DDR3,1,2,16,1,1,1,35.0,177.0,944.0,758.0
156,i3-4000M,2013,22,2,4,2.4,3.0,32.0,DDR3,1,2,16,1,1,1,37.0,225.0,1836.0,1345.0
157,i3-4005U,2013,22,2,4,1.7,3.0,16.0,DDR3,1,2,10,1,1,1,15.0,275.0,1693.0,939.0
158,i3-4010U,2013,22,2,4,1.7,3.0,16.0,DDR3,1,2,12,1,1,1,15.0,281.0,1706.0,952.0
159,i3-4010Y,2013,22,2,4,1.3,3.0,16.0,DDR3,1,2,12,1,1,1,11.5,281.0,1337.0,721.0
160,i3-4012Y,2013,22,2,4,1.5,3.0,16.0,DDR3,1,2,12,1,1,1,11.5,281.0,1421.0,781.0
161,i3-4020Y,2013,22,2,4,1.5,3.0,16.0,DDR3,1,2,12,1,1,1,11.5,281.0,1502.0,800.0
162,i3-4025U,2014,22,2,4,1.9,3.0,16.0,DDR3,1,2,10,1,1,1,15.0,275.0,1930.0,1076.0
163,i3-4030U,2014,22,2,4,1.9,3.0,16.0,DDR3,1,2,12,1,1,1,15.0,281.0,1894.0,1053.0
164,i3-4030Y,2014,22,2,4,1.6,3.0,16.0,DDR3,1,2,12,1,1,1,11.5,281.0,1657.0,856.0
165,i3-4100M,2013,22,2,4,2.5,3.0,32.0,DDR3,1,2,16,1,1,1,37.0,225.0,2493.0,1404.0
166,i3-4110M,2014,22,2,4,2.6,3.0,32.0,DDR3,1,2,16,1,1,1,37.0,225.0,2613.0,1298.0
167,i3-4120U,2014,22,2,4,2.0,3.0,16.0,DDR3,1,2,12,1,1,1,15.0,281.0,1987.0,1164.0
168,i3-4130,2013,22,2,4,3.4,3.0,32.0,DDR3,1,2,16,1,1,1,54.0,117.0,3297.0,1905.0
169,i3-4130T,2013,22,2,4,2.9,3.0,32.0,DDR3,1,2,16,1,1,1,35.0,117.0,2792.0,1642.0
170,i3-4150,2014,22,2,4,3.5,3.0,32.0,DDR3,1,2,16,1,1,1,54.0,117.0,3339.0,1963.0
171,i3-4150T,2014,22,2,4,3.0,3.0,32.0,DDR3,1,2,16,1,1,1,35.0,117.0,2612.0,1412.0
172,i3-4158U,2013,22,2,4,2.0,3.0,16.0,DDR3,1,2,12,1,1,1,28.0,315.0,1753.0,994.0
173,i3-4160,2014,22,2,4,3.6,3.0,32.0,DDR3,1,2,16,1,1,1,54.0,117.0,3439.0,2010.0
174,i3-4160T,2014,22,2,4,3.1,3.0,32.0,DDR3,1,2,16,1,1,1,35.0,117.0,3094.0,1753.0
175,i3-4170,2015,22,2,4,3.7,3.0,32.0,DDR3,1,2,16,1,1,1,54.0,117.0,3593.0,2111.0
176,i3-4170T,2015,22,2,4,3.2,3.0,32.0,DDR3,1,2,16,1,1,1,35.0,117.0,3210.0,1814.0
177,i3-4330,2013,22,2,4,3.5,4.0,32.0,DDR3,1,2,16,1,1,1,54.0,138.0,3562.0,2026.0
178,i3-4330T,2013,22,2,4,3.0,4.0,32.0,DDR3,1,2,16,1,1,1,35.0,138.0,3118.0,1724.0
179,i3-4330TE,2013,22,2,4,2.4,4.0,32.0,DDR3,1,2,16,1,1,1,35.0,122.0,2532.0,1410.0
180,i3-4340,2013,22,2,4,3.6,4.0,32.0,DDR3,1,2,16,1,1,1,54.0,149.0,3620.0,2074.0
181,i3-4350,2014,22,2,4,3.6,4.0,32.0,DDR3,1,2,16,1,1,1,54.0,138.0,3179.0,1697.0
182,i3-4350T,2014,22,2,4,3.1,4.0,32.0,DDR3,1,2,16,1,1,1,35.0,138.0,3188.0,1775.0
183,i3-4360,2014,22,2,4,3.7,4.0,32.0,DDR3,1,2,16,1,1,1,54.0,138.0,3527.0,2056.0
184,i3-4360T,2014,22,2,4,3.2,4.0,32.0,DDR3,1,2,16,1,1,1,35.0,138.0,3205.0,1867.0
185,i3-4370,2014,22,2,4,3.8,4.0,32.0,DDR3,1,2,16,1,1,1,54.0,138.0,3890.0,2141.0
186,i3-4370T,2015,22,2,4,3.3,4.0,32.0,DDR3,1,2,16,1,1,1,35.0,138.0,3405.0,1918.0
187,i3-5005U,2015,14,2,4,2.0,3.0,16.0,DDR3,1,2,12,1,1,1,15.0,275.0,2054.0,1157.0
188,i3-5010U,2015,14,2,4,2.1,3.0,16.0,DDR3,1,2,12,1,1,1,15.0,281.0,2201.0,1268.0
189,i3-5015U,2015,14,2,4,2.1,3.0,16.0,DDR3,1,2,12,1,1,1,15.0,275.0,2080.0,1206.0
190,i3-5020U,2015,14,2,4,2.2,3.0,16.0,DDR3,1,2,12,1,1,1,15.0,281.0,2251.0,1321.0
191,i3-5157U,2015,14,2,4,2.5,3.0,16.0,DDR3,1,2,12,1,1,1,28.0,315.0,2524.0,1427.0
192,i3-530,2010,32,2,4,2.93,4.0,16.38,DDR3,1,2,16,1,1,1,73.0,117.0,1464.0,1203.0
193,i3-540,2010,32,2,4,3.06,4.0,16.38,DDR3,1,2,16,1,1,1,73.0,109.0,1526.0,1301.0
194,i3-550,2010,32,2,4,3.2,4.0,16.38,DDR3,1,2,16,1,1,1,73.0,117.0,1584.0,1344.0
195,i3-560,2010,32,2,4,3.33,4.0,16.38,DDR3,1,2,16,1,1,1,73.0,117.0,1620.0,1353.0
196,i3-6006U,2016,14,2,4,2.0,3.0,32.0,DDR4,2,2,12,1,1,1,15.0,281.0,2278.0,1181.0
197,i3-6098P,2015,14,2,4,3.6,3.0,64.0,DDR4,2,2,16,1,1,1,54.0,117.0,4152.0,2080.0
198,i3-6100,2015,14,2,4,3.7,3.0,64.0,DDR4,2,2,16,1,1,1,51.0,117.0,4183.0,2256.0
199,i3-6100E,2015,14,2,4,2.7,3.0,64.0,DDR4,2,2,16,1,1,1,35.0,225.0,3355.0,1707.0
200,i3-6100H,2015,14,2,4,2.7,3.0,64.0,DDR4,2,2,16,1,1,1,35.0,225.0,3265.0,1674.0
201,i3-6100T,2015,14,2,4,3.2,3.0,64.0,DDR4,2,2,16,1,1,1,35.0,117.0,3692.0,1996.0
202,i3-6100TE,2015,14,2,4,2.7,4.0,64.0,DDR4,2,2,16,1,1,1,35.0,117.0,3394.0,1680.0
203,i3-6100U,2015,14,2,4,2.3,3.0,32.0,DDR4,2,2,12,1,1,1,15.0,281.0,2591.0,1365.0
204,i3-6102E,2015,14,2,4,1.9,3.0,64.0,DDR4,2,2,16,1,1,1,25.0,225.0,2455.0,1206.0
205,i3-6157U,2016,14,2,4,2.4,3.0,32.0,DDR4,2,2,12,1,1,1,28.0,304.0,2697.0,1331.0
206,i3-6300,2015,14,2,4,3.8,4.0,64.0,DDR4,2,2,16,1,1,1,51.0,138.0,4441.0,2343.0
207,i3-6300T,2015,14,2,4,3.3,4.0,64.0,DDR4,2,2,16,1,1,1,35.0,138.0,4057.0,2063.0
208,i3-6320,2015,14,2,4,3.9,4.0,64.0,DDR4,2,2,16,1,1,1,51.0,149.0,4672.0,2401.0
209,i3-7100,2017,14,2,4,3.9,3.0,64.0,DDR4,2,2,16,1,1,1,51.0,117.0,4290.0,2293.0
210,i3-7100H,2017,14,2,4,3.0,3.0,64.0,DDR3,1,2,16,1,1,1,35.0,225.0,3464.0,1778.0
211,i3-7100T,2017,14,2,4,3.4,3.0,64.0,DDR4,2,2,16,1,1,1,35.0,117.0,3726.0,2012.0
212,i3-7100U,2016,14,2,4,2.4,3.0,32.0,DDR4,2,2,12,1,1,1,15.0,281.0,2756.0,1401.0
213,i3-7101TE,2017,14,2,4,3.4,3.0,64.0,DDR4,2,2,16,1,1,1,35.0,117.0,3999.0,2105.0
214,i3-7102E,2017,14,2,4,2.1,3.0,64.0,DDR4,2,2,16,1,1,1,25.0,225.0,2531.0,1289.0
215,i3-7300,2017,14,2,4,4.0,4.0,64.0,DDR4,2,2,16,1,1,1,51.0,138.0,4927.0,2467.0
216,i3-7300T,2017,14,2,4,3.5,4.0,64.0,DDR4,2,2,16,1,1,1,35.0,138.0,4164.0,2055.0
217,i3-7320,2017,14,2,4,4.1,4.0,64.0,DDR4,2,2,16,1,1,1,51.0,149.0,4936.0,2436.0
218,i3-7350K,2017,14,2,4,4.2,4.0,64.0,DDR4,2,2,16,1,1,1,60.0,168.0,5100.0,2624.0
219,i5-2300,2011,32,4,4,2.8,6.0,32.0,DDR3,1,2,16,0,1,1,95.0,187.0,3443.0,1423.0
220,i5-2320,2011,32,4,4,3.0,6.0,32.0,DDR3,1,2,16,0,1,1,95.0,177.0,3622.0,1545.0
221,i5-2380P,2012,32,4,4,3.1,6.0,32.0,DDR3,1,2,16,0,1,1,95.0,187.0,3699.0,1592.0
222,i5-2400,2011,32,4,4,3.1,6.0,32.0,DDR3,1,2,16,0,1,1,95.0,174.0,3765.0,1559.0
223,i5-2450P,2012,32,4,4,3.2,6.0,32.0,DDR3,1,2,16,0,1,1,95.0,205.0,3556.0,1626.0
224,i5-2510E,2011,32,2,4,2.5,3.0,16.6,DDR3,1,2,16,1,1,1,35.0,236.0,1751.0,1152.0
225,i5-2515E,2011,32,2,4,2.5,3.0,16.6,DDR3,1,2,16,1,1,1,35.0,250.0,1871.0,1182.0
226,i5-2540M,2011,32,2,4,2.6,3.0,16.0,DDR3,1,2,16,1,1,1,35.0,269.0,2197.0,1322.0
227,i5-2550K,2012,32,4,4,3.4,6.0,32.0,DDR3,1,2,16,0,1,1,95.0,235.0,3449.0,1624.0
228,i5-3317U,2012,22,2,4,1.7,3.0,32.0,DDR3,1,2,1,1,1,1,17.0,225.0,1966.0,1263.0
229,i5-3320M,2012,22,2,4,2.6,3.0,32.0,DDR3,1,2,1,1,1,1,35.0,225.0,2620.0,1602.0
230,i5-3330,2012,22,4,4,3.0,6.0,32.0,DDR3,1,2,1,0,1,1,77.0,182.0,4107.0,1723.0
231,i5-3330S,2012,22,4,4,2.7,6.0,32.0,DDR3,1,2,1,0,1,1,65.0,182.0,3824.0,1633.0
232,i5-3337U,2013,22,2,4,1.8,3.0,32.0,DDR3,1,2,1,1,1,1,17.0,225.0,2117.0,1297.0
233,i5-3340,2013,22,4,4,3.1,6.0,32.0,DDR3,1,2,1,0,1,1,77.0,182.0,4260.0,1788.0
234,i5-3340M,2013,22,2,4,2.7,3.0,32.0,DDR3,1,2,1,1,1,1,35.0,225.0,2753.0,1715.0
235,i5-3340S,2013,22,4,4,2.8,6.0,32.0,DDR3,1,2,1,0,1,1,65.0,182.0,3862.0,1728.0
236,i5-3350P,2012,22,4,4,3.1,6.0,32.23,DDR3,1,2,1,0,1,1,69.0,177.0,4228.0,1774.0
237,i5-3360M,2012,22,2,4,2.8,3.0,32.0,DDR3,1,2,1,1,1,1,35.0,266.0,2951.0,1834.0
238,i5-3380M,2013,22,2,4,2.9,3.0,32.0,DDR3,1,2,1,1,1,1,35.0,266.0,2979.0,1875.0
239,i5-3427U,2012,22,2,4,1.8,3.0,32.0,DDR3,1,2,1,1,1,1,17.0,225.0,2348.0,1459.0
240,i5-3450,2012,22,4,4,3.1,6.0,32.0,DDR3,1,2,1,0,1,1,77.0,195.0,4436.0,1876.0
241,i5-3450S,2012,22,4,4,2.8,6.0,32.0,DDR3,1,2,1,0,1,1,65.0,184.0,4089.0,1825.0
242,i5-3470,2012,22,4,4,3.2,6.0,32.0,DDR3,1,2,1,0,1,1,77.0,184.0,4665.0,1928.0
243,i5-3470T,2012,22,2,4,2.9,3.0,32.0,DDR3,1,2,1,1,1,1,35.0,184.0,2985.0,1906.0
244,i5-3475S,2012,22,4,4,2.9,6.0,32.0,DDR3,1,2,1,0,1,1,65.0,201.0,4385.0,1866.0
245,i5-3550,2012,22,4,4,3.3,6.0,32.0,DDR3,1,2,1,0,1,1,77.0,205.0,4771.0,2003.0
246,i5-3550S,2012,22,4,4,3.0,6.0,32.0,DDR3,1,2,1,0,1,1,65.0,197.0,4442.0,1994.0
247,i5-3570,2012,22,4,4,3.4,6.0,32.0,DDR3,1,2,1,0,1,1,77.0,213.0,4908.0,2045.0
248,i5-3570K,2012,22,4,4,3.4,6.0,32.0,DDR3,1,2,1,0,1,1,77.0,225.0,4907.0,2028.0
249,i5-3570S,2012,22,4,4,3.1,6.0,32.0,DDR3,1,2,1,0,1,1,65.0,205.0,4449.0,1982.0
250,i5-3570T,2012,22,4,4,2.3,6.0,32.0,DDR3,1,2,1,0,1,1,45.0,205.0,4177.0,1773.0
251,i5-3610ME,2012,22,2,4,2.7,3.0,16.0,DDR3,1,2,1,1,1,1,35.0,235.0,2614.0,1674.0
252,i5-4200H,2013,22,2,4,2.8,3.0,32.0,DDR3,1,2,16,1,1,1,47.0,225.0,3083.0,1756.0
253,i5-4200M,2013,22,2,4,2.5,3.0,32.0,DDR3,1,2,16,1,1,1,37.0,225.0,2819.0,1626.0
254,i5-4200U,2013,22,2,4,1.6,3.0,16.0,DDR3,1,2,12,1,1,1,15.0,281.0,2180.0,1318.0
255,i5-4200Y,2013,22,2,4,1.4,3.0,16.0,DDR3,1,2,12,1,1,1,11.5,281.0,1590.0,933.0
256,i5-4202Y,2013,22,2,4,1.6,3.0,16.0,DDR3,1,2,12,1,1,1,11.5,281.0,1445.0,903.0
257,i5-4210H,2014,22,2,4,2.9,3.0,32.0,DDR3,1,2,16,1,1,1,47.0,225.0,2615.0,1516.0
258,i5-4210M,2014,22,2,4,2.6,3.0,32.0,DDR3,1,2,16,1,1,1,37.0,225.0,2823.0,1678.0
259,i5-4210U,2014,22,2,4,1.7,3.0,16.0,DDR3,1,2,12,1,1,1,15.0,281.0,2292.0,1388.0
260,i5-4210Y,2013,22,2,4,1.5,3.0,16.0,DDR3,1,2,12,1,1,1,11.0,281.0,1652.0,1039.0
261,i5-4220Y,2014,22,2,4,1.6,3.0,16.0,DDR3,1,2,12,1,1,1,11.5,281.0,1428.0,740.0
262,i5-4250U,2013,22,2,4,1.3,3.0,16.0,DDR3,1,2,12,1,1,1,15.0,315.0,2319.0,1312.0
263,i5-4258U,2013,22,2,4,2.4,3.0,16.0,DDR3,1,2,12,1,1,1,28.0,315.0,2757.0,1554.0
264,i5-4260U,2014,22,2,4,1.4,3.0,16.0,DDR3,1,2,12,1,1,1,15.0,315.0,2497.0,1559.0
265,i5-4278U,2014,22,2,4,2.6,3.0,16.0,DDR3,1,2,12,1,1,1,28.0,315.0,3100.0,1782.0
266,i5-4288U,2013,22,2,4,2.6,3.0,16.0,DDR3,1,2,12,1,1,1,28.0,315.0,2773.0,1703.0
267,i5-4300M,2013,22,2,4,2.6,3.0,32.0,DDR3,1,2,16,1,1,1,37.0,225.0,3030.0,1816.0
268,i5-4300U,2013,22,2,4,1.9,3.0,16.0,DDR3,1,2,12,1,1,1,15.0,281.0,2524.0,1540.0
269,i5-4300Y,2013,22,2,4,1.6,3.0,16.0,DDR3,1,2,12,1,1,1,11.5,281.0,1602.0,1013.0
270,i5-4308U,2014,22,2,4,2.8,3.0,16.0,DDR3,1,2,12,1,1,1,28.0,315.0,2674.0,1372.0
271,i5-4310U,2014,22,2,4,2.0,3.0,16.0,DDR3,1,2,12,1,1,1,15.0,281.0,2440.0,1500.0
272,i5-4330M,2013,22,2,4,2.8,3.0,32.0,DDR3,1,2,16,1,1,1,37.0,266.0,3191.0,1940.0
273,i5-4340M,2014,22,2,4,2.9,3.0,32.0,DDR3,1,2,16,1,1,1,37.0,266.0,3332.0,1871.0
274,i5-4350U,2013,22,2,4,1.4,3.0,16.0,DDR3,1,2,12,1,1,1,15.0,315.0,2352.0,1482.0
275,i5-4400E,2013,22,2,4,2.7,3.0,16.0,DDR3,1,2,16,1,1,1,37.0,266.0,3293.0,1818.0
276,i5-4402E,2013,22,2,4,1.6,3.0,16.0,DDR3,1,2,16,1,1,1,25.0,266.0,2716.0,1522.0
277,i5-4422E,2014,22,2,4,1.8,3.0,16.0,DDR3,1,2,16,1,1,1,25.0,266.0,1931.0,1057.0
278,i5-4430,2013,22,4,4,3.0,6.0,32.0,DDR3,1,2,16,0,1,1,84.0,182.0,4669.0,1815.0
279,i5-4430S,2013,22,4,4,2.7,6.0,32.0,DDR3,1,2,16,0,1,1,65.0,182.0,4350.0,1806.0
280,i5-4440,2013,22,4,4,3.1,6.0,32.0,DDR3,1,2,16,0,1,1,84.0,182.0,4629.0,1842.0
281,i5-4440S,2013,22,4,4,2.8,6.0,32.0,DDR3,1,2,16,0,1,1,65.0,182.0,4401.0,1838.0
282,i5-4460,2014,22,4,4,3.2,6.0,32.0,DDR3,1,2,16,0,1,1,84.0,182.0,4770.0,1886.0
283,i5-4460S,2014,22,4,4,2.9,6.0,32.0,DDR3,1,2,16,0,1,1,65.0,182.0,4350.0,1777.0
284,i5-4460T,2014,22,4,4,1.9,6.0,32.0,DDR3,1,2,16,0,1,1,35.0,182.0,3644.0,1479.0
285,i5-4570,2013,22,4,4,3.2,6.0,32.0,DDR3,1,2,16,0,1,1,84.0,192.0,5148.0,2011.0
286,i5-4570R,2013,22,4,4,2.7,4.0,32.0,DDR3,1,2,16,0,1,1,65.0,255.0,4856.0,1869.0
287,i5-4570S,2013,22,4,4,2.9,6.0,32.0,DDR3,1,2,16,0,1,1,65.0,192.0,5012.0,2031.0
288,i5-4570T,2013,22,2,4,2.9,4.0,32.0,DDR3,1,2,16,1,1,1,35.0,192.0,3283.0,1952.0
289,i5-4570TE,2013,22,2,4,2.7,4.0,32.0,DDR3,1,2,16,1,1,1,35.0,192.0,3199.0,1917.0
290,i5-4590,2014,22,4,4,3.3,6.0,32.0,DDR3,1,2,16,0,1,1,84.0,192.0,5304.0,2081.0
291,i5-4590S,2014,22,4,4,3.0,6.0,32.0,DDR3,1,2,16,0,1,1,65.0,192.0,5184.0,2090.0
292,i5-4590T,2014,22,4,4,2.0,6.0,32.0,DDR3,1,2,16,0,1,1,35.0,192.0,4144.0,1684.0
293,i5-4670,2013,22,4,4,3.4,6.0,32.0,DDR3,1,2,16,0,1,1,84.0,213.0,5514.0,2146.0
294,i5-4670K,2013,22,4,4,3.4,6.0,32.0,DDR3,1,2,16,0,1,1,84.0,242.0,5590.0,2158.0
295,i5-4670K,2013,22,4,4,3.4,6.0,32.0,DDR3,1,2,16,0,1,1,84.0,242.0,5590.0,2158.0
296,i5-4670R,2013,22,4,4,3.0,4.0,32.0,DDR3,1,2,16,0,1,1,65.0,276.0,5314.0,2157.0
297,i5-4670S,2013,22,4,4,3.1,6.0,32.0,DDR3,1,2,16,0,1,1,65.0,213.0,5329.0,2144.0
298,i5-4670T,2013,22,4,4,2.3,6.0,32.0,DDR3,1,2,16,0,1,1,45.0,213.0,4317.0,1735.0
299,i5-4690,2014,22,4,4,3.5,6.0,32.0,DDR3,1,2,16,0,1,1,84.0,213.0,5550.0,2181.0
300,i5-4690K,2014,22,4,4,3.5,6.0,32.0,DDR3,1,2,16,0,1,1,88.0,242.0,5455.0,2135.0
301,i5-4690S,2014,22,4,4,3.2,6.0,32.0,DDR3,1,2,16,0,1,1,65.0,213.0,5285.0,2207.0
302,i5-4690T,2014,22,4,4,2.5,6.0,32.0,DDR3,1,2,16,0,1,1,45.0,213.0,4296.0,1908.0
303,i5-5200U,2015,14,2,4,2.2,3.0,16.0,DDR3,1,2,12,1,1,1,15.0,281.0,2530.0,1536.0
304,i5-520M,2010,32,2,4,2.4,3.0,8.3,DDR3,1,2,16,1,1,1,35.0,210.0,1678.0,1087.0
305,i5-5250U,2015,14,2,4,1.6,3.0,16.0,DDR3,1,2,12,1,1,1,15.0,315.0,2513.0,1523.0
306,i5-5257U,2015,14,2,4,2.7,3.0,16.0,DDR3,1,2,12,1,1,1,23.0,315.0,3269.0,1883.0
307,i5-5287U,2015,14,2,4,2.9,3.0,16.0,DDR3,1,2,12,1,1,1,28.0,315.0,3225.0,1906.0
308,i5-5300U,2015,14,2,4,2.3,3.0,16.0,DDR3,1,2,12,1,1,1,15.0,281.0,2721.0,1656.0
309,i5-5350U,2015,14,2,4,1.8,3.0,16.0,DDR3,1,2,12,1,1,1,15.0,315.0,2677.0,1472.0
310,i5-540M,2010,32,2,4,2.53,3.0,8.0,DDR3,1,2,16,1,1,1,35.0,269.0,1667.0,1119.0
311,i5-5575R,2015,14,4,4,2.8,4.0,32.0,DDR3,1,2,16,0,1,1,65.0,244.0,5387.0,1971.0
312,i5-5675C,2015,14,4,4,3.1,4.0,32.0,DDR3,1,2,16,0,1,1,65.0,276.0,5886.0,2157.0
313,i5-5675R,2015,14,4,4,3.1,4.0,32.0,DDR3,1,2,16,0,1,1,65.0,265.0,5757.0,2151.0
314,i5-6200U,2015,14,2,4,2.3,3.0,32.0,DDR4,2,2,12,1,1,1,15.0,281.0,3008.0,1601.0
315,i5-6260U,2015,14,2,4,1.8,4.0,32.0,DDR4,2,2,12,1,1,1,15.0,304.0,3179.0,1700.0
316,i5-6267U,2015,14,2,4,2.9,4.0,32.0,DDR4,2,2,12,1,1,1,28.0,304.0,2903.0,1607.0
317,i5-6287U,2015,14,2,4,3.1,4.0,32.0,DDR4,2,2,12,1,1,1,28.0,304.0,3449.0,1854.0
318,i5-6300HQ,2015,14,4,4,2.3,6.0,64.0,DDR4,2,2,16,0,1,1,45.0,250.0,4640.0,1763.0
319,i5-6300U,2015,14,2,4,2.4,3.0,32.0,DDR4,2,2,12,1,1,1,15.0,281.0,3295.0,1738.0
320,i5-6360U,2015,14,2,4,2.0,4.0,32.0,DDR4,2,2,12,1,1,1,15.0,304.0,3212.0,1705.0
321,i5-6400,2015,14,4,4,2.7,6.0,64.0,DDR4,2,2,16,0,1,1,65.0,182.0,5150.0,1968.0
322,i5-6400T,2015,14,4,4,2.2,6.0,64.0,DDR4,2,2,16,0,1,1,35.0,182.0,4458.0,1718.0
323,i5-6402P,2015,14,4,4,2.8,6.0,64.0,DDR4,2,2,16,0,1,1,65.0,182.0,5712.0,2127.0
324,i5-6440EQ,2015,14,4,4,2.7,6.0,64.0,DDR4,2,2,16,0,1,1,45.0,250.0,5432.0,1966.0
325,i5-6440HQ,2015,14,4,4,2.6,6.0,64.0,DDR4,2,2,16,0,1,1,45.0,250.0,5319.0,2051.0
326,i5-6442EQ,2015,14,4,4,1.9,6.0,64.0,DDR4,2,2,16,0,1,1,25.0,250.0,4573.0,1708.0
327,i5-650,2010,32,2,4,3.2,4.0,16.38,DDR3,1,2,16,1,1,1,73.0,177.0,2224.0,1388.0
328,i5-6500,2015,14,4,4,3.2,6.0,64.0,DDR4,2,2,16,0,1,1,65.0,192.0,5669.0,2126.0
329,i5-6500T,2015,14,4,4,2.5,6.0,64.0,DDR4,2,2,16,0,1,1,35.0,192.0,4973.0,1909.0
330,i5-6500TE,2015,14,4,4,2.3,6.0,64.0,DDR4,2,2,16,0,1,1,35.0,192.0,5217.0,1932.0
331,i5-655K,2010,32,2,4,3.2,4.0,16.38,DDR3,1,2,16,1,1,1,73.0,177.0,1999.0,1484.0
332,i5-660,2010,32,2,4,3.33,4.0,16.38,DDR3,1,2,16,1,1,1,73.0,177.0,2289.0,1463.0
333,i5-6600,2015,14,4,4,3.3,6.0,64.0,DDR4,2,2,16,0,1,1,65.0,213.0,6191.0,2297.0
334,i5-6600K,2015,14,4,4,3.5,6.0,64.0,DDR4,2,2,16,0,1,1,91.0,242.0,6247.0,2304.0
335,i5-6600T,2015,14,4,4,2.7,6.0,64.0,DDR4,2,2,16,0,1,1,35.0,213.0,5594.0,2116.0
336,i5-661,2010,32,2,4,3.33,4.0,16.38,DDR3,1,2,16,1,1,1,87.0,177.0,2352.0,1458.0
337,i5-670,2010,32,2,4,3.46,4.0,16.6,DDR3,1,2,16,1,1,1,73.0,305.0,2346.0,1583.0
338,i5-680,2010,32,2,4,3.6,4.0,16.6,DDR3,1,2,16,1,1,1,73.0,305.0,2428.0,1625.0
339,i5-7200U,2016,14,2,4,2.5,3.0,32.0,DDR4,2,2,12,1,1,1,15.0,281.0,3366.0,1772.0
340,i5-7260U,2017,14,2,4,2.2,4.0,32.0,DDR4,2,2,12,1,1,1,15.0,304.0,4159.0,2098.0
341,i5-7300HQ,2017,14,4,4,2.5,6.0,64.0,DDR4,2,2,16,0,1,1,45.0,250.0,5143.0,1992.0
342,i5-7300U,2017,14,2,4,2.6,3.0,32.0,DDR4,2,2,12,1,1,1,15.0,281.0,3767.0,2020.0
343,i5-7360U,2017,14,2,4,2.3,4.0,32.0,DDR4,2,2,12,1,1,1,15.0,304.0,4326.0,2192.0
344,i5-7400,2017,14,4,4,3.0,6.0,64.0,DDR4,2,2,16,0,1,1,65.0,182.0,5517.0,2106.0
345,i5-7400T,2017,14,4,4,2.4,6.0,64.0,DDR4,2,2,16,0,1,1,35.0,182.0,4324.0,1813.0
346,i5-7442EQ,2017,14,4,4,2.1,6.0,64.0,DDR4,2,2,16,0,1,1,25.0,250.0,4853.0,1815.0
347,i5-750,2009,45,4,4,2.66,8.0,16.0,DDR3,1,2,16,0,1,1,95.0,193.0,2424.0,1216.0
348,i5-7500,2017,14,4,4,3.4,6.0,64.0,DDR4,2,2,16,0,1,1,65.0,192.0,6187.0,2290.0
349,i5-7500T,2017,14,4,4,2.7,6.0,64.0,DDR4,2,2,16,0,1,1,35.0,192.0,5432.0,1998.0
350,i5-760,2010,45,4,4,2.8,8.0,16.0,DDR3,1,2,16,0,1,1,95.0,213.0,2562.0,1296.0
351,i5-7600,2017,14,4,4,3.5,6.0,64.0,DDR4,2,2,16,0,1,1,65.0,213.0,6610.0,2467.0
352,i5-7600K,2017,14,4,4,3.8,6.0,64.0,DDR4,2,2,16,0,1,1,91.0,242.0,6732.0,2539.0
353,i5-7600T,2017,14,4,4,2.8,6.0,64.0,DDR4,2,2,16,0,1,1,35.0,213.0,6252.0,2256.0
354,i5-7640X,2017,14,4,4,4.0,6.0,64.0,DDR4,2,2,16,0,1,1,112.0,242.0,6119.0,2431.0
355,i5-7Y54,2016,14,2,4,1.2,4.0,16.0,DDR3,1,2,10,1,1,1,4.5,281.0,2757.0,1669.0
356,i5-7Y57,2017,14,2,4,1.2,4.0,16.0,DDR3,1,2,10,1,1,1,4.5,281.0,2939.0,1721.0
357,i5-8250U,2017,14,4,8,1.6,6.0,32.0,DDR4,2,2,12,1,1,1,15.0,297.0,6203.0,1991.0
358,i5-8350U,2017,14,4,8,1.7,6.0,32.0,DDR4,2,2,12,1,1,1,15.0,297.0,6504.0,2088.0
359,i7-2600,2011,32,4,8,3.4,8.0,32.0,DDR3,1,2,16,1,1,1,95.0,261.0,5342.0,1735.0
360,i7-2610UE,2011,32,2,4,1.5,4.0,16.6,DDR3,1,2,16,1,1,1,17.0,280.0,1402.0,966.0
361,i7-2655LE,2011,32,2,4,2.2,4.0,16.6,DDR3,1,2,16,1,1,1,25.0,306.0,1917.0,1283.0
362,i7-2710QE,2011,32,4,8,2.1,6.0,16.6,DDR3,1,2,20,1,1,1,45.0,295.0,3683.0,1375.0
363,i7-2715QE,2011,32,4,8,2.1,6.0,16.6,DDR3,1,2,16,1,1,1,45.0,295.0,3204.0,1279.0
364,i7-2760QM,2011,32,4,8,2.4,6.0,32.0,DDR3,1,2,16,1,1,1,45.0,378.0,4278.0,1576.0
365,i7-2820QM,2011,32,4,8,2.3,8.0,32.0,DDR3,1,2,16,1,1,1,45.0,570.0,4423.0,1556.0
366,i7-2860QM,2011,32,4,8,2.5,8.0,32.0,DDR3,1,2,16,1,1,1,45.0,568.0,4531.0,1605.0
367,i7-3517UE,2012,22,2,4,1.7,4.0,16.0,DDR3,1,2,16,1,1,1,17.0,280.0,2133.0,1204.0
368,i7-3520M,2012,22,2,4,2.9,4.0,32.0,DDR3,1,2,16,1,1,1,35.0,346.0,2868.0,1712.0
369,i7-3537U,2013,22,2,4,2.0,4.0,32.0,DDR3,1,2,16,1,1,1,17.0,346.0,2330.0,1418.0
370,i7-3540M,2013,22,2,4,3.0,4.0,32.0,DDR3,1,2,16,1,1,1,35.0,346.0,2855.0,1804.0
371,i7-3555LE,2012,22,2,4,2.5,4.0,16.0,DDR3,1,2,16,1,1,1,25.0,306.0,1873.0,979.0
372,i7-3610QE,2012,22,4,8,2.3,6.0,32.23,DDR3,1,2,16,1,1,1,45.0,335.0,4714.0,1651.0
373,i7-3610QM,2012,22,4,8,2.3,6.0,32.0,DDR3,1,2,16,1,1,1,45.0,378.0,5233.0,1679.0
374,i7-3612QE,2012,22,4,8,2.1,6.0,16.11,DDR3,1,2,16,1,1,1,35.0,363.0,4667.0,1662.0
375,i7-3615QE,2012,22,4,8,2.3,6.0,16.11,DDR3,1,2,16,1,1,1,45.0,335.0,5165.0,1722.0
376,i7-3615QM,2012,22,4,8,2.3,6.0,32.0,DDR3,1,2,16,1,1,1,45.0,378.0,4871.0,1662.0
377,i7-3630QM,2012,22,4,8,2.4,6.0,32.0,DDR3,1,2,16,1,1,1,45.0,378.0,5103.0,1673.0
378,i7-3667U,2012,22,2,4,2.0,4.0,32.0,DDR3,1,2,16,1,1,1,17.0,346.0,2610.0,1616.0
379,i7-3687U,2013,22,2,4,2.1,4.0,32.0,DDR3,1,2,16,1,1,1,17.0,346.0,2701.0,1642.0
380,i7-3720QM,2012,22,4,8,2.6,6.0,32.0,DDR3,1,2,16,1,1,1,45.0,378.0,5713.0,1860.0
381,i7-3740QM,2012,22,4,8,2.7,6.0,32.0,DDR3,1,2,16,1,1,1,45.0,378.0,5747.0,1905.0
382,i7-3770,2012,22,4,8,3.4,8.0,32.0,DDR3,1,2,1,1,1,1,77.0,272.0,6372.0,2062.0
383,i7-3770K,2012,22,4,8,3.5,8.0,32.0,DDR3,1,2,1,1,1,1,77.0,332.0,6436.0,2076.0
384,i7-3770S,2012,22,4,8,3.1,8.0,32.0,DDR3,1,2,1,1,1,1,65.0,294.0,6174.0,2012.0
385,i7-3770T,2012,22,4,8,2.5,8.0,32.0,DDR3,1,2,1,1,1,1,45.0,294.0,5364.0,1965.0
386,i7-3820,2012,32,4,8,3.6,10.0,64.23,DDR3,1,4,40,1,1,1,130.0,305.0,5891.0,1783.0
387,i7-3820QM,2012,22,4,8,2.7,8.0,32.0,DDR3,1,2,16,1,1,1,45.0,568.0,5430.0,1895.0
388,i7-3840QM,2012,22,4,8,2.8,8.0,32.0,DDR3,1,2,16,1,1,1,45.0,568.0,6170.0,2025.0
389,i7-3920XM,2012,22,4,8,2.9,8.0,32.0,DDR3,1,2,16,1,1,1,55.0,1096.0,5992.0,2024.0
390,i7-3930K,2011,32,6,12,3.2,12.0,64.23,DDR3,1,4,40,1,1,1,130.0,594.0,8053.0,1711.0
391,i7-3940XM,2012,22,4,8,3.0,8.0,32.0,DDR3,1,2,16,1,1,1,55.0,1096.0,5617.0,1984.0
392,i7-3960X,2011,32,6,12,3.3,15.0,64.0,DDR3,1,4,40,1,1,1,130.0,1059.0,8795.0,1777.0
393,i7-3970X,2012,32,6,12,3.5,15.0,64.45,DDR3,1,4,40,1,1,1,150.0,1059.0,8588.0,1905.0
394,i7-4500U,2013,22,2,4,1.8,4.0,16.0,DDR3,1,2,12,1,1,1,15.0,393.0,2543.0,1567.0
395,i7-4510U,2014,22,2,4,2.0,4.0,16.0,DDR3,1,2,12,1,1,1,15.0,393.0,2618.0,1556.0
396,i7-4550U,2013,22,2,4,1.5,4.0,16.0,DDR3,1,2,12,1,1,1,15.0,426.0,2174.0,1294.0
397,i7-4558U,2013,22,2,4,2.8,4.0,16.0,DDR3,1,2,12,1,1,1,28.0,426.0,3081.0,1730.0
398,i7-4578U,2014,22,2,4,3.0,4.0,16.0,DDR3,1,2,12,1,1,1,28.0,426.0,3325.0,2008.0
399,i7-4600M,2013,22,2,4,2.9,4.0,32.0,DDR3,1,2,16,1,1,1,37.0,346.0,2979.0,1737.0
400,i7-4600U,2013,22,2,4,2.1,4.0,16.0,DDR3,1,2,12,1,1,1,15.0,393.0,2720.0,1704.0
401,i7-4610Y,2013,22,2,4,1.7,4.0,16.0,DDR3,1,2,12,1,1,1,11.5,393.0,2496.0,1565.0
402,i7-4650U,2013,22,2,4,1.7,4.0,16.0,DDR3,1,2,12,1,1,1,15.0,426.0,2176.0,1205.0
403,i7-4700EQ,2013,22,4,8,2.4,6.0,32.0,DDR3,1,2,16,1,1,1,47.0,378.0,5004.0,1856.0
404,i7-4700HQ,2013,22,4,8,2.4,6.0,32.0,DDR3,1,2,16,1,1,1,47.0,378.0,5525.0,1798.0
405,i7-4700MQ,2013,22,4,8,2.4,6.0,32.0,DDR3,1,2,16,1,1,1,47.0,378.0,5205.0,1751.0
406,i7-4702MQ,2013,22,4,8,2.2,6.0,32.0,DDR3,1,2,16,1,1,1,37.0,378.0,5270.0,1740.0
407,i7-4710HQ,2014,22,4,8,2.5,6.0,32.0,DDR3,1,2,16,1,1,1,47.0,378.0,5425.0,1796.0
408,i7-4710MQ,2014,22,4,8,2.5,6.0,32.0,DDR3,1,2,16,1,1,1,47.0,378.0,5945.0,1931.0
409,i7-4712HQ,2014,22,4,8,2.3,6.0,32.0,DDR3,1,2,16,1,1,1,37.0,378.0,4850.0,1607.0
410,i7-4712MQ,2014,22,4,8,2.3,6.0,32.0,DDR3,1,2,16,1,1,1,37.0,378.0,4715.0,1524.0
411,i7-4720HQ,2015,22,4,8,2.6,6.0,32.0,DDR3,1,2,16,1,1,1,47.0,378.0,5787.0,1869.0
412,i7-4722HQ,2015,22,4,8,2.4,6.0,32.0,DDR3,1,2,16,1,1,1,37.0,378.0,5692.0,1859.0
413,i7-4750HQ,2013,22,4,8,2.0,6.0,32.0,DDR3,1,2,16,1,1,1,47.0,434.0,5633.0,1736.0
414,i7-4760HQ,2014,22,4,8,2.1,6.0,32.0,DDR3,1,2,16,1,1,1,47.0,434.0,6247.0,1937.0
415,i7-4765T,2013,22,4,8,2.0,8.0,32.0,DDR3,1,2,16,1,1,1,35.0,303.0,4993.0,1632.0
416,i7-4770,2013,22,4,8,3.4,8.0,32.0,DDR3,1,2,16,1,1,1,84.0,303.0,7073.0,2172.0
417,i7-4770HQ,2014,22,4,8,2.2,6.0,32.0,DDR3,1,2,16,1,1,1,47.0,434.0,6061.0,1852.0
418,i7-4770K,2013,22,4,8,3.5,8.0,32.0,DDR3,1,2,16,1,1,1,84.0,339.0,7051.0,2149.0
419,i7-4770R,2013,22,4,8,3.2,6.0,32.0,DDR3,1,2,16,1,1,1,65.0,358.0,6638.0,2136.0
420,i7-4770S,2013,22,4,8,3.1,8.0,32.0,DDR3,1,2,16,1,1,1,65.0,303.0,6799.0,2183.0
421,i7-4770T,2013,22,4,8,2.5,8.0,32.0,DDR3,1,2,16,1,1,1,45.0,303.0,5965.0,2105.0
422,i7-4770TE,2013,22,4,8,2.3,8.0,32.0,DDR3,1,2,16,1,1,1,45.0,303.0,4271.0,1462.0
423,i7-4771,2013,22,4,8,3.5,8.0,32.0,DDR3,1,2,16,1,1,1,84.0,314.0,6884.0,2189.0
424,i7-4785T,2014,22,4,8,2.2,8.0,32.0,DDR3,1,2,16,1,1,1,35.0,303.0,5470.0,1771.0
425,i7-4790,2014,22,4,8,3.6,8.0,32.0,DDR3,1,2,16,1,1,1,84.0,303.0,7228.0,2230.0
426,i7-4790K,2014,22,4,8,4.0,8.0,32.0,DDR3,1,2,16,1,1,1,88.0,339.0,8114.0,2487.0
427,i7-4790S,2014,22,4,8,3.2,8.0,32.0,DDR3,1,2,16,1,1,1,65.0,303.0,6809.0,2211.0
428,i7-4790T,2014,22,4,8,2.7,8.0,32.0,DDR3,1,2,16,1,1,1,45.0,303.0,6510.0,2209.0
429,i7-4800MQ,2013,22,4,8,2.7,6.0,32.0,DDR3,1,2,16,1,1,1,47.0,380.0,5868.0,1971.0
430,i7-4810MQ,2014,22,4,8,2.8,6.0,32.0,DDR3,1,2,16,1,1,1,47.0,378.0,6096.0,2052.0
431,i7-4820K,2013,22,4,8,3.7,10.0,64.0,DDR3,1,4,40,1,1,1,130.0,332.0,6514.0,1882.0
432,i7-4850HQ,2013,22,4,8,2.3,6.0,32.0,DDR3,1,2,16,1,1,1,47.0,434.0,6026.0,1899.0
433,i7-4860HQ,2014,22,4,8,2.4,6.0,32.0,DDR3,1,2,16,1,1,1,47.0,434.0,6143.0,1909.0
434,i7-4870HQ,2014,22,4,8,2.5,6.0,32.0,DDR3,1,2,16,1,1,1,47.0,434.0,6353.0,2064.0
435,i7-4900MQ,2013,22,4,8,2.8,8.0,32.0,DDR3,1,2,16,1,1,1,47.0,570.0,6525.0,2104.0
436,i7-4910MQ,2014,22,4,8,2.9,8.0,32.0,DDR3,1,2,16,1,1,1,47.0,568.0,6140.0,1968.0
437,i7-4930K,2013,22,6,12,3.4,12.0,64.0,DDR3,1,4,40,1,1,1,130.0,594.0,9551.0,1951.0
438,i7-4960HQ,2013,22,4,8,2.6,6.0,32.0,DDR3,1,2,16,1,1,1,47.0,623.0,6582.0,2129.0
439,i7-4960X,2013,22,6,12,3.6,15.0,64.0,DDR3,1,4,40,1,1,1,130.0,1059.0,9596.0,1992.0
440,i7-4980HQ,2014,22,4,8,2.8,6.0,32.0,DDR3,1,2,16,1,1,1,47.0,623.0,6710.0,2270.0
441,i7-5500U,2015,14,2,4,2.4,4.0,16.0,DDR3,1,2,12,1,1,1,15.0,393.0,2729.0,1619.0
442,i7-5550U,2015,14,2,4,2.0,4.0,16.0,DDR3,1,2,12,1,1,1,15.0,426.0,2850.0,1713.0
443,i7-5557U,2015,14,2,4,3.1,4.0,16.0,DDR3,1,2,12,1,1,1,28.0,426.0,3548.0,2054.0
444,i7-5600U,2015,14,2,4,2.6,4.0,16.0,DDR3,1,2,12,1,1,1,15.0,393.0,3085.0,1861.0
445,i7-5650U,2015,14,2,4,2.2,4.0,16.0,DDR3,1,2,12,1,1,1,15.0,426.0,3003.0,1855.0
446,i7-5700EQ,2015,14,4,8,2.6,6.0,32.0,DDR3,1,2,16,1,1,1,47.0,378.0,5732.0,2040.0
447,i7-5700HQ,2015,14,4,8,2.7,6.0,32.0,DDR3,1,2,16,1,1,1,47.0,378.0,5947.0,2078.0
448,i7-5775C,2015,14,4,8,3.3,6.0,32.0,DDR3,1,2,16,1,1,1,65.0,366.0,7747.0,2279.0
449,i7-5775R,2015,14,4,8,3.3,6.0,32.0,DDR3,1,2,16,1,1,1,65.0,348.0,7590.0,2204.0
450,i7-5820K,2014,22,6,12,3.3,15.0,64.0,DDR4,2,4,28,1,1,1,140.0,389.0,9763.0,2009.0
451,i7-5850EQ,2015,14,4,8,2.7,6.0,32.0,DDR3,1,2,16,1,1,1,47.0,435.0,6829.0,2036.0
452,i7-5850HQ,2015,14,4,8,2.7,6.0,32.0,DDR3,1,2,16,1,1,1,47.0,434.0,6665.0,2131.0
453,i7-5930K,2014,22,6,12,3.5,15.0,64.0,DDR4,2,4,40,1,1,1,140.0,583.0,10276.0,2037.0
454,i7-5950HQ,2015,14,4,8,2.9,6.0,32.0,DDR3,1,2,16,1,1,1,47.0,623.0,7501.0,2292.0
455,i7-5960X,2014,22,8,16,3.0,20.0,64.0,DDR4,2,4,40,1,1,1,140.0,999.0,12500.0,1993.0
456,i7-610E,2010,32,2,4,2.53,4.0,8.79,DDR3,1,2,16,1,1,1,35.0,232.0,1802.0,1437.0
457,i7-620M,2010,32,2,4,2.66,4.0,8.0,DDR3,1,2,16,1,1,1,35.0,250.0,1939.0,1301.0
458,i7-6500U,2015,14,2,4,2.5,4.0,32.0,DDR4,2,2,12,1,1,1,15.0,393.0,3312.0,1743.0
459,i7-6600U,2015,14,2,4,2.6,4.0,32.0,DDR4,2,2,12,1,1,1,15.0,393.0,3619.0,1902.0
460,i7-6650U,2015,14,2,4,2.2,4.0,32.0,DDR4,2,2,12,1,1,1,15.0,415.0,3657.0,1926.0
461,i7-6700,2015,14,4,8,3.4,8.0,64.0,DDR4,2,2,16,1,1,1,65.0,303.0,8081.0,2304.0
462,i7-6700HQ,2015,14,4,8,2.6,6.0,64.0,DDR4,2,2,16,1,1,1,45.0,378.0,6504.0,1897.0
463,i7-6700K,2015,14,4,8,4.0,8.0,64.0,DDR4,2,2,16,1,1,1,95.0,339.0,9007.0,2532.0
464,i7-6700T,2015,14,4,8,2.8,8.0,64.0,DDR4,2,2,16,1,1,1,35.0,303.0,7373.0,2107.0
465,i7-6700TE,2015,14,4,8,2.4,8.0,64.0,DDR4,2,2,16,1,1,1,35.0,303.0,6680.0,2111.0
466,i7-6770HQ,2016,14,4,8,2.6,6.0,64.0,DDR4,2,2,16,1,1,0,45.0,434.0,7273.0,1950.0
467,i7-6800K,2016,14,6,12,3.4,15.0,128.0,DDR4,2,4,28,1,1,1,140.0,434.0,10462.0,2260.0
468,i7-6820EQ,2015,14,4,8,2.8,8.0,64.0,DDR4,2,2,16,1,1,1,45.0,378.0,6827.0,2126.0
469,i7-6820HK,2015,14,4,8,2.7,8.0,64.0,DDR4,2,2,16,1,1,1,45.0,378.0,7065.0,1958.0
470,i7-6820HQ,2015,14,4,8,2.7,8.0,64.0,DDR4,2,2,16,1,1,1,45.0,378.0,6908.0,2022.0
471,i7-6822EQ,2015,14,4,8,2.0,8.0,64.0,DDR4,2,2,16,1,1,1,25.0,378.0,5304.0,1591.0
472,i7-6850K,2016,14,6,12,3.6,15.0,128.0,DDR4,2,4,40,1,1,1,140.0,617.0,11358.0,2461.0
473,i7-6900K,2016,14,8,16,3.2,20.0,128.0,DDR4,2,4,40,1,1,1,140.0,1089.0,14408.0,2481.0
474,i7-6920HQ,2015,14,4,8,2.9,8.0,64.0,DDR4,2,2,16,1,1,1,45.0,568.0,7683.0,2216.0
475,i7-6950X,2016,14,10,20,3.0,25.0,128.0,DDR4,2,4,40,1,1,1,140.0,1723.0,17264.0,2403.0
476,i7-720QM,2009,45,4,8,1.6,6.0,8.0,DDR3,1,2,16,1,1,1,45.0,380.0,1702.0,1016.0
477,i7-740QM,2010,45,4,8,1.73,6.0,8.0,DDR3,1,2,16,1,1,1,45.0,380.0,1685.0,877.0
478,i7-7500U,2016,14,2,4,2.7,4.0,32.0,DDR4,2,2,12,1,1,1,15.0,393.0,3655.0,2022.0
479,i7-7560U,2017,14,2,4,2.4,4.0,32.0,DDR4,2,2,12,1,1,1,15.0,415.0,4128.0,2207.0
480,i7-7600U,2017,14,2,4,2.8,4.0,32.0,DDR4,2,2,12,1,1,1,15.0,393.0,3785.0,2126.0
481,i7-7660U,2017,14,2,4,2.5,4.0,32.0,DDR4,2,2,12,1,1,1,15.0,415.0,4443.0,2381.0
482,i7-7700,2017,14,4,8,3.6,8.0,64.0,DDR4,2,2,16,1,1,1,65.0,303.0,8619.0,2482.0
483,i7-7700HQ,2017,14,4,8,2.8,6.0,64.0,DDR4,2,2,16,1,1,1,45.0,378.0,6955.0,2061.0
484,i7-7700K,2017,14,4,8,4.2,8.0,64.0,DDR4,2,2,16,1,1,1,95.0,339.0,9754.0,2776.0
485,i7-7700T,2017,14,4,8,2.9,8.0,64.0,DDR4,2,2,16,1,1,1,35.0,303.0,7760.0,2260.0
486,i7-7740X,2017,14,4,8,4.3,8.0,64.0,DDR4,2,2,16,1,1,1,112.0,339.0,9686.0,2839.0
487,i7-7800X,2017,14,6,12,3.5,8.25,128.0,DDR4,2,4,28,1,1,1,140.0,383.0,12981.0,2489.0
488,i7-7820EQ,2017,14,4,8,3.0,8.0,64.0,DDR4,2,2,16,1,1,1,45.0,378.0,7087.0,2260.0
489,i7-7820HK,2017,14,4,8,2.9,8.0,64.0,DDR4,2,2,16,1,1,1,45.0,378.0,7829.0,2271.0
490,i7-7820HQ,2017,14,4,8,2.9,8.0,64.0,DDR4,2,2,16,1,1,1,45.0,378.0,7331.0,2155.0
491,i7-7820X,2017,14,8,16,3.6,11.0,128.0,DDR4,2,4,28,1,1,1,140.0,589.0,17828.0,2515.0
492,i7-7920HQ,2017,14,4,8,3.1,8.0,64.0,DDR4,2,2,16,1,1,1,45.0,568.0,7976.0,2363.0
493,i7-7Y75,2016,14,2,4,1.3,4.0,16.0,DDR3,1,2,10,1,1,1,4.5,393.0,2644.0,1685.0
494,i7-840QM,2010,45,4,8,1.86,8.0,8.0,DDR3,1,2,16,1,1,1,45.0,570.0,1851.0,974.0
495,i7-8550U,2017,14,4,8,1.8,8.0,32.0,DDR4,2,2,12,1,1,1,15.0,409.0,6127.0,2151.0
496,i7-860,2009,45,4,8,2.8,8.0,16.0,DDR3,1,2,16,1,1,1,95.0,257.0,2918.0,1333.0
497,i7-860S,2010,45,4,8,2.53,8.0,16.0,DDR3,1,2,16,1,1,1,82.0,362.0,2734.0,1378.0
498,i7-8650U,2017,14,4,8,1.9,8.0,32.0,DDR4,2,2,12,1,1,1,15.0,409.0,6609.0,2258.0
499,i7-870,2009,45,4,8,2.93,8.0,16.0,DDR3,1,2,16,1,1,1,95.0,305.0,3085.0,1397.0
500,i7-875K,2010,45,4,8,2.93,8.0,16.0,DDR3,1,2,16,1,1,1,95.0,353.0,3030.0,1324.0
501,i7-920,2008,45,4,8,2.66,8.0,24.0,DDR3,1,3,1,1,1,1,130.0,305.0,2715.0,1228.0
502,i7-930,2010,45,4,8,2.8,8.0,24.0,DDR3,1,3,1,1,1,1,130.0,305.0,2958.0,1290.0
503,i7-940,2008,45,4,8,2.93,8.0,24.0,DDR3,1,3,1,1,1,1,130.0,555.0,3024.0,1357.0
504,i7-950,2009,45,4,8,3.06,8.0,24.0,DDR3,1,3,1,1,1,1,130.0,305.0,3017.0,1382.0
505,i7-960,2009,45,4,8,3.2,8.0,24.0,DDR3,1,3,1,1,1,1,130.0,305.0,3219.0,1463.0
506,i7-965,2008,45,4,8,3.2,8.0,24.0,DDR3,1,3,1,1,1,1,130.0,990.0,3340.0,1485.0
507,i7-970,2010,32,6,12,3.2,12.0,24.0,DDR3,1,3,1,1,1,1,130.0,594.0,6724.0,1483.0
508,i7-975,2009,45,4,8,3.33,8.0,24.0,DDR3,1,3,1,1,1,1,130.0,1059.0,3198.0,1525.0
509,i7-980,2011,32,6,12,3.33,12.0,24.0,DDR3,1,3,1,1,1,1,130.0,594.0,6888.0,1531.0
510,i7-980X,2010,32,6,12,3.33,12.0,24.0,DDR3,1,3,1,1,1,1,130.0,1059.0,6554.0,1535.0
511,i7-990X,2011,32,6,12,3.46,12.0,24.0,DDR3,1,3,1,1,1,1,130.0,1059.0,7284.0,1596.0
512,i9-7900X,2017,14,10,20,3.3,13.75,128.0,DDR4,2,4,44,1,1,1,140.0,989.0,21335.0,2538.0
513,i9-7920X,2017,14,12,24,2.9,16.5,128.0,DDR4,2,4,44,1,1,1,140.0,1189.0,23398.0,2519.0
514,5Y10c,2014,14,2,4,800.0,4.0,16.0,DDR3,1,2,12,1,1,1,4.5,281.0,1828.0,1007.0
515,5Y31,2014,14,2,4,900.0,4.0,16.0,DDR3,1,2,12,1,1,1,4.5,281.0,1972.0,1199.0
516,5Y51,2014,14,2,4,1.1,4.0,16.0,DDR3,1,2,12,1,1,1,4.5,281.0,1532.0,994.0
517,5Y71,2014,14,2,4,1.2,4.0,16.0,DDR3,1,2,12,1,1,1,4.5,281.0,2002.0,1260.0
518,M3-6Y30,2015,14,2,4,900.0,4.0,16.0,DDR3,1,2,10,1,1,1,4.5,281.0,1796.0,1027.0
519,M3-7Y30,2016,14,2,4,1.0,4.0,16.0,DDR3,1,2,10,1,1,1,4.5,281.0,2691.0,1422.0
520,M3-7Y32,2017,14,2,4,1.1,4.0,16.0,DDR3,1,2,10,1,1,1,4.5,281.0,2578.0,1468.0
521,M5-6Y54,2015,14,2,4,1.1,4.0,16.0,DDR3,1,2,10,1,1,1,7.0,281.0,2634.0,1471.0
522,M5-6Y57,2015,14,2,4,1.1,4.0,16.0,DDR3,1,2,10,1,1,1,7.0,281.0,2470.0,1418.0
523,M7-6Y75,2015,14,2,4,1.2,4.0,16.0,DDR3,1,2,10,1,1,1,7.0,393.0,2179.0,1303.0
524,E7300,2008,45,2,1,2.66,3.0,1,DDR3,1,1,1,0,0,1,65.0,117.0,990.0,1126.0
525,E7400,2008,45,2,1,2.8,3.0,1,DDR3,1,1,1,0,0,1,65.0,110.0,978.0,1099.0
526,E7500,2009,45,2,1,2.93,3.0,1,DDR3,1,1,1,0,0,1,65.0,125.0,1057.0,1187.0
527,E7600,2009,45,2,1,3.06,3.0,1,DDR3,1,1,1,0,1,1,65.0,147.0,1202.0,1227.0
528,E8400,2008,45,2,1,3.0,6.0,1,DDR3,1,1,1,0,1,1,65.0,149.0,1181.0,1245.0
529,E8500,2008,45,2,1,3.16,6.0,1,DDR3,1,1,1,0,1,1,65.0,200.0,1237.0,1323.0
530,E8600,2008,45,2,1,3.33,6.0,1,DDR3,1,1,1,0,1,1,65.0,285.0,1366.0,1405.0
531,P8400,2008,45,2,1,2.26,3.0,1,DDR3,1,1,1,0,1,1,25.0,199.0,832.0,912.0
532,P8600,2008,45,2,1,2.4,3.0,1,DDR3,1,1,1,0,1,1,25.0,211.0,866.0,958.0
533,P8800,2009,45,2,1,2.66,3.0,1,DDR3,1,1,1,0,1,1,25.0,253.0,916.0,1066.0
534,P9500,2008,45,2,1,2.53,6.0,1,DDR3,1,1,1,0,1,1,25.0,364.0,876.0,1000.0
535,SL9400,2008,45,2,1,1.86,6.0,1,DDR3,1,1,1,0,1,1,17.0,247.0,672.0,728.0
536,T7400,2006,65,2,1,2.16,4.0,1,DDR3,1,1,1,0,1,1,34.0,213.0,713.0,827.0
537,T9400,2008,45,2,1,2.53,6.0,1,DDR3,1,1,1,0,1,1,35.0,250.0,910.0,1005.0
538,Q9300,2008,45,4,1,2.5,6.0,1,DDR3,1,1,1,0,1,1,45.0,200.0,1929.0,1081.0
539,Q8200,2008,45,4,1,2.33,4.0,1,DDR3,1,1,1,0,0,1,95.0,179.0,1770.0,1015.0
540,Q8300,2008,45,4,1,2.5,4.0,1,DDR3,1,1,1,0,0,1,95.0,179.0,1775.0,1044.0
541,Q8400,2009,45,4,1,2.66,4.0,1,DDR3,1,1,1,0,1,1,95.0,179.0,2031.0,1156.0
542,Q9000,2009,45,4,1,2.0,6.0,1,DDR3,1,1,1,0,1,1,45.0,364.0,1540.0,886.0
543,Q9300,2008,45,4,1,2.5,6.0,1,DDR3,1,1,1,0,1,1,45.0,200.0,1929.0,1081.0
544,Q9400,2008,45,4,1,2.66,6.0,1,DDR3,1,1,1,0,1,1,95.0,180.0,2040.0,1131.0
545,Q9505,2009,45,4,1,2.83,6.0,1,DDR3,1,1,1,0,1,1,95.0,234.0,2027.0,1204.0
546,Q9550,2008,45,4,1,2.83,12.0,1,DDR3,1,1,1,0,1,1,95.0,287.0,2249.0,1221.0
547,Q9650,2008,45,4,1,3.0,12.0,1,DDR3,1,1,1,0,1,1,95.0,339.0,2417.0,1295.0
548,2020M,2012,22,2,2,2.4,2.0,32.0,DDR3,1,2,1,0,1,1,35.0,134.0,1304.0,1293.0
549,2030M,2013,22,2,2,2.5,2.0,32.0,DDR3,1,2,1,0,1,1,35.0,134.0,1556.0,1382.0
550,2117U,2012,22,2,2,1.8,2.0,32.0,DDR3,1,2,1,0,1,1,17.0,134.0,935.0,890.0
551,2127U,2013,22,2,2,1.9,2.0,32.0,DDR3,1,2,1,0,1,1,17.0,134.0,1133.0,1039.0
552,3550M,2013,22,2,2,2.3,2.0,32.0,DDR3,1,2,16,0,1,1,37.0,134.0,1516.0,1310.0
553,3558U,2013,22,2,2,1.7,2.0,16.0,DDR3,1,2,10,0,1,1,15.0,161.0,952.0,902.0
554,3560M,2014,22,2,2,2.4,2.0,32.0,DDR3,1,2,16,0,1,1,37.0,134.0,1630.0,1398.0
555,3805U,2015,14,2,2,1.9,2.0,16.0,DDR3,1,2,12,0,1,1,15.0,161.0,1038.0,907.0
556,3825U,2015,14,2,4,1.9,2.0,16.0,DDR3,1,2,12,1,1,1,15.0,161.0,1443.0,1148.0
557,4405U,2015,14,2,4,2.1,2.0,32.0,DDR4,2,2,10,1,1,1,15.0,161.0,1996.0,1188.0
558,4405Y,2015,14,2,4,1.5,2.0,16.0,DDR3,1,2,10,1,1,1,6.0,161.0,1533.0,873.0
559,4410Y,2017,14,2,4,1.5,2.0,16.0,DDR3,1,2,10,1,1,1,6.0,161.0,1366.0,806.0
560,4415U,2017,14,2,4,2.3,2.0,32.0,DDR4,2,2,10,1,1,1,15.0,161.0,2092.0,1209.0
561,4415Y,2017,14,2,4,1.6,2.0,16.0,DDR3,1,2,10,1,1,1,6.0,161.0,1636.0,916.0
562,A1020,2016,22,4,4,2.41,2.0,8.0,DDR3,1,2,4,0,1,1,10.0,86.0,1279.0,723.0
563,805,2005,90,2,1,2.66,2.0,1,DDR3,1,1,1,0,0,1,95.0,93.0,447.0,501.0
564,830,2005,90,2,1,3.0,2.0,1,DDR3,1,1,1,0,0,1,95.0,316.0,472.0,568.0
565,915,2006,65,2,1,2.8,4.0,1,DDR3,1,1,1,0,0,1,95.0,74.0,513.0,617.0
566,940,2006,65,2,1,3.2,4.0,1,DDR3,1,1,1,0,1,1,130.0,183.0,456.0,596.0
567,950,2006,65,2,1,3.4,4.0,1,DDR3,1,1,1,0,1,1,130.0,224.0,711.0,735.0
568,960,2006,65,2,1,3.6,4.0,1,DDR3,1,1,1,0,1,1,130.0,316.0,798.0,844.0
569,D1508,2015,14,2,4,2.2,3.0,128.0,DDR4,2,2,32,1,1,1,25.0,129.0,3813.0,1498.0
570,E5200,2008,45,2,1,2.5,2.0,1,DDR3,1,1,1,0,0,1,65.0,72.0,826.0,969.0
571,E5300,2008,45,2,1,2.6,2.0,1,DDR3,1,1,1,0,0,1,65.0,62.0,994.0,1088.0
572,E5400,2009,45,2,1,2.7,2.0,1,DDR3,1,1,1,0,0,1,65.0,67.0,988.0,1110.0
573,E5500,2010,45,2,1,2.8,2.0,1,DDR3,1,1,1,0,1,1,65.0,72.0,1069.0,1206.0
574,E5700,2010,45,2,1,3.0,2.0,1,DDR3,1,1,1,0,1,1,65.0,64.0,1131.0,1260.0
575,E5800,2010,45,2,1,3.2,2.0,1,DDR3,1,1,1,0,1,1,65.0,72.0,1184.0,1361.0
576,E6500,2008,45,2,1,2.93,2.0,1,DDR3,1,1,1,0,1,1,65.0,68.0,1130.0,1256.0
577,E6800,2010,45,2,1,3.33,2.0,1,DDR3,1,1,1,0,1,1,65.0,93.0,1136.0,1314.0
578,955,2006,65,2,1,3.46,4.0,1,DDR3,1,1,1,1,1,1,130.0,999.0,912.0,800.0
579,965,2006,65,2,1,3.73,4.0,1,DDR3,1,1,1,1,1,1,130.0,999.0,1155.0,941.0
580,G2010,2013,22,2,2,2.8,3.0,32.0,DDR3,1,2,1,0,1,1,55.0,64.0,1360.0,1512.0
581,G2020,2013,22,2,2,2.9,3.0,32.0,DDR3,1,2,1,0,1,1,55.0,64.0,1640.0,1572.0
582,G2020T,2013,22,2,2,2.5,3.0,32.0,DDR3,1,2,1,0,1,1,35.0,64.0,1463.0,1305.0
583,G2030,2013,22,2,2,3.0,3.0,32.0,DDR3,1,2,1,0,1,1,55.0,64.0,1707.0,1618.0
584,G2030T,2013,22,2,2,2.6,3.0,32.0,DDR3,1,2,1,0,1,1,35.0,64.0,1589.0,1445.0
585,G2120,2012,22,2,2,3.1,3.0,32.0,DDR3,1,2,1,0,1,1,55.0,65.0,1921.0,1715.0
586,G2130,2013,22,2,2,3.2,3.0,32.0,DDR3,1,2,1,0,1,1,55.0,75.0,1977.0,1763.0
587,G2140,2013,22,2,2,3.3,3.0,32.0,DDR3,1,2,1,0,1,1,55.0,93.0,2055.0,1836.0
588,G3220,2013,22,2,2,3.0,3.0,32.0,DDR3,1,2,16,0,1,1,54.0,54.0,1909.0,1706.0
589,G3220T,2013,22,2,2,2.6,3.0,32.0,DDR3,1,2,16,0,1,1,35.0,64.0,1672.0,1503.0
590,G3240,2014,22,2,2,3.1,3.0,32.0,DDR3,1,2,16,0,1,1,53.0,54.0,1908.0,1753.0
591,G3240T,2014,22,2,2,2.7,3.0,32.0,DDR3,1,2,16,0,1,1,35.0,64.0,1806.0,1552.0
592,G3250,2014,22,2,2,3.2,3.0,32.0,DDR3,1,2,16,0,1,1,53.0,50.0,1995.0,1860.0
593,G3250T,2014,22,2,2,2.8,3.0,32.0,DDR3,1,2,16,0,1,1,35.0,64.0,1860.0,1614.0
594,G3258,2014,22,2,2,3.2,3.0,32.0,DDR3,1,2,16,0,1,1,53.0,72.0,2095.0,1739.0
595,G3260,2015,22,2,2,3.3,3.0,32.0,DDR3,1,2,16,0,1,1,53.0,64.0,2058.0,1869.0
596,G3260T,2015,22,2,2,2.9,3.0,32.0,DDR3,1,2,16,0,1,1,35.0,64.0,2018.0,1674.0
597,G3320TE,2013,22,2,2,2.3,3.0,32.0,DDR3,1,2,16,0,1,1,35.0,70.0,1644.0,1324.0
598,G3420,2013,22,2,2,3.2,3.0,32.0,DDR3,1,2,16,0,1,1,54.0,75.0,1985.0,1790.0
599,G3420T,2013,22,2,2,2.7,3.0,32.0,DDR3,1,2,16,0,1,1,35.0,75.0,2070.0,1575.0
600,G3430,2013,22,2,2,3.3,3.0,32.0,DDR3,1,2,16,0,1,1,54.0,86.0,1977.0,1821.0
601,G3440,2014,22,2,2,3.3,3.0,32.0,DDR3,1,2,16,0,1,1,53.0,75.0,2221.0,1871.0
602,G3440T,2014,22,2,2,2.8,3.0,32.0,DDR3,1,2,16,0,1,1,35.0,75.0,2134.0,1628.0
603,G3450,2014,22,2,2,3.4,3.0,32.0,DDR3,1,2,16,0,1,1,53.0,75.0,2426.0,1978.0
604,G3450T,2014,22,2,2,2.9,3.0,32.0,DDR3,1,2,16,0,1,1,35.0,75.0,2042.0,1144.0
605,G3460,2014,22,2,2,3.5,3.0,32.0,DDR3,1,2,16,0,1,1,53.0,75.0,2302.0,2037.0
606,G3470,2015,22,2,2,3.6,3.0,32.0,DDR3,1,2,16,0,1,1,53.0,86.0,2444.0,2097.0
607,G4400,2015,14,2,2,3.3,3.0,64.0,DDR4,2,2,16,0,1,1,54.0,64.0,2615.0,2037.0
608,G4400T,2015,14,2,2,2.9,3.0,64.0,DDR4,2,2,16,0,1,1,35.0,64.0,2453.0,1788.0
609,G4400TE,2015,14,2,2,2.4,3.0,64.0,DDR4,2,2,16,0,1,1,35.0,64.0,2217.0,1498.0
610,G4500,2015,14,2,2,3.5,3.0,64.0,DDR4,2,2,16,0,1,1,51.0,75.0,2866.0,2168.0
611,G4500T,2015,14,2,2,3.0,3.0,64.0,DDR4,2,2,16,0,1,1,35.0,75.0,2593.0,1833.0
612,G4520,2015,14,2,2,3.6,3.0,64.0,DDR4,2,2,16,0,1,1,51.0,86.0,2960.0,2266.0
613,G4560,2017,14,2,4,3.5,3.0,64.0,DDR4,2,2,16,1,1,1,54.0,64.0,3552.0,2152.0
614,G4560T,2017,14,2,4,2.9,3.0,64.0,DDR4,2,2,16,1,1,1,35.0,64.0,2976.0,1699.0
615,G4600,2017,14,2,4,3.6,3.0,64.0,DDR4,2,2,16,1,1,1,51.0,75.0,3544.0,2119.0
616,G4600T,2017,14,2,4,3.0,3.0,64.0,DDR4,2,2,16,1,1,1,35.0,75.0,3306.0,1875.0
617,G4620,2017,14,2,4,3.7,3.0,64.0,DDR4,2,2,16,1,1,1,51.0,86.0,3932.0,2272.0
618,G620,2011,32,2,2,2.6,3.0,32.0,DDR3,1,2,1,0,1,1,65.0,64.0,1285.0,1241.0
619,G620T,2011,32,2,2,2.2,3.0,32.0,DDR3,1,2,1,0,1,1,35.0,70.0,893.0,957.0
620,G630,2011,32,2,2,2.7,3.0,32.0,DDR3,1,2,1,0,1,1,65.0,64.0,1367.0,1269.0
621,G630T,2011,32,2,2,2.3,3.0,32.0,DDR3,1,2,1,0,1,1,35.0,72.0,954.0,899.0
622,G640,2012,32,2,2,2.8,3.0,32.0,DDR3,1,2,1,0,1,1,65.0,64.0,1249.0,1337.0
623,G640T,2012,32,2,2,2.4,3.0,32.0,DDR3,1,2,16,0,1,1,35.0,64.0,1132.0,1100.0
624,G645,2012,32,2,2,2.9,3.0,32.0,DDR3,1,2,1,0,1,1,65.0,64.0,1367.0,1347.0
625,G645T,2012,32,2,2,2.5,3.0,32.0,DDR3,1,2,16,0,1,1,35.0,64.0,1222.0,1188.0
626,G6950,2010,32,2,2,2.8,3.0,16.38,DDR3,1,2,16,0,1,1,73.0,77.0,1181.0,1212.0
627,G840,2011,32,2,2,2.8,3.0,32.0,DDR3,1,2,1,0,1,1,65.0,75.0,1416.0,1330.0
628,G850,2011,32,2,2,2.9,3.0,32.0,DDR3,1,2,1,0,1,1,65.0,67.0,1210.0,1235.0
629,G860,2011,32,2,2,3.0,3.0,32.0,DDR3,1,2,1,0,1,1,65.0,75.0,1517.0,1391.0
630,G870,2012,32,2,2,3.1,3.0,32.0,DDR3,1,2,16,0,1,1,65.0,82.0,1552.0,1472.0
631,J2850,2013,22,4,4,2.41,2.0,8.0,DDR3,1,2,4,0,1,1,10.0,94.0,1053.0,624.0
632,J2900,2013,22,4,4,2.41,2.0,8.0,DDR3,1,2,4,0,1,1,10.0,94.0,1241.0,731.0
633,J4205,2015,14,4,4,1.5,2.0,8.0,DDR4,2,2,6,0,1,1,10.0,161.0,2315.0,868.0
634,N3520,2013,22,4,4,2.17,2.0,8.0,DDR3,1,2,4,0,1,1,7.5,161.0,1144.0,665.0
635,N3530,2014,22,4,4,2.16,2.0,8.0,DDR3,1,2,4,0,1,1,7.5,161.0,1218.0,710.0
636,N3540,2014,22,4,4,2.16,2.0,8.0,DDR3,1,2,4,0,1,1,7.5,161.0,1159.0,710.0
637,N3700,2015,14,4,4,1.6,2.0,8.0,DDR3,1,2,4,0,1,1,6.0,161.0,1330.0,655.0
638,N3710,2016,14,4,4,1.6,2.0,8.0,DDR3,1,2,4,0,1,1,6.0,161.0,1365.0,705.0
639,N4200,2016,14,4,4,1.1,2.0,8.0,DDR4,2,2,6,0,1,1,6.0,161.0,2130.0,870.0
640,5140,2006,65,2,1,2.33,4.0,1,DDR3,1,1,1,0,1,1,65.0,478.0,806.0,860.0
641,3104,2017,14,6,6,1.7,8.25,768.0,DDR4,2,6,48,0,1,1,85.0,213.0,5777.0,1032.0
642,3106,2017,14,8,8,1.7,11.0,768.0,DDR4,2,6,48,0,1,1,85.0,306.0,6848.0,992.0
643,D-1518,2015,14,4,8,2.2,6.0,128.0,DDR4,2,2,32,1,1,1,35.0,234.0,5944.0,974.0
644,D-1520,2015,14,4,8,2.2,6.0,128.0,DDR4,2,2,32,1,1,1,45.0,199.0,5114.0,645.0
645,D-1521,2015,14,4,8,2.4,6.0,128.0,DDR4,2,2,32,1,1,1,45.0,199.0,6980.0,1441.0
646,D-1528,2015,14,6,12,1.9,9.0,128.0,DDR4,2,2,32,1,1,1,35.0,389.0,8010.0,1103.0
647,D-1531,2015,14,6,12,2.2,9.0,128.0,DDR4,2,2,32,1,1,1,45.0,348.0,8691.0,1599.0
648,D-1537,2015,14,8,16,1.7,12.0,128.0,DDR4,2,2,32,1,1,1,35.0,571.0,8445.0,940.0
649,D-1539,2016,14,8,16,1.6,12.0,128.0,DDR4,2,2,32,1,1,1,35.0,590.0,8444.0,1004.0
650,D-1540,2015,14,8,16,2.0,12.0,128.0,DDR4,2,2,32,1,1,1,45.0,581.0,10741.0,1371.0
651,D-1541,2015,14,8,16,2.1,12.0,128.0,DDR4,2,2,32,1,1,1,45.0,581.0,10365.0,1522.0
652,D-1548,2015,14,8,16,2.0,12.0,128.0,DDR4,2,2,32,1,1,1,45.0,675.0,10680.0,1402.0
653,D-1557,2016,14,12,24,1.5,18.0,128.0,DDR4,2,2,32,1,1,1,45.0,844.0,10951.0,1104.0
654,D-1559,2016,14,12,24,1.5,18.0,128.0,DDR4,2,2,32,1,1,1,45.0,883.0,8687.0,875.0
655,D-1567,2016,14,12,24,2.1,18.0,128.0,DDR4,2,2,32,1,1,1,65.0,1299.0,14210.0,1520.0
656,E3-1220,2011,32,4,4,3.1,8.0,32.0,DDR3,1,2,20,0,1,1,80.0,189.0,3508.0,1554.0
657,E3-1220V2,2012,22,4,4,3.1,8.0,32.77,DDR3,1,2,1,0,1,1,69.0,189.0,4689.0,1928.0
658,E3-1220V5,2015,14,4,4,3.0,8.0,64.0,DDR4,2,2,16,0,1,1,80.0,193.0,6084.0,2102.0
659,E3-1220V6,2017,14,4,4,3.0,8.0,64.0,DDR4,2,2,16,0,1,1,72.0,193.0,6060.0,2069.0
660,E3-1220L,2011,32,2,4,2.2,3.0,32.0,DDR3,1,2,20,1,1,1,20.0,189.0,2005.0,1352.0
661,E3-1220LV2,2012,22,2,4,2.3,3.0,32.23,DDR3,1,2,1,1,1,1,17.0,189.0,2678.0,1419.0
662,E3-1225,2011,32,4,4,3.1,6.0,32.0,DDR3,1,2,20,0,1,1,95.0,175.0,3584.0,1503.0
663,E3-1225V2,2012,22,4,4,3.2,8.0,32.77,DDR3,1,2,1,0,1,1,77.0,186.0,4725.0,1957.0
664,E3-1225V3,2013,22,4,4,3.2,8.0,32.0,DDR3,1,2,16,0,1,1,84.0,213.0,5309.0,2056.0
665,E3-1225V5,2015,14,4,4,3.3,8.0,64.0,DDR4,2,2,16,0,1,1,80.0,213.0,5736.0,1905.0
666,E3-1225V6,2017,14,4,4,3.3,8.0,64.0,DDR4,2,2,16,0,1,1,73.0,213.0,6321.0,2299.0
667,E3-1226V3,2014,22,4,4,3.3,8.0,32.0,DDR3,1,2,16,0,1,1,84.0,213.0,5524.0,2072.0
668,E3-1230,2011,32,4,8,3.2,8.0,32.0,DDR3,1,2,20,1,1,1,80.0,230.0,4997.0,1691.0
669,E3-1230V2,2012,22,4,8,3.3,8.0,32.77,DDR3,1,2,1,1,1,1,69.0,215.0,6250.0,2007.0
670,E3-1230V5,2015,14,4,8,3.4,8.0,64.0,DDR4,2,2,16,1,1,1,80.0,250.0,7414.0,2263.0
671,E3-1230V6,2017,14,4,8,3.5,8.0,64.0,DDR4,2,2,16,1,1,1,72.0,250.0,7732.0,2162.0
672,E3-1231V3,2014,22,4,8,3.4,8.0,32.0,DDR3,1,2,16,1,1,1,80.0,240.0,7065.0,2162.0
673,E3-1235,2011,32,4,8,3.2,8.0,32.0,DDR3,1,2,20,1,1,1,95.0,250.0,4335.0,1590.0
674,E3-1235LV5,2015,14,4,4,2.0,8.0,64.0,DDR4,2,2,16,0,1,1,25.0,250.0,5074.0,1782.0
675,E3-1240,2011,32,4,8,3.3,8.0,32.0,DDR3,1,2,20,1,1,1,80.0,250.0,5121.0,1736.0
676,E3-1240V2,2012,22,4,8,3.4,8.0,32.77,DDR3,1,2,1,1,1,1,69.0,250.0,6406.0,2051.0
677,E3-1240V5,2015,14,4,8,3.5,8.0,64.0,DDR4,2,2,16,1,1,1,80.0,272.0,8166.0,2352.0
678,E3-1240V6,2017,14,4,8,3.7,8.0,64.0,DDR4,2,2,16,1,1,1,72.0,272.0,8561.0,2481.0
679,E3-1240LV3,2014,22,4,8,2.0,8.0,32.0,DDR3,1,2,16,1,1,1,25.0,278.0,5127.0,1709.0
680,E3-1240LV5,2015,14,4,8,2.1,8.0,64.0,DDR4,2,2,16,1,1,1,25.0,278.0,5951.0,1914.0
681,E3-1241V3,2014,22,4,8,3.5,8.0,32.0,DDR3,1,2,16,1,1,1,80.0,262.0,7281.0,2238.0
682,E3-1245,2011,32,4,8,3.3,8.0,32.0,DDR3,1,2,20,1,1,1,95.0,262.0,5244.0,1734.0
683,E3-1245V2,2012,22,4,8,3.4,8.0,32.77,DDR3,1,2,1,1,1,1,77.0,266.0,6322.0,2077.0
684,E3-1245V5,2015,14,4,8,3.5,8.0,64.0,DDR4,2,2,16,1,1,1,80.0,284.0,8200.0,2285.0
685,E3-1245V6,2017,14,4,8,3.7,8.0,64.0,DDR4,2,2,16,1,1,1,73.0,284.0,8575.0,2513.0
686,E3-1246V3,2014,22,4,8,3.5,8.0,32.0,DDR3,1,2,16,1,1,1,84.0,276.0,7071.0,2204.0
687,E3-1260L,2011,32,4,8,2.4,8.0,32.0,DDR3,1,2,20,1,1,1,45.0,294.0,3429.0,1354.0
688,E3-1260LV5,2015,14,4,8,2.9,8.0,64.0,DDR4,2,2,16,1,1,1,45.0,294.0,7894.0,2346.0
689,E3-1265LV2,2012,22,4,8,2.5,8.0,32.77,DDR3,1,2,1,1,1,1,45.0,294.0,5130.0,1670.0
690,E3-1265LV4,2015,14,4,8,2.3,6.0,32.0,DDR3,1,2,16,1,1,1,35.0,417.0,6303.0,1899.0
691,E3-1268LV3,2013,22,4,8,2.3,8.0,32.0,DDR3,1,2,16,1,1,1,45.0,377.0,5401.0,1911.0
692,E3-1268LV5,2015,14,4,8,2.4,8.0,64.0,DDR4,2,2,16,1,1,1,35.0,377.0,6680.0,1890.0
693,E3-1270,2011,32,4,8,3.4,8.0,32.0,DDR3,1,2,20,1,1,1,80.0,328.0,5408.0,1728.0
694,E3-1270V2,2012,22,4,8,3.5,8.0,32.77,DDR3,1,2,1,1,1,1,69.0,328.0,6564.0,2117.0
695,E3-1270V5,2015,14,4,8,3.6,8.0,64.0,DDR4,2,2,16,1,1,1,80.0,328.0,8404.0,2240.0
696,E3-1270V6,2017,14,4,8,3.8,8.0,64.0,DDR4,2,2,16,1,1,1,72.0,328.0,8732.0,2490.0
697,E3-1271V3,2014,22,4,8,3.6,8.0,32.0,DDR3,1,2,16,1,1,1,80.0,328.0,7458.0,2299.0
698,E3-1275,2011,32,4,8,3.4,8.0,32.0,DDR3,1,2,20,1,1,1,95.0,315.0,4351.0,1736.0
699,E3-1275V2,2012,22,4,8,3.5,8.0,32.77,DDR3,1,2,1,1,1,1,77.0,319.0,6136.0,2162.0
700,E3-1275V5,2015,14,4,8,3.6,8.0,64.0,DDR4,2,2,16,1,1,1,80.0,339.0,8288.0,2283.0
701,E3-1275V6,2017,14,4,8,3.8,8.0,64.0,DDR4,2,2,16,1,1,1,73.0,339.0,8564.0,2524.0
702,E3-1275LV3,2014,22,4,8,2.7,8.0,32.0,DDR3,1,2,16,1,1,1,45.0,328.0,6189.0,2142.0
703,E3-1276V3,2014,22,4,8,3.6,8.0,32.0,DDR3,1,2,16,1,1,1,84.0,339.0,7280.0,2300.0
704,E3-1280,2011,32,4,8,3.5,8.0,32.0,DDR3,1,2,20,1,1,1,95.0,612.0,5457.0,1787.0
705,E3-1280V2,2012,22,4,8,3.6,8.0,32.77,DDR3,1,2,1,1,1,1,69.0,623.0,5906.0,2123.0
706,E3-1280V5,2015,14,4,8,3.7,8.0,64.0,DDR4,2,2,16,1,1,1,80.0,612.0,8145.0,2338.0
707,E3-1280V6,2017,14,4,8,3.9,8.0,64.0,DDR4,2,2,16,1,1,1,72.0,383.0,9076.0,2576.0
708,E3-1281V3,2014,22,4,8,3.7,8.0,32.0,DDR3,1,2,16,1,1,1,82.0,612.0,7322.0,2227.0
709,E3-1285V4,2015,14,4,8,3.5,6.0,32.0,DDR3,1,2,16,1,1,1,95.0,556.0,7312.0,2166.0
710,E3-1285V6,2017,14,4,8,4.1,8.0,64.0,DDR4,2,2,16,1,1,1,79.0,450.0,9313.0,2686.0
711,E3-1285LV4,2015,14,4,8,3.4,6.0,32.0,DDR3,1,2,16,1,1,1,65.0,445.0,7865.0,2328.0
712,E3-1286V3,2014,22,4,8,3.7,8.0,32.0,DDR3,1,2,16,1,1,1,84.0,662.0,7513.0,2410.0
713,E3-1286LV3,2014,22,4,8,3.2,8.0,32.0,DDR3,1,2,16,1,1,1,65.0,774.0,6533.0,2224.0
714,E3-1505LV5,2015,14,4,8,2.0,8.0,64.0,DDR4,2,2,16,1,1,1,25.0,433.0,4897.0,1654.0
715,E3-1505LV6,2017,14,4,8,2.2,8.0,64.0,DDR4,2,2,16,1,1,1,25.0,433.0,6112.0,1844.0
716,E3-1505MV5,2015,14,4,8,2.8,8.0,64.0,DDR4,2,2,16,1,1,1,45.0,434.0,7284.0,2114.0
717,E3-1505MV6,2017,14,4,8,3.0,8.0,64.0,DDR4,2,2,16,1,1,1,45.0,434.0,6798.0,2181.0
718,E3-1515MV5,2016,14,4,8,2.8,8.0,64.0,DDR4,2,2,16,1,1,1,45.0,489.0,8013.0,2176.0
719,E3-1535MV5,2015,14,4,8,2.9,8.0,64.0,DDR4,2,2,16,1,1,1,45.0,623.0,7468.0,2169.0
720,E3-1535MV6,2017,14,4,8,3.1,8.0,64.0,DDR4,2,2,16,1,1,1,35.0,623.0,8623.0,2540.0
721,E3-1545MV5,2016,14,4,8,2.9,8.0,64.0,DDR4,2,2,16,1,1,1,45.0,679.0,8068.0,2233.0
722,E3-1575MV5,2016,14,4,8,3.0,8.0,64.0,DDR4,2,2,16,1,1,1,45.0,1207.0,8137.0,2300.0
723,E3-1585V5,2016,14,4,8,3.5,8.0,64.0,DDR4,2,2,16,1,1,1,65.0,556.0,8509.0,2430.0
724,E3-1585LV5,2016,14,4,8,3.0,8.0,64.0,DDR4,2,2,16,1,1,1,45.0,445.0,8173.0,2281.0
725,E3110,2008,45,2,1,3.0,6.0,1,DDR3,1,1,1,0,1,1,65.0,179.0,1157.0,1296.0
726,E5-1428LV2,2014,22,6,12,2.2,15.0,384.0,DDR3,1,3,24,1,1,1,60.0,494.0,5911.0,1286.0
727,E5-1620,2012,32,4,8,3.6,10.0,375.0,DDR3,1,4,40,1,1,1,130.0,294.0,5914.0,1779.0
728,E5-1620V2,2013,22,4,8,3.7,10.0,256.0,DDR3,1,4,40,1,1,1,130.0,294.0,6619.0,2019.0
729,E5-1620V3,2014,22,4,8,3.5,10.0,768.0,DDR4,2,4,40,1,1,1,140.0,294.0,7081.0,2038.0
730,E5-1620V4,2016,14,4,8,3.5,10.0,1.54,DDR4,2,4,40,1,1,1,140.0,294.0,7421.0,2263.0
731,E5-1630V3,2014,22,4,8,3.7,10.0,768.0,DDR4,2,4,40,1,1,1,140.0,372.0,7474.0,2085.0
732,E5-1630V4,2016,14,4,8,3.7,10.0,1.54,DDR4,2,4,40,1,1,1,140.0,406.0,7874.0,2398.0
733,E5-1650,2012,32,6,12,3.2,12.0,256.0,DDR3,1,4,40,1,1,1,130.0,583.0,8149.0,1736.0
734,E5-1650V2,2013,22,6,12,3.5,12.0,256.0,DDR3,1,4,40,1,1,1,130.0,583.0,8899.0,1974.0
735,E5-1650V3,2014,22,6,12,3.5,15.0,768.0,DDR4,2,4,40,1,1,1,140.0,583.0,10389.0,2129.0
736,E5-1650V4,2016,14,6,12,3.6,15.0,1.54,DDR4,2,4,40,1,1,1,140.0,617.0,11288.0,2313.0
737,E5-1660,2012,32,6,12,3.3,15.0,256.0,DDR3,1,4,40,1,1,1,130.0,1080.0,8400.0,1761.0
738,E5-1660V2,2013,22,6,12,3.7,15.0,256.0,DDR3,1,4,40,1,1,1,130.0,1080.0,10654.0,2241.0
739,E5-1660V3,2014,22,8,16,3.0,20.0,768.0,DDR4,2,4,40,1,1,1,140.0,1080.0,11998.0,1957.0
740,E5-1660V4,2016,14,8,16,3.2,20.0,1.54,DDR4,2,4,40,1,1,1,140.0,1113.0,13078.0,2227.0
741,E5-1680V3,2014,22,8,16,3.2,20.0,768.0,DDR4,2,4,40,1,1,1,140.0,1723.0,12870.0,2039.0
742,E5-1680V4,2016,14,8,16,3.4,20.0,1.54,DDR4,2,4,40,1,1,1,140.0,1723.0,13500.0,2414.0
743,E5-2403,2012,32,4,4,1.8,10.0,384.0,DDR3,1,3,24,0,1,1,80.0,188.0,2481.0,739.0
744,E5-2403V2,2014,22,4,4,1.8,10.0,384.0,DDR3,1,3,24,0,1,1,80.0,192.0,2796.0,949.0
745,E5-2407,2012,32,4,4,2.2,10.0,384.0,DDR3,1,3,24,0,1,1,80.0,250.0,2726.0,851.0
746,E5-2407V2,2014,22,4,4,2.4,10.0,384.0,DDR3,1,3,24,0,1,1,80.0,250.0,3632.0,1267.0
747,E5-2418L,2012,32,4,8,2.0,10.0,384.0,DDR3,1,3,24,1,1,1,50.0,428.0,3542.0,989.0
748,E5-2420,2012,32,6,12,1.9,15.0,384.0,DDR3,1,3,24,1,1,1,95.0,387.0,4744.0,1019.0
749,E5-2420V2,2014,22,6,12,2.2,15.0,384.0,DDR3,1,3,24,1,1,1,80.0,406.0,6100.0,1321.0
750,E5-2430,2012,32,6,12,2.2,15.0,384.0,DDR3,1,3,24,1,1,1,95.0,519.0,5756.0,1196.0
751,E5-2430V2,2014,22,6,12,2.5,15.0,384.0,DDR3,1,3,24,1,1,1,80.0,551.0,6589.0,1401.0
752,E5-2430L,2012,32,6,12,2.0,15.0,384.0,DDR3,1,3,24,1,1,1,60.0,662.0,5299.0,1072.0
753,E5-2430LV2,2014,22,6,12,2.4,15.0,384.0,DDR3,1,3,24,1,1,1,60.0,612.0,4513.0,650.0
754,E5-2440,2012,32,6,12,2.4,15.0,384.0,DDR3,1,3,24,1,1,1,95.0,832.0,6061.0,1313.0
755,E5-2440V2,2014,22,8,16,1.9,20.0,384.0,DDR3,1,3,24,1,1,1,95.0,832.0,6236.0,937.0
756,E5-2448LV2,2014,22,10,20,1.8,25.0,384.0,DDR3,1,3,24,1,1,1,70.0,1424.0,6098.0,1202.0
757,E5-2450,2012,32,8,16,2.1,20.0,384.0,DDR3,1,3,24,1,1,1,95.0,1107.0,7202.0,1368.0
758,E5-2450L,2012,32,8,16,1.8,20.0,384.0,DDR3,1,3,24,1,1,1,70.0,1107.0,5625.0,996.0
759,E5-2470,2012,32,8,16,2.3,20.0,384.0,DDR3,1,3,24,1,1,1,95.0,1440.0,8012.0,1487.0
760,E5-2470V2,2014,22,10,20,2.4,25.0,384.0,DDR3,1,3,24,1,1,1,95.0,1440.0,8161.0,1336.0
761,E5-2603,2012,32,4,4,1.8,10.0,384.0,DDR3,1,4,40,0,1,1,80.0,198.0,2615.0,878.0
762,E5-2603V2,2013,22,4,4,1.8,10.0,768.0,DDR3,1,4,40,0,1,1,80.0,202.0,2630.0,932.0
763,E5-2603V3,2014,22,6,6,1.6,15.0,768.0,DDR4,2,4,40,0,1,1,85.0,213.0,3934.0,928.0
764,E5-2603V4,2016,14,6,6,1.7,15.0,1.54,DDR4,2,4,40,0,1,1,85.0,213.0,4377.0,1055.0
765,E5-2608LV3,2014,22,6,12,2.0,15.0,768.0,DDR4,2,4,40,1,1,1,52.0,441.0,6032.0,1177.0
766,E5-2609,2012,32,4,4,2.4,10.0,384.0,DDR3,1,4,40,0,1,1,80.0,294.0,2724.0,1183.0
767,E5-2609V2,2013,22,4,4,2.5,10.0,768.0,DDR3,1,4,40,0,1,1,80.0,294.0,3665.0,1298.0
768,E5-2609V3,2014,22,6,6,1.9,15.0,768.0,DDR4,2,4,40,0,1,1,80.0,306.0,4655.0,1084.0
769,E5-2609V4,2016,14,8,8,1.7,20.0,1.54,DDR4,2,4,40,0,1,1,85.0,306.0,5569.0,1087.0
770,E5-2618LV3,2014,22,8,16,2.3,20.0,768.0,DDR4,2,4,40,1,1,1,75.0,779.0,9602.0,1916.0
771,E5-2618LV4,2016,14,10,20,2.2,25.0,1.54,DDR4,2,4,40,1,1,1,75.0,779.0,11225.0,1896.0
772,E5-2620,2012,32,6,12,2.0,15.0,384.0,DDR3,1,4,40,1,1,1,95.0,360.0,5186.0,1094.0
773,E5-2620V2,2013,22,6,12,2.1,15.0,768.0,DDR3,1,4,40,1,1,1,80.0,406.0,6245.0,1315.0
774,E5-2620V3,2014,22,6,12,2.4,15.0,768.0,DDR4,2,4,40,1,1,1,85.0,417.0,7794.0,1731.0
775,E5-2620V4,2016,14,8,16,2.1,20.0,1.54,DDR4,2,4,40,1,1,1,85.0,417.0,8469.0,1430.0
776,E5-2623V3,2014,22,4,8,3.0,10.0,768.0,DDR4,2,4,40,1,1,1,105.0,444.0,6940.0,1951.0
777,E5-2623V4,2016,14,4,8,2.6,10.0,1.54,DDR4,2,4,40,1,1,1,85.0,444.0,6842.0,1744.0
778,E5-2628LV2,2013,22,8,16,1.9,20.0,768.0,DDR3,1,4,40,1,1,1,70.0,1216.0,6406.0,1063.0
779,E5-2628LV3,2014,22,10,20,2.0,25.0,768.0,DDR4,2,4,40,1,1,1,75.0,1364.0,9354.0,1442.0
780,E5-2628LV4,2016,14,12,24,1.9,30.0,1.54,DDR4,2,4,40,1,1,1,75.0,1364.0,10329.0,1446.0
781,E5-2630,2012,32,6,12,2.3,15.0,384.0,DDR3,1,4,40,1,1,1,95.0,612.0,6050.0,1275.0
782,E5-2630V2,2013,22,6,12,2.6,15.0,768.0,DDR3,1,4,40,1,1,1,80.0,612.0,7407.0,1550.0
783,E5-2630V3,2014,22,8,16,2.4,20.0,768.0,DDR4,2,4,40,1,1,1,85.0,667.0,9662.0,1750.0
784,E5-2630V4,2016,14,10,20,2.2,25.0,1.54,DDR4,2,4,40,1,1,1,85.0,667.0,11631.0,1800.0
785,E5-2630L,2012,32,6,12,2.0,15.0,384.0,DDR3,1,4,40,1,1,1,60.0,662.0,5473.0,1177.0
786,E5-2630LV2,2013,22,6,12,2.4,15.0,768.0,DDR3,1,4,40,1,1,1,60.0,612.0,6197.0,1295.0
787,E5-2630LV3,2014,22,8,16,1.8,20.0,768.0,DDR4,2,4,40,1,1,1,55.0,612.0,7289.0,1564.0
788,E5-2630LV4,2016,14,10,20,1.8,25.0,1.54,DDR4,2,4,40,1,1,1,55.0,612.0,10128.0,1759.0
789,E5-2637,2012,32,2,4,3.0,5.0,384.0,DDR3,1,4,40,1,1,1,80.0,885.0,3070.0,1501.0
790,E5-2637V2,2013,22,4,8,3.5,15.0,768.0,DDR3,1,4,40,1,1,1,130.0,996.0,6305.0,1846.0
791,E5-2637V3,2014,22,4,8,3.5,15.0,768.0,DDR4,2,4,40,1,1,1,135.0,996.0,7517.0,2045.0
792,E5-2637V4,2016,14,4,8,3.5,15.0,1.54,DDR4,2,4,40,1,1,1,135.0,996.0,8491.0,2301.0
793,E5-2640,2012,32,6,12,2.5,15.0,384.0,DDR3,1,4,40,1,1,1,95.0,885.0,6527.0,1388.0
794,E5-2640V2,2013,22,8,16,2.0,20.0,768.0,DDR3,1,4,40,1,1,1,95.0,885.0,7154.0,1217.0
795,E5-2640V3,2014,22,8,16,2.6,20.0,768.0,DDR4,2,4,40,1,1,1,90.0,939.0,10618.0,1905.0
796,E5-2640V4,2016,14,10,20,2.4,25.0,1.54,DDR4,2,4,40,1,1,1,90.0,939.0,12267.0,1864.0
797,E5-2643,2012,32,4,8,3.3,10.0,384.0,DDR3,1,4,40,1,1,1,130.0,885.0,5650.0,1665.0
798,E5-2643V2,2013,22,6,12,3.5,25.0,768.0,DDR3,1,4,40,1,1,1,130.0,1552.0,8990.0,1937.0
799,E5-2643V3,2014,22,6,12,3.4,20.0,768.0,DDR4,2,4,40,1,1,1,135.0,1552.0,10656.0,2042.0
800,E5-2643V4,2016,14,6,12,3.4,20.0,1.54,DDR4,2,4,40,1,1,1,135.0,1552.0,10568.0,2218.0
801,E5-2648L,2012,32,8,16,1.8,20.0,384.0,DDR3,1,4,40,1,1,1,70.0,1266.0,4265.0,941.0
802,E5-2648LV2,2013,22,10,20,1.9,25.0,768.0,DDR3,1,4,40,1,1,1,70.0,1479.0,7751.0,1314.0
803,E5-2648LV3,2014,22,12,24,1.8,30.0,768.0,DDR4,2,4,40,1,1,1,75.0,1544.0,8024.0,1236.0
804,E5-2648LV4,2016,14,14,28,1.8,35.0,1.54,DDR4,2,4,40,1,1,1,75.0,1544.0,10765.0,1447.0
805,E5-2650,2012,32,8,16,2.0,20.0,384.0,DDR3,1,4,40,1,1,1,95.0,1107.0,7250.0,1247.0
806,E5-2650V2,2013,22,8,16,2.6,20.0,768.0,DDR3,1,4,40,1,1,1,95.0,1166.0,9925.0,1648.0
807,E5-2650V3,2014,22,10,20,2.3,25.0,768.0,DDR4,2,4,40,1,1,1,105.0,1166.0,11844.0,1557.0
808,E5-2650V4,2016,14,12,24,2.2,30.0,1.54,DDR4,2,4,40,1,1,1,105.0,1166.0,12150.0,1665.0
809,E5-2650L,2012,32,8,16,1.8,20.0,384.0,DDR3,1,4,40,1,1,1,70.0,1107.0,5836.0,1097.0
810,E5-2650LV2,2013,22,10,20,1.7,25.0,768.0,DDR3,1,4,40,1,1,1,70.0,1219.0,6729.0,1073.0
811,E5-2650LV3,2014,22,12,24,1.8,30.0,768.0,DDR4,2,4,40,1,1,1,65.0,1329.0,11586.0,1344.0
812,E5-2650LV4,2016,14,14,28,1.7,35.0,1.54,DDR4,2,4,40,1,1,1,65.0,1329.0,11111.0,1554.0
813,E5-2658,2012,32,8,16,2.1,20.0,384.0,DDR3,1,4,40,1,1,1,95.0,1479.0,6115.0,1169.0
814,E5-2658V2,2013,22,10,20,2.4,25.0,768.0,DDR3,1,4,40,1,1,1,95.0,1750.0,8837.0,1309.0
815,E5-2658V3,2014,22,12,24,2.2,30.0,768.0,DDR4,2,4,40,1,1,1,105.0,1832.0,12681.0,1664.0
816,E5-2658V4,2016,14,14,28,2.3,35.0,1.54,DDR4,2,4,40,1,1,1,105.0,1832.0,13209.0,1604.0
817,E5-2660,2012,32,8,16,2.2,20.0,384.0,DDR3,1,4,40,1,1,1,95.0,1329.0,7944.0,1386.0
818,E5-2660V2,2013,22,10,20,2.2,25.0,768.0,DDR3,1,4,40,1,1,1,95.0,1389.0,9863.0,1430.0
819,E5-2660V3,2014,22,10,20,2.6,25.0,768.0,DDR4,2,4,40,1,1,1,105.0,1445.0,13451.0,1802.0
820,E5-2660V4,2016,14,14,28,2.0,35.0,1,DDR4,2,4,40,1,1,1,105.0,1445.0,13371.0,1728.0
821,E5-2665,2012,32,8,16,2.4,20.0,384.0,DDR3,1,4,40,1,1,1,115.0,1440.0,8608.0,1447.0
822,E5-2667,2012,32,6,12,2.9,15.0,384.0,DDR3,1,4,40,1,1,1,130.0,1552.0,7410.0,1604.0
823,E5-2667V2,2013,22,8,16,3.3,25.0,768.0,DDR3,1,4,40,1,1,1,130.0,2057.0,12105.0,1941.0
824,E5-2667V3,2014,22,8,16,3.2,20.0,768.0,DDR4,2,4,40,1,1,1,135.0,2057.0,12518.0,2041.0
825,E5-2667V4,2016,14,8,16,3.2,25.0,1.54,DDR4,2,4,40,1,1,1,135.0,2057.0,13624.0,2229.0
826,E5-2670,2012,32,8,16,2.6,20.0,384.0,DDR3,1,4,40,1,1,1,115.0,1552.0,9321.0,1497.0
827,E5-2670V2,2013,22,10,20,2.5,25.0,768.0,DDR3,1,4,40,1,1,1,115.0,1552.0,11090.0,1610.0
828,E5-2670V3,2014,22,12,24,2.3,30.0,768.0,DDR4,2,4,40,1,1,1,120.0,1589.0,13613.0,1687.0
829,E5-2680,2012,32,8,16,2.7,20.0,384.0,DDR3,1,4,40,1,1,1,130.0,1723.0,9441.0,1514.0
830,E5-2680V2,2013,22,10,20,2.8,25.0,768.0,DDR3,1,4,40,1,1,1,115.0,1723.0,12613.0,1807.0
831,E5-2680V3,2014,22,12,24,2.5,30.0,768.0,DDR4,2,4,40,1,1,1,120.0,1745.0,15223.0,1809.0
832,E5-2680V4,2016,14,14,28,2.4,35.0,1.54,DDR4,2,4,40,1,1,1,120.0,1745.0,15301.0,1931.0
833,E5-2683V3,2014,22,14,28,2.0,35.0,768.0,DDR4,2,4,40,1,1,1,120.0,1846.0,13725.0,1677.0
834,E5-2683V4,2016,14,16,32,2.1,40.0,1.54,DDR4,2,4,40,1,1,1,120.0,1846.0,14871.0,1656.0
835,E5-2687W,2012,32,8,16,3.1,20.0,256.0,DDR3,1,4,40,1,1,1,150.0,1885.0,7526.0,1670.0
836,E5-2687WV2,2013,22,8,16,3.4,25.0,256.0,DDR3,1,4,40,1,1,1,150.0,2108.0,11798.0,2006.0
837,E5-2687WV3,2014,22,10,20,3.1,25.0,768.0,DDR4,2,4,40,1,1,1,160.0,2141.0,13578.0,1915.0
838,E5-2687WV4,2016,14,12,24,3.0,30.0,1.54,DDR4,2,4,40,1,1,1,160.0,2141.0,17066.0,2137.0
839,E5-2690,2012,32,8,16,2.9,20.0,384.0,DDR3,1,4,40,1,1,1,135.0,2057.0,9982.0,1691.0
840,E5-2690V2,2013,22,10,20,3.0,25.0,768.0,DDR3,1,4,40,1,1,1,130.0,2057.0,13178.0,1721.0
841,E5-2690V3,2014,22,12,24,2.6,30.0,768.0,DDR4,2,4,40,1,1,1,135.0,2090.0,15758.0,1796.0
842,E5-2690V4,2016,14,14,28,2.6,35.0,1.54,DDR4,2,4,40,1,1,1,135.0,2090.0,16481.0,2090.0
843,E5-2695V2,2013,22,12,24,2.4,30.0,768.0,DDR3,1,4,40,1,1,1,115.0,2336.0,12836.0,1381.0
844,E5-2695V3,2014,22,14,28,2.3,35.0,768.0,DDR4,2,4,40,1,1,1,120.0,2424.0,15575.0,1826.0
845,E5-2695V4,2016,14,18,36,2.1,45.0,1.54,DDR4,2,4,40,1,1,1,120.0,2424.0,18723.0,1871.0
846,E5-2697V2,2013,22,12,24,2.7,30.0,768.0,DDR3,1,4,40,1,1,1,130.0,2614.0,9338.0,1742.0
847,E5-2697V3,2014,22,14,28,2.6,35.0,768.0,DDR4,2,4,40,1,1,1,145.0,2702.0,16199.0,1998.0
848,E5-2697V4,2016,14,18,36,2.3,45.0,1.54,DDR4,2,4,40,1,1,1,145.0,2702.0,16298.0,1894.0
849,E5-2697AV4,2016,14,16,32,2.6,40.0,1.54,DDR4,2,4,40,1,1,1,145.0,2891.0,17709.0,2203.0
850,E5-2698V4,2016,14,20,40,2.2,50.0,1.54,DDR4,2,4,40,1,1,1,135.0,3226.0,16289.0,1734.0
851,E5-2699V4,2016,14,22,44,2.2,55.0,1.54,DDR4,2,4,40,1,1,1,145.0,4115.0,18931.0,2042.0
852,E5-2699AV4,2016,14,22,44,2.4,55.0,1.54,DDR4,2,4,40,1,1,1,145.0,4938.0,16516.0,1435.0
853,E5-4603,2012,32,4,8,2.0,10.0,384.0,DDR3,1,4,40,1,1,1,95.0,551.0,3414.0,964.0
854,E5-4607V2,2014,22,6,12,2.6,15.0,768.0,DDR3,1,4,40,1,1,1,95.0,885.0,6289.0,1327.0
855,E5-4610,2012,32,6,12,2.4,15.0,384.0,DDR3,1,4,40,1,1,1,95.0,1219.0,6505.0,1417.0
856,E5-4610V3,2015,22,10,20,1.7,25.0,768.0,DDR4,2,4,40,1,1,1,105.0,1219.0,6797.0,998.0
857,E5-4617,2012,32,6,6,2.9,15.0,384.0,DDR3,1,4,40,0,1,1,130.0,1611.0,6342.0,1570.0
858,E5-4620,2012,32,8,16,2.2,16.0,384.0,DDR3,1,4,40,1,1,1,95.0,1611.0,6877.0,1253.0
859,E5-4620V3,2015,22,10,20,2.0,25.0,768.0,DDR4,2,4,40,1,1,1,105.0,1668.0,10681.0,-1.0
860,E5-4627V2,2014,22,8,8,3.3,16.0,768.0,DDR3,1,4,40,0,1,1,130.0,2108.0,8608.0,1769.0
861,E5-4627V3,2015,22,10,10,2.6,25.0,768.0,DDR4,2,4,40,0,1,1,135.0,2225.0,11150.0,1763.0
862,E5-4627V4,2016,14,10,10,2.6,25.0,1.54,DDR4,2,4,40,0,1,1,135.0,2225.0,12524.0,2039.0
863,E5-4640,2012,32,8,16,2.4,20.0,384.0,DDR3,1,4,40,1,1,1,95.0,2725.0,7360.0,1326.0
864,E5-4640V3,2015,22,12,24,1.9,30.0,768.0,DDR4,2,4,40,1,1,1,105.0,2859.0,9752.0,1472.0
865,E5-4648V3,2015,22,12,24,1.7,30.0,768.0,DDR4,2,4,40,1,0,1,105.0,2405.0,8519.0,1281.0
866,E5-4650,2012,32,8,16,2.7,20.0,384.0,DDR3,1,4,40,1,1,1,130.0,3616.0,7825.0,1516.0
867,E5-4655V3,2015,22,6,12,2.9,30.0,768.0,DDR4,2,4,40,1,1,1,135.0,4616.0,9077.0,1792.0
868,E5-4657LV2,2014,22,12,24,2.4,30.0,768.0,DDR3,1,4,40,1,1,1,115.0,4394.0,11909.0,1458.0
869,E5-4660V3,2015,22,14,28,2.1,35.0,768.0,DDR4,2,4,40,1,1,1,120.0,4727.0,12402.0,1622.0
870,E5-4667V3,2015,22,16,32,2.0,40.0,768.0,DDR4,2,4,40,1,1,1,135.0,5729.0,14548.0,1356.0
871,E5-4669V3,2015,22,18,36,2.1,45.0,768.0,DDR4,2,4,40,1,1,1,135.0,7007.0,15058.0,1623.0
872,E5-4669V4,2016,14,22,44,2.2,55.0,1.54,DDR4,2,4,40,1,1,1,135.0,7007.0,10742.0,1378.0
873,E5240,2008,45,2,1,3.0,6.0,1,DDR3,1,1,1,0,1,1,65.0,649.0,1396.0,1277.0
874,E5405,2007,45,4,1,2.0,12.0,1,DDR3,1,1,1,0,1,1,80.0,231.0,1595.0,864.0
875,E5410,2007,45,4,1,2.33,12.0,1,DDR3,1,1,1,0,1,1,80.0,284.0,1771.0,992.0
876,E5420,2007,45,4,1,2.5,12.0,1,DDR3,1,1,1,0,1,1,80.0,347.0,1899.0,1059.0
877,E5430,2007,45,4,1,2.66,12.0,1,DDR3,1,1,1,0,1,1,80.0,491.0,2217.0,1162.0
878,E5440,2008,45,4,1,2.83,12.0,1,DDR3,1,1,1,0,1,1,80.0,703.0,2232.0,1220.0
879,E5450,2007,45,4,1,3.0,12.0,1,DDR3,1,1,1,0,1,1,80.0,969.0,2476.0,1295.0
880,E5504,2009,45,4,4,2.0,4.0,144.0,DDR3,1,3,1,0,1,1,80.0,221.0,1557.0,859.0
881,E5540,2009,45,4,8,2.53,8.0,144.0,DDR3,1,3,1,1,1,1,80.0,940.0,2633.0,1157.0
882,E5603,2011,32,4,4,1.6,4.0,288.0,DDR3,1,3,1,0,1,1,80.0,188.0,1948.0,706.0
883,E5606,2011,32,4,4,2.13,8.0,288.0,DDR3,1,3,1,0,1,1,80.0,219.0,2600.0,936.0
884,E5607,2011,32,4,4,2.26,8.0,288.0,DDR3,1,3,1,0,1,1,80.0,276.0,2696.0,997.0
885,E5620,2010,32,4,8,2.4,12.0,288.0,DDR3,1,3,1,1,1,1,80.0,369.0,3570.0,1116.0
886,E5630,2010,32,4,8,2.53,12.0,288.0,DDR3,1,3,1,1,1,1,80.0,551.0,3826.0,1203.0
887,E5640,2010,32,4,8,2.66,12.0,288.0,DDR3,1,3,1,1,1,1,80.0,774.0,4045.0,1193.0
888,E5645,2010,32,6,12,2.4,12.0,288.0,DDR3,1,3,1,1,1,1,80.0,525.0,4686.0,1135.0
889,E5649,2011,32,6,12,2.53,12.0,288.0,DDR3,1,3,1,1,1,1,80.0,774.0,4651.0,1237.0
890,E7-2830,2011,32,8,16,2.13,24.0,1.02,DDR3,1,4,1,1,1,1,105.0,1779.0,3119.0,860.0
891,5118,2017,14,12,24,2.3,16.5,768.0,DDR4,2,6,48,1,1,1,105.0,1273.0,16344.0,1831.0
892,5120T,2017,14,14,28,2.2,19.25,768.0,DDR4,2,6,48,1,1,1,105.0,1727.0,18045.0,1825.0
893,5122,2017,14,4,8,3.6,16.5,768.0,DDR4,2,6,48,1,1,1,105.0,1221.0,10863.0,2154.0
894,6126,2017,14,12,24,2.6,19.25,768.0,DDR4,2,6,48,1,1,1,125.0,1776.0,20151.0,2017.0
895,6128,2017,14,6,12,3.4,19.25,768.0,DDR4,2,6,48,1,1,1,115.0,1691.0,14963.0,2246.0
896,6130,2017,14,16,32,2.1,22.0,768.0,DDR4,2,6,48,1,1,1,125.0,1894.0,19534.0,1858.0
897,6132,2017,14,14,28,2.6,19.25,768.0,DDR4,2,6,48,1,1,1,140.0,2111.0,23774.0,2243.0
898,6134,2017,14,8,16,3.2,24.75,768.0,DDR4,2,6,48,1,1,1,130.0,2214.0,16687.0,2247.0
899,6136,2017,14,12,24,3.0,24.75,768.0,DDR4,2,6,48,1,1,1,150.0,2460.0,22156.0,2191.0
900,6138,2017,14,20,40,2.0,27.5,768.0,DDR4,2,6,48,1,1,1,125.0,2612.0,25279.0,2223.0
901,6138T,2017,14,20,40,2.0,27.5,768.0,DDR4,2,6,48,1,1,1,125.0,2742.0,24800.0,2050.0
902,6140,2017,14,18,36,2.3,24.75,768.0,DDR4,2,6,48,1,1,1,140.0,2445.0,23831.0,1838.0
903,6144,2017,14,8,16,3.5,24.75,768.0,DDR4,2,6,48,1,1,1,150.0,2925.0,19557.0,2521.0
904,6146,2017,14,12,24,3.2,24.75,768.0,DDR4,2,6,48,1,1,1,165.0,3286.0,24126.0,2508.0
905,6148,2017,14,20,40,2.4,27.5,768.0,DDR4,2,6,48,1,1,1,150.0,3072.0,25299.0,2055.0
906,6152,2017,14,22,44,2.1,30.25,768.0,DDR4,2,6,48,1,1,1,140.0,3655.0,23367.0,2153.0
907,6154,2017,14,18,36,3.0,24.75,768.0,DDR4,2,6,48,1,1,1,200.0,3543.0,27568.0,2247.0
908,L3110,2009,45,2,1,3.0,6.0,1,DDR3,1,1,1,0,1,1,45.0,243.0,1389.0,1301.0
909,L3360,2009,45,4,1,2.83,12.0,1,DDR3,1,1,1,0,1,1,65.0,340.0,2265.0,1234.0
910,L3406,2010,32,2,4,2.26,4.0,16.38,DDR3,1,2,16,1,1,1,30.0,201.0,864.0,632.0
911,L3426,2009,45,4,8,1.86,8.0,32.0,DDR3,1,2,16,1,1,1,45.0,305.0,2388.0,1141.0
912,L5408,2008,45,4,1,2.13,12.0,1,DDR3,1,1,1,0,1,1,40.0,494.0,1788.0,944.0
913,L5410,2008,45,4,1,2.33,12.0,1,DDR3,1,1,1,0,1,1,50.0,351.0,1967.0,1030.0
914,L5420,2008,45,4,1,2.5,12.0,1,DDR3,1,1,1,0,1,1,50.0,413.0,2061.0,1089.0
915,L5430,2008,45,4,1,2.66,12.0,1,DDR3,1,1,1,0,1,1,50.0,601.0,2236.0,1150.0
916,L5609,2010,32,4,4,1.86,12.0,288.0,DDR3,1,3,1,0,1,1,40.0,440.0,3298.0,1160.0
917,L5630,2010,32,4,8,2.13,12.0,288.0,DDR3,1,3,1,1,1,1,40.0,551.0,3345.0,920.0
918,L5638,2010,32,6,12,2.0,12.0,1,DDR3,1,1,1,1,1,1,60.0,525.0,4251.0,973.0
919,L5640,2010,32,6,12,2.26,12.0,288.0,DDR3,1,3,1,1,1,1,60.0,996.0,4874.0,1144.0
920,8160,2017,14,24,48,2.1,33.0,768.0,DDR4,2,6,48,1,1,1,150.0,4702.0,24107.0,2118.0
921,8168,2017,14,24,48,2.7,33.0,768.0,DDR4,2,6,48,1,1,1,205.0,5890.0,28969.0,2196.0
922,8176,2017,14,28,56,2.1,38.5,768.0,DDR4,2,6,48,1,1,1,165.0,8719.0,24299.0,2046.0
923,4108,2017,14,8,16,1.8,11.0,768.0,DDR4,2,6,48,1,1,1,85.0,417.0,9867.0,1540.0
924,4109T,2017,14,8,16,2.0,11.0,768.0,DDR4,2,6,48,1,1,1,70.0,501.0,10848.0,1444.0
925,4110,2017,14,8,16,2.1,11.0,768.0,DDR4,2,6,48,1,1,1,85.0,501.0,10721.0,1671.0
926,4112,2017,14,4,8,2.6,8.25,768.0,DDR4,2,6,48,1,1,1,85.0,473.0,8472.0,1777.0
927,4114,2017,14,10,20,2.2,13.75,768.0,DDR4,2,6,48,1,1,1,85.0,694.0,13111.0,1736.0
928,4116,2017,14,12,24,2.1,16.5,768.0,DDR4,2,6,48,1,1,1,85.0,1002.0,15499.0,1676.0
929,W-2123,2017,14,4,8,3.6,8.25,512.0,DDR4,2,4,48,1,1,1,120.0,294.0,8617.0,2207.0
930,W-2125,2017,14,4,8,4.0,8.25,512.0,DDR4,2,4,48,1,1,1,120.0,444.0,11129.0,2658.0
931,W-2133,2017,14,6,12,3.6,8.25,512.0,DDR4,2,4,48,1,1,1,140.0,617.0,12873.0,2256.0
932,W-2135,2017,14,6,12,3.7,8.25,512.0,DDR4,2,4,48,1,1,1,140.0,835.0,14788.0,2666.0
933,W-2145,2017,14,8,16,3.7,11.0,512.0,DDR4,2,4,48,1,1,1,140.0,1113.0,18292.0,2568.0
934,W-2155,2017,14,10,20,3.3,13.75,512.0,DDR4,2,4,48,1,1,1,140.0,1440.0,21218.0,2648.0
935,W3520,2009,45,4,8,2.66,8.0,24.0,DDR3,1,3,1,1,1,1,130.0,305.0,2839.0,1277.0
936,W3530,2010,45,4,8,2.8,8.0,24.0,DDR3,1,3,1,1,1,1,130.0,305.0,2975.0,1333.0
937,W3540,2009,45,4,8,2.93,8.0,24.0,DDR3,1,3,1,1,1,1,130.0,594.0,3130.0,1398.0
938,W3550,2009,45,4,8,3.06,8.0,24.0,DDR3,1,3,1,1,1,1,130.0,305.0,3037.0,1359.0
939,W3565,2009,45,4,8,3.2,8.0,24.0,DDR3,1,3,1,1,1,1,130.0,305.0,3324.0,1492.0
940,W3570,2009,45,4,8,3.2,8.0,24.0,DDR3,1,3,1,1,1,1,130.0,1059.0,3419.0,1531.0
941,W3580,2009,45,4,8,3.33,8.0,24.0,DDR3,1,3,1,1,1,1,130.0,1059.0,3490.0,1569.0
942,W3670,2010,32,6,12,3.2,12.0,24.0,DDR3,1,3,1,1,1,1,130.0,594.0,6744.0,1511.0
943,W3680,2010,32,6,12,3.33,12.0,24.0,DDR3,1,3,1,1,1,1,130.0,594.0,6894.0,1572.0
944,X3330,2008,45,4,1,2.66,6.0,1,DDR3,1,1,1,0,1,1,95.0,202.0,2019.0,1187.0
945,X3350,2008,45,4,1,2.66,12.0,1,DDR3,1,1,1,0,1,1,95.0,268.0,2321.0,1154.0
946,X3360,2008,45,4,1,2.83,12.0,1,DDR3,1,1,1,0,1,1,95.0,287.0,2034.0,1219.0
947,X3370,2008,45,4,1,3.0,12.0,1,DDR3,1,1,1,0,1,1,95.0,339.0,2441.0,1312.0
948,X3380,2009,45,4,1,3.16,12.0,1,DDR3,1,1,1,0,1,1,95.0,562.0,2396.0,1358.0
949,X3430,2009,45,4,4,2.4,8.0,32.0,DDR3,1,2,16,0,1,1,95.0,203.0,2311.0,955.0
950,X3440,2009,45,4,8,2.53,8.0,32.0,DDR3,1,2,16,1,1,1,95.0,230.0,2568.0,1134.0
951,X3450,2009,45,4,8,2.66,8.0,32.0,DDR3,1,2,16,1,1,1,95.0,237.0,2648.0,1105.0
952,X3460,2009,45,4,8,2.8,8.0,32.0,DDR3,1,2,16,1,1,1,95.0,328.0,3187.0,1365.0
953,X3470,2009,45,4,8,2.93,8.0,32.0,DDR3,1,2,16,1,1,1,95.0,339.0,3156.0,1399.0
954,X3480,2010,45,4,8,3.06,8.0,32.0,DDR3,1,2,16,1,1,1,95.0,623.0,3251.0,1486.0
955,X5450,2007,45,4,1,3.0,12.0,1,DDR3,1,1,1,0,1,1,120.0,912.0,2421.0,1232.0
956,X5460,2007,45,4,1,3.16,12.0,1,DDR3,1,1,1,0,1,1,120.0,1245.0,2520.0,1368.0
957,X5470,2008,45,4,1,3.33,12.0,1,DDR3,1,1,1,0,1,1,120.0,1467.0,2644.0,1436.0
958,X5647,2011,32,4,8,2.93,12.0,288.0,DDR3,1,3,1,1,1,1,130.0,774.0,4553.0,1355.0
959,X5650,2010,32,6,12,2.66,12.0,288.0,DDR3,1,3,1,1,1,1,95.0,996.0,5894.0,1322.0
960,X5660,2010,32,6,12,2.8,12.0,288.0,DDR3,1,3,1,1,1,1,95.0,1219.0,6216.0,1407.0
961,X5667,2010,32,4,8,3.06,12.0,288.0,DDR3,1,3,1,1,1,1,95.0,1440.0,4545.0,1447.0
962,X5670,2010,32,6,12,2.93,12.0,288.0,DDR3,1,3,1,1,1,1,95.0,1440.0,5978.0,1346.0
963,X5675,2011,32,6,12,3.06,12.0,288.0,DDR3,1,3,1,1,1,1,95.0,1440.0,6377.0,1450.0
964,X5677,2010,32,4,8,3.46,12.0,288.0,DDR3,1,3,1,1,1,1,130.0,1663.0,6474.0,1497.0
965,X5680,2010,32,6,12,3.33,12.0,288.0,DDR3,1,3,1,1,1,1,130.0,1663.0,6708.0,1494.0
966,X5687,2011,32,4,8,3.6,12.0,288.0,DDR3,1,3,1,1,1,1,130.0,1663.0,5416.0,1477.0
967,X5690,2011,32,6,12,3.46,12.0,288.0,DDR3,1,3,1,1,1,1,130.0,1663.0,6879.0,1583.0
