,name,year,TDP,Price,CPU_Mark,Thread_Mark
0,AMD Athlon 64 X2 Dual Core 4200+,2008,89.0,195.49,730,734
1,AMD Athlon 64 X2 Dual Core 4800+,2008,65.0,149.95,751,805
2,AMD Athlon 64 X2 Dual Core 5200+,2008,65.0,60.0,781,916
3,AMD Athlon 64 X2 Dual Core 5400+,2008,65.0,52.9,839,970
4,AMD Athlon 64 X2 Dual Core 5600+,2008,89.0,15.95,855,960
5,AMD Athlon 64 X2 Dual Core 6000+,2008,89.0,17.95,995,1099
6,AMD Athlon 64 X2 Dual Core 6400+,2008,125.0,32.95,1099,1196
7,AMD Opteron 144,2008,67.0,29.9,486,579
8,AMD Phenom 9500 Quad-Core,2008,95.0,18.95,1427,758
9,AMD Phenom 9850 Quad-Core,2008,125.0,29.9,1873,1029
10,AMD Phenom 9950 Quad-Core,2008,125.0,34.9,1767,1048
11,AMD Turion X2 Dual-Core Mobile RM-72,2008,35.0,224.2,459,616
12,AMD Athlon 64 3000+,2008,89.0,39.86,473,554
13,AMD Athlon 64 3200+,2008,62.0,149.9,510,595
14,AMD Athlon 64 3500+,2008,45.0,18.9,563,664
15,AMD Athlon 64 3700+,2008,89.0,69.0,606,669
16,AMD Athlon 64 4000+,2008,62.0,15.0,494,536
17,AMD Athlon 64 X2 Dual Core 3600+,2008,65.0,50.0,802,665
18,AMD Athlon 64 X2 Dual Core 4400+,2008,65.0,99.68,745,838
19,AMD Athlon 64 X2 Dual Core 4600+,2008,65.0,359.9,950,842
20,AMD Athlon 64 X2 Dual Core 5000+,2008,65.0,331.4,929,856
21,AMD Athlon 64 X2 Dual-Core TK-55,2008,35.0,72.7,509,604
22,AMD Athlon XP 2600+,2008,-1.0,23.0,373,584
23,AMD Athlon XP 2700+,2008,-1.0,84.7,394,612
24,AMD Opteron 275,2008,95.0,54.99,1291,685
25,AMD Phenom 8450 Triple-Core,2008,95.0,29.9,1025,764
26,AMD Phenom 8650 Triple-Core,2008,95.0,14.8,1146,871
27,AMD Phenom 9550 Quad-Core,2008,95.0,17.9,1668,892
28,AMD Phenom 9600 Quad-Core,2008,95.0,11.9,1569,878
29,AMD Phenom 9650 Quad-Core,2008,95.0,38.95,1633,934
30,AMD Phenom 9750 Quad-Core,2008,125.0,29.1,1716,975
31,AMD Sempron 2400+,2008,-1.0,12.99,315,494
32,AMD Sempron 2600+,2008,-1.0,19.95,389,501
33,AMD Sempron 2800+,2008,62.0,12.0,358,471
34,AMD Sempron 3000+,2008,62.0,24.99,412,512
35,AMD Sempron 3300+,2008,62.0,15.0,484,606
36,AMD Sempron 3400+,2008,62.0,21.4,450,532
37,AMD Sempron 3800+,2008,62.0,14.99,554,650
38,AMD Turion Dual-Core RM-70,2008,31.0,25.0,490,514
39,AMD Athlon 2650e,2009,-1.0,19.0,422,468
40,AMD Athlon 64 2800+,2009,89.0,99.9,376,477
41,AMD Athlon 64 3800+,2009,45.0,39.99,635,702
42,AMD Athlon 64 X2 Dual Core 5800+,2009,89.0,24.9,862,1043
43,AMD Athlon 7750 Dual-Core,2009,95.0,152.9,970,930
44,AMD Opteron 165,2009,110.0,550.0,899,554
45,AMD Phenom II X4 920,2009,125.0,27.89,2020,1079
46,AMD Phenom II X4 940,2009,125.0,49.95,2168,1197
47,AMD Sempron 2200+,2009,-1.0,29.99,283,429
48,AMD Sempron 3200+,2009,62.0,34.98,443,547
49,AMD Athlon 64 FX-55,2009,104.0,179.9,622,777
50,AMD Athlon Dual Core 4450e,2009,45.0,14.4,675,805
51,AMD Athlon Dual Core 4850e,2009,45.0,39.0,783,875
52,AMD Athlon Dual Core 5050e,2009,45.0,60.0,821,933
53,AMD Athlon XP 1700+,2009,64.0,61.2,271,418
54,AMD Athlon XP 2000+,2009,70.0,24.9,300,479
55,AMD Athlon XP 2200+,2009,-1.0,84.9,329,515
56,AMD Athlon XP 2400+,2009,-1.0,79.99,361,577
57,AMD Opteron 1216,2009,103.0,54.8,752,729
58,AMD Opteron 180,2009,110.0,98.99,1264,758
59,AMD Phenom 8600 Triple-Core,2009,95.0,52.9,1119,783
60,AMD Phenom 9100e Quad-Core,2009,65.0,39.9,1165,636
61,AMD Phenom 9150e Quad-Core,2009,65.0,39.9,1258,720
62,AMD Phenom 9350e Quad-Core,2009,65.0,3382.0,1509,802
63,AMD Phenom II X3 710,2009,95.0,84.5,1404,1072
64,AMD Phenom II X3 720,2009,95.0,19.95,1541,1104
65,AMD Phenom II X4 810,2009,95.0,24.95,1832,1017
66,AMD Sempron LE-1250,2009,45.0,37.99,544,571
67,AMD Turion 64 X2 Mobile TL-50,2009,31.0,18.9,576,494
68,AMD Turion 64 X2 Mobile TL-56,2009,31.0,13.9,491,622
69,AMD Turion 64 X2 Mobile TL-60,2009,31.0,15.9,527,641
70,AMD Turion Dual-Core RM-72,2009,35.0,39.9,499,652
71,AMD Turion X2 Ultra Dual-Core Mobile ZM-84,2009,35.0,18.9,563,709
72,AMD Athlon 2800+,2009,89.0,79.99,448,675
73,AMD Athlon 64 FX-74,2009,125.0,499.5,1495,950
74,AMD Athlon 64 X2 Dual Core TK-53,2009,31.0,29.9,423,506
75,AMD Athlon Dual Core 4450B,2009,45.0,31.0,671,745
76,AMD Athlon LE-1600,2009,45.0,21.0,634,662
77,AMD Athlon LE-1620,2009,45.0,18.0,648,730
78,AMD Athlon XP 1800+,2009,66.0,58.9,300,463
79,AMD Athlon XP 3000+,2009,62.0,79.7,403,610
80,AMD Opteron 1212,2009,103.0,290.0,540,701
81,AMD Opteron 1352,2009,75.0,135.9,1510,919
82,AMD Opteron 1354,2009,75.0,135.0,1673,916
83,AMD Opteron 146,2009,67.0,59.9,532,616
84,AMD Opteron 2218,2009,95.0,38.99,1594,755
85,AMD Opteron 2378,2009,75.0,14.11,1957,991
86,AMD Opteron 280,2009,95.0,25.0,1177,661
87,AMD Phenom 9600B Quad-Core,2009,95.0,147.1,1638,962
88,AMD Phenom II X4 910,2009,95.0,100.0,1921,1045
89,AMD Phenom II X4 925,2009,95.0,29.9,2051,1124
90,AMD Phenom II X4 955,2009,125.0,49.9,2420,1303
91,AMD Sempron 2300+,2009,-1.0,45.0,318,483
92,AMD Sempron 2500+,2009,-1.0,39.99,265,315
93,AMD Sempron 3100+,2009,62.0,79.95,458,589
94,AMD Sempron 3500+,2009,62.0,15.0,357,406
95,AMD Sempron 3600+,2009,62.0,15.0,559,580
96,AMD Sempron Dual Core 2100,2009,65.0,37.99,972,559
97,AMD Sempron LE-1100,2009,45.0,19.95,486,551
98,AMD Sempron LE-1150,2009,45.0,14.9,407,512
99,AMD Sempron LE-1200,2009,45.0,14.95,551,633
100,AMD Sempron SI-40,2009,25.0,12.0,198,483
101,AMD Sempron SI-42,2009,25.0,29.99,205,551
102,AMD Turion 64 Mobile ML-37,2009,35.0,25.9,489,623
103,AMD Turion 64 X2 Mobile TL-62,2009,35.0,311.0,1131,652
104,AMD Turion 64 X2 Mobile TL-64,2009,35.0,39.3,993,626
105,AMD Turion 64 X2 Mobile TL-68,2009,35.0,90.0,1319,764
106,AMD Turion X2 Ultra Dual-Core Mobile ZM-80,2009,32.0,62.0,526,598
107,AMD Opteron 2220,2009,95.0,238.0,1702,852
108,AMD Opteron 285,2009,95.0,27.9,1470,783
109,AMD Phenom 8600B Triple-Core,2009,95.0,14.9,1293,809
110,AMD Phenom II X4 805,2009,95.0,173.9,1800,1012
111,AMD Phenom II X4 945,2009,125.0,34.79,2205,1218
112,AMD Turion 64 X2 Mobile TL-66,2009,35.0,378.0,572,763
113,AMD Turion X2 Dual-Core Mobile RM-74,2009,35.0,24.4,476,629
114,AMD Turion X2 Ultra Dual-Core Mobile ZM-86,2009,35.0,49.0,569,750
115,AMD Turion X2 Ultra Dual-Core Mobile ZM-87,2009,35.0,39.9,530,663
116,AMD Athlon 1640B,2009,45.0,50.0,633,711
117,AMD Athlon 7550 Dual-Core,2009,95.0,50.0,840,895
118,AMD Athlon 7850 Dual-Core,2009,95.0,49.99,943,1087
119,AMD Athlon Dual Core 5000B,2009,65.0,95.0,839,935
120,AMD Opteron 1356,2009,75.0,89.9,1759,973
121,AMD Phenom X3 8550,2009,95.0,169.9,1252,898
122,AMD Sempron LE-1300,2009,45.0,13.0,615,599
123,AMD Athlon II X2 250,2009,65.0,16.95,1064,1109
124,AMD Opteron 290,2009,95.0,135.0,1465,876
125,AMD Phenom II X2 550,2009,80.0,17.95,1201,1221
126,AMD Phenom II X4 905e,2009,65.0,53.9,1781,999
127,AMD Athlon II X2 245,2009,65.0,13.47,1001,1103
128,AMD Opteron 2384,2009,75.0,840.0,2178,1137
129,AMD Phenom II X3 705e,2009,65.0,152.3,1284,1017
130,AMD Athlon II X2 240,2009,65.0,14.95,906,1020
131,AMD Athlon II X3 425,2009,95.0,26.9,1546,1112
132,AMD Athlon II X4 630,2009,95.0,19.89,2052,1136
133,AMD Opteron 2356,2009,75.0,42.0,1790,901
134,AMD Opteron 2431,2009,75.0,24.99,4516,877
135,AMD Phenom 8250e Triple-Core,2009,65.0,46.9,1120,773
136,AMD Phenom II X2 545,2009,80.0,43.9,1237,1239
137,AMD Phenom II X3 B75,2009,95.0,39.9,1685,1217
138,AMD Phenom II X4 965,2009,125.0,69.9,2551,1352
139,AMD Sempron 140,2009,45.0,11.95,391,829
140,AMD Turion Dual-Core RM-75,2009,35.0,27.4,507,400
141,AMD Turion X2 Ultra Dual-Core Mobile ZM-85,2009,35.0,45.0,562,745
142,AMD Athlon II X2 215,2009,65.0,15.68,943,1032
143,AMD Athlon II X4 620,2009,95.0,19.95,1985,1079
144,AMD Opteron 2220 SE,2009,119.0,25.0,1398,798
145,AMD Sempron Dual Core 2300,2009,65.0,41.9,601,721
146,AMD Athlon 5000 Dual-Core,2009,65.0,19.95,836,902
147,AMD Athlon II X2 235e,2009,45.0,16.9,972,1013
148,AMD Athlon X4 620,2009,95.0,64.9,1793,1100
149,AMD Turion II Dual-Core Mobile M520,2009,35.0,69.1,706,764
150,AMD Turion II Ultra Dual-Core Mobile M600,2009,35.0,26.7,842,896
151,AMD Athlon 64 X2 Dual Core TK-55,2009,31.0,57.7,423,583
152,AMD Athlon II Dual-Core M320,2009,35.0,30.0,569,686
153,AMD Athlon II X3 435,2009,95.0,29.9,1701,1208
154,AMD Opteron 1214,2009,103.0,54.99,714,840
155,AMD Phenom II X4 820,2009,95.0,74.9,2100,1137
156,AMD Sempron M100,2009,-1.0,12.0,287,581
157,AMD Turion X2 Dual Core Mobile RM-70,2009,31.0,132.5,382,454
158,AMD Athlon II X2 240e,2009,45.0,23.89,951,1080
159,AMD Athlon II X3 400e,2009,45.0,107.4,1348,911
160,AMD Athlon II X4 600e,2009,45.0,130.2,1733,922
161,AMD Athlon II X4 605e,2009,45.0,98.68,1813,972
162,AMD Athlon X3 435,2009,95.0,95.4,1804,1204
163,AMD Phenom II X2 B55,2009,80.0,47.9,1201,1249
164,AMD Athlon II X2 255,2010,65.0,15.0,1127,1230
165,AMD Athlon II X2 B22,2010,65.0,41.6,965,1036
166,AMD Phenom II X4 B95,2010,95.0,59.95,2239,1239
167,AMD Athlon II X2 250u,2010,25.0,11.4,512,532
168,AMD Athlon II X3 440,2010,95.0,17.9,1719,1227
169,AMD Athlon II X4 635,2010,95.0,26.95,2189,1192
170,AMD Phenom II X2 555,2010,80.0,27.9,1355,1366
171,AMD Athlon II X2 B24,2010,65.0,24.1,991,1120
172,AMD Athlon II X3 405e,2010,45.0,79.9,1348,983
173,AMD Athlon X3 440,2010,95.0,87.9,1457,1141
174,AMD Phenom 9450e Quad-Core,2010,65.0,105.0,1569,876
175,AMD Opteron 6128,2010,115.0,36.45,4347,688
176,AMD Phenom II N930 Quad-Core,2010,35.0,129.9,1509,812
177,AMD Phenom II X6 1055T,2010,125.0,59.95,3185,1325
178,AMD Phenom II X6 1090T,2010,125.0,120.0,3697,1455
179,AMD Phenom II X4 910e,2010,65.0,69.9,1925,1065
180,AMD Phenom II X6 1035T,2010,95.0,189.0,2885,1193
181,AMD Athlon II 160u,2010,20.0,29.9,303,603
182,AMD Athlon II Neo K325 Dual-Core,2010,12.0,25.9,410,452
183,AMD Athlon II P320 Dual-Core,2010,25.0,29.9,606,711
184,AMD Athlon II X2 220,2010,65.0,24.2,955,1053
185,AMD Athlon II X4 640,2010,95.0,29.95,2161,1224
186,AMD Phenom II N620 Dual-Core,2010,35.0,3.9,968,1020
187,AMD Turion II N530 Dual-Core,2010,35.0,30.0,805,926
188,AMD Athlon II X2 260,2010,65.0,18.95,955,1201
189,AMD Athlon II X3 445,2010,95.0,14.7,1668,1275
190,AMD Phenom II P920 Quad-Core,2010,25.0,65.0,1160,586
191,AMD Phenom II X3 740,2010,95.0,88.9,1769,1205
192,AMD Phenom II X3 B73,2010,95.0,75.0,1615,1117
193,AMD Phenom II X4 830,2010,95.0,69.9,1827,1078
194,AMD Athlon II X4 610e,2010,45.0,69.9,1814,1002
195,AMD Opteron 6172,2010,115.0,34.3,5261,712
196,AMD Opteron 6176 SE,2010,140.0,159.0,5483,780
197,AMD Phenom II N850 Triple-Core,2010,35.0,25.0,1213,843
198,AMD Phenom II X4 970,2010,125.0,74.8,2613,1385
199,AMD Phenom II X4 B97,2010,95.0,56.9,2465,1317
200,AMD Phenom II X6 1045T,2010,95.0,58.4,2970,1225
201,AMD Phenom II X6 1075T,2010,125.0,98.8,2924,1420
202,AMD Turion II P540 Dual-Core,2010,35.0,49.9,788,839
203,AMD Athlon II 170u,2010,20.0,17.9,356,689
204,AMD Athlon II P340 Dual-Core,2010,25.0,39.9,735,860
205,AMD Athlon II X3 415e,2010,45.0,75.0,1410,1005
206,AMD Athlon II X4 645,2010,95.0,34.95,2089,1216
207,AMD Phenom II N640 Dual-Core,2010,35.0,64.9,950,989
208,AMD Phenom II N950 Quad-Core,2010,35.0,112.6,1604,876
209,AMD Phenom II X2 560,2010,80.0,64.9,1295,1322
210,AMD Sempron 145,2010,45.0,29.86,434,932
211,AMD V140,2010,25.0,49.9,366,766
212,AMD Athlon II X2 265,2010,65.0,82.8,1174,1235
213,AMD Athlon II X2 270u,2010,25.0,67.6,665,754
214,AMD Athlon II X3 450,2010,95.0,28.01,1681,1273
215,AMD Phenom II X4 840T,2010,95.0,69.9,2406,1259
216,AMD Athlon 5200 Dual-Core,2010,75.0,19.93,722,840
217,AMD Athlon II X2 260u,2010,25.0,83.4,658,687
218,AMD Athlon II X3 455,2010,95.0,24.95,1775,1344
219,AMD Athlon II X4 615e,2010,45.0,59.0,1903,1054
220,AMD Opteron 4170 HE,2010,65.0,39.99,3665,732
221,AMD Phenom II X6 1100T,2010,125.0,169.95,3789,1501
222,AMD Phenom II N660 Dual-Core,2011,35.0,89.0,1047,1075
223,AMD Phenom II X2 565,2011,80.0,168.8,1414,1356
224,AMD Phenom II X4 975,2011,125.0,97.0,2509,1409
225,AMD Athlon II P360 Dual-Core,2011,25.0,19.95,746,900
226,AMD Phenom II P650 Dual-Core,2011,35.0,35.0,808,847
227,AMD Phenom II P960 Quad-Core,2011,35.0,28.0,1397,727
228,AMD Phenom II X4 840,2011,95.0,39.95,2191,1241
229,AMD Athlon II X2 245e,2011,45.0,83.4,992,1050
230,AMD Phenom II N970 Quad-Core,2011,35.0,149.9,1607,888
231,AMD Sempron 150,2011,45.0,14.95,490,1027
232,AMD A6-3400M APU,2011,35.0,29.9,1127,682
233,AMD A8-3850 APU,2011,100.0,49.95,2241,1225
234,AMD Athlon II X2 250e,2011,45.0,76.7,1030,1098
235,AMD Athlon II X3 420e,2011,45.0,116.1,1494,1075
236,AMD Phenom II X4 960T,2011,95.0,44.95,2397,1344
237,AMD A4-3300M APU,2011,65.0,29.9,613,693
238,AMD A6-3410MX APU,2011,45.0,3.9,1290,754
239,AMD A6-3650 APU,2011,100.0,23.89,2036,1100
240,AMD A8-3500M APU,2011,35.0,59.95,1255,729
241,AMD Opteron 2427,2011,75.0,16.99,3069,594
242,AMD Phenom II X4 850,2011,95.0,64.9,2327,1333
243,AMD Phenom II X4 980,2011,125.0,130.0,2730,1503
244,AMD A8-3510MX APU,2011,45.0,77.1,1580,949
245,AMD Athlon II X2 270,2011,65.0,38.02,1265,1375
246,AMD Athlon II X3 460,2011,95.0,29.95,1854,1358
247,AMD Athlon II X4 650,2011,95.0,166.6,2390,1311
248,AMD Opteron 4184,2011,95.0,509.9,4419,969
249,AMD A4-3400 APU,2011,65.0,11.95,1025,1109
250,AMD A6-3500 APU,2011,65.0,14.95,1292,905
251,AMD A8-3800 APU,2011,65.0,119.9,1877,1045
252,AMD Athlon II X2 B26,2011,65.0,44.9,1196,1257
253,AMD Athlon II X4 631 Quad-Core,2011,100.0,34.8,2095,1119
254,AMD E2-3000M APU,2011,35.0,42.98,666,751
255,AMD FX-8150 Eight-Core,2011,125.0,139.95,4968,1377
256,AMD FX-4100 Quad-Core,2011,95.0,39.38,2591,1313
257,AMD FX-6100 Six-Core,2011,95.0,118.68,3650,1332
258,AMD FX-8120 Eight-Core,2011,125.0,99.95,4341,1320
259,AMD A4-3300 APU,2011,65.0,10.95,977,1032
260,AMD A6-3600 APU,2011,65.0,24.95,1719,931
261,AMD A8-3870K APU,2011,100.0,49.99,2377,1274
262,AMD E2-3200 APU,2011,65.0,7.9,860,945
263,AMD Opteron 6272,2011,115.0,22.22,4368,741
264,AMD Sempron X2 180,2011,45.0,69.4,813,824
265,AMD A4-3420 APU,2012,65.0,12.95,1106,1155
266,AMD A6-3670 APU,2012,100.0,610.0,2073,1106
267,AMD A8-3520M APU,2012,35.0,55.0,1342,800
268,AMD A8-3820 APU,2012,65.0,44.9,2017,1097
269,AMD FX-8100 Eight-Core,2012,95.0,128.86,3470,966
270,AMD Opteron 6234,2012,115.0,112.86,3763,551
271,AMD Phenom II X2 B59,2012,80.0,34.04,1305,1364
272,AMD A4-3305M APU,2012,35.0,20.8,787,861
273,AMD A6-3620 APU,2012,65.0,22.95,1795,996
274,AMD Athlon II X4 651 Quad-Core,2012,100.0,149.95,2356,1297
275,AMD Opteron 6274,2012,115.0,35.09,3149,898
276,AMD A4-3320M APU,2012,35.0,36.9,879,833
277,AMD Athlon II X4 641 Quad-Core,2012,100.0,79.8,1983,1158
278,AMD FX-4170 Quad-Core,2012,125.0,128.6,2897,1436
279,AMD FX-6200 Six-Core,2012,125.0,98.86,3995,1404
280,AMD FX-8140 Eight-Core,2012,95.0,148.86,4577,1345
281,AMD A10-4600M APU,2012,35.0,59.9,1977,1109
282,AMD A6-4400M APU,2012,35.0,19.5,1011,984
283,AMD Phenom II X3 B77,2012,95.0,22.2,1919,1343
284,AMD Sempron 130,2012,45.0,30.0,513,1002
285,AMD A4-4300M APU,2012,35.0,29.86,1053,1074
286,AMD A10-5700 APU,2012,65.0,59.95,2722,1440
287,AMD A8-5500 APU,2012,65.0,30.19,2563,1357
288,AMD FX-6120 Six-Core,2012,95.0,98.68,3873,1452
289,AMD Opteron 4274 HE,2012,65.0,39.9,5776,1060
290,AMD Sempron X2 190,2012,45.0,83.4,865,930
291,AMD Athlon II X2 B28,2012,65.0,49.0,1174,1293
292,AMD Opteron 270,2012,95.0,249.95,1170,633
293,AMD Opteron 3280,2012,65.0,273.1,3765,1111
294,AMD A10-5800K APU,2012,100.0,59.95,2873,1459
295,AMD A4-5300 APU,2012,65.0,26.95,1192,1166
296,AMD A6-5400K APU,2012,65.0,22.96,1284,1249
297,AMD A8-5600K APU,2012,100.0,49.95,2700,1404
298,AMD FX-6300 Six-Core,2012,95.0,70.0,4114,1475
299,AMD FX-8320 Eight-Core,2012,125.0,169.95,5284,1460
300,AMD FX-8350 Eight-Core,2012,125.0,199.95,5941,1564
301,AMD Athlon X4 740 Quad Core,2012,65.0,277.0,2706,1401
302,AMD Athlon X4 750K Quad Core,2012,100.0,76.9,2592,1336
303,AMD A4-5300B APU,2012,65.0,25.95,1196,1280
304,AMD FX-4130 Quad-Core,2012,125.0,68.86,2654,1300
305,AMD FX-4300 Quad-Core,2012,95.0,69.95,2979,1498
306,AMD FX-8300 Eight-Core,2013,95.0,149.95,5338,1496
307,AMD FX-B4150 Quad-Core,2013,95.0,89.68,3114,1435
308,AMD Opteron 4284,2013,95.0,59.9,4311,1189
309,AMD Opteron 6282 SE,2013,140.0,630.1,5901,960
310,AMD Opteron 8439 SE,2013,105.0,52.0,3813,908
311,AMD A8-5500B APU,2013,65.0,54.95,2649,1359
312,AMD Athlon II X2 280,2013,65.0,76.8,1140,1264
313,AMD Opteron 2435,2013,75.0,14.98,4709,913
314,AMD Opteron 6276,2013,115.0,199.0,5714,1097
315,AMD Opteron 3380,2013,65.0,809.0,4109,1094
316,AMD A10-5750M APU,2013,35.0,53.0,1894,1129
317,AMD A4-4000 APU,2013,65.0,34.9,1128,1141
318,AMD FX-6350 Six-Core,2013,125.0,99.95,4439,1552
319,AMD Opteron 2222,2013,95.0,19.0,1844,951
320,AMD Opteron 6174,2013,115.0,15.0,5688,751
321,AMD Opteron 6212,2013,115.0,269.7,3739,994
322,AMD Opteron 6348,2013,115.0,296.2,9151,1266
323,AMD A10-6700 APU,2013,65.0,79.95,3121,1652
324,AMD A10-6800K APU,2013,100.0,149.95,3186,1609
325,AMD A8-6600K APU,2013,100.0,74.95,2960,1498
326,AMD FX-4350 Quad-Core,2013,125.0,98.68,3406,1647
327,AMD Opteron 6136,2013,115.0,22.5,5202,844
328,AMD A10-5800B APU,2013,100.0,59.95,2850,1529
329,AMD A6-5350M APU,2013,35.0,33.1,1090,1077
330,AMD A6-6400K APU,2013,65.0,39.95,1378,1366
331,AMD Athlon X2 340 Dual Core,2013,65.0,49.9,1313,1297
332,AMD FX-9370 Eight-Core,2013,220.0,298.68,6033,1667
333,AMD Opteron 6220,2013,115.0,19.0,4392,1211
334,AMD Opteron 6328,2013,115.0,1454.0,5053,1359
335,AMD Opteron 6344,2013,115.0,394.9,6032,1216
336,AMD A8-6500 APU,2013,65.0,148.86,2606,1438
337,AMD Athlon X4 760K Quad Core,2013,100.0,69.95,3043,1584
338,AMD FX-9590 Eight-Core,2013,220.0,221.0,6625,1802
339,AMD Opteron 6376,2013,115.0,55.1,5538,1151
340,AMD Opteron 2354,2013,115.0,60.0,1558,909
341,AMD A4-6300 APU,2013,65.0,27.94,1337,1302
342,AMD A6-5400B APU,2013,65.0,28.94,1423,1408
343,AMD A10-6790K APU,2013,100.0,99.95,2841,1532
344,AMD A4-6300B APU,2013,65.0,27.95,1471,1490
345,AMD FX-4200 Quad-Core,2013,125.0,59.95,3157,1315
346,AMD A10-7700K APU,2014,95.0,119.99,3191,1451
347,AMD A10-7850K APU,2014,95.0,149.95,3271,1445
348,AMD Opteron 4280,2014,95.0,50.0,4162,1149
349,AMD A8-6500T APU,2014,45.0,59.9,1784,1025
350,AMD Athlon 5350 APU,2014,25.0,79.99,1791,706
351,AMD Athlon X2 280,2014,65.0,33.4,1307,1198
352,AMD A4-6320 APU,2014,65.0,69.9,1457,1467
353,AMD A8-6500B APU,2014,65.0,49.95,2726,1487
354,AMD Athlon 5150 APU,2014,25.0,69.95,1392,541
355,AMD Opteron 6366 HE,2014,85.0,29.9,4829,783
356,AMD Sempron 2650 APU,2014,25.0,59.95,579,457
357,AMD Sempron 3850 APU,2014,25.0,79.68,1089,429
358,AMD A10-6700T APU,2014,45.0,147.6,2186,1239
359,AMD A10-7800 APU,2014,65.0,149.86,3063,1417
360,AMD Opteron 4386,2014,95.0,128.6,4351,1000
361,AMD A4-4020 APU,2014,65.0,44.68,881,1027
362,AMD A8-7600 APU,2014,65.0,148.86,3202,1384
363,AMD Opteron 6386 SE,2014,140.0,135.09,6974,1247
364,AMD Opteron 1385,2014,115.0,54.0,1993,1095
365,AMD A4-7300 APU,2014,65.0,29.95,1470,1486
366,AMD Athlon X4 860K,2014,95.0,148.86,3442,1525
367,AMD FX-8370 Eight-Core,2014,125.0,269.99,6140,1633
368,AMD FX-8370E Eight-Core,2014,95.0,295.86,5061,1432
369,AMD A6-6420K APU,2014,65.0,149.9,1545,1550
370,AMD A6-7400K APU,2014,65.0,59.95,1646,1446
371,AMD FX-8320E Eight-Core,2014,95.0,162.99,5003,1361
372,AMD Opteron 6238,2014,115.0,349.89,5199,1165
373,AMD Athlon X4 840,2015,65.0,78.7,3170,1444
374,AMD Opteron 4162 EE,2015,35.0,19.9,3167,587
375,AMD A8-7650K,2015,65.0,148.68,2874,1317
376,AMD Opteron 6378,2015,115.0,1295.0,5853,1114
377,AMD Opteron 6380,2015,115.0,49.1,6488,1203
378,AMD Athlon II X4 638 Quad-Core,2015,65.0,26.4,2030,1176
379,AMD A10-7870K,2015,95.0,226.9,3620,1606
380,AMD A8-7670K,2015,95.0,89.95,3360,1530
381,AMD Opteron 4332 HE,2015,65.0,36.99,3692,1330
382,AMD PRO A4-8350B,2016,65.0,17.95,1805,1599
383,AMD A10-7860K,2016,65.0,149.95,3268,1502
384,AMD Athlon X4 845,2016,65.0,53.1,3819,1682
385,AMD Athlon X4 870K,2016,95.0,79.9,3473,1586
386,AMD Opteron 4334,2016,95.0,128.6,3925,1253
387,AMD A10-7890K,2016,95.0,199.9,3624,1640
388,AMD Athlon 5370 APU,2016,25.0,598.68,1771,727
389,AMD Athlon X4 880K,2016,95.0,99.9,3705,1642
390,AMD A6-7470K,2016,65.0,238.74,1817,1629
391,AMD PRO A10-9700E,2016,35.0,139.0,3267,1544
392,AMD PRO A8-9600,2016,65.0,119.0,3445,1520
393,AMD A12-9800,2016,65.0,130.0,3646,1761
394,AMD PRO A10-9700,2016,65.0,169.0,3620,1652
395,AMD A10-9700,2016,65.0,88.99,3443,1599
396,AMD A6-9500,2016,65.0,58.99,1795,1620
397,AMD PRO A12-9800,2017,65.0,169.0,4001,1814
398,AMD PRO A12-9800E,2017,35.0,169.0,3106,1542
399,AMD PRO A6-9500,2017,65.0,74.0,1935,1685
400,AMD PRO A6-9500E,2017,35.0,74.0,1606,1499
401,AMD Ryzen 7 1800X,2017,95.0,285.43,16229,2163
402,AMD Ryzen 5 1600,2017,65.0,104.99,12525,2111
403,AMD Ryzen 7 1700,2017,65.0,279.86,14508,1984
404,AMD Ryzen 7 1700X,2017,95.0,249.99,15649,2076
405,AMD A8-9600,2017,65.0,72.31,3327,1495
406,AMD Ryzen 5 1400,2017,65.0,186.86,7971,1940
407,AMD Ryzen 5 1500X,2017,65.0,228.86,8982,2073
408,AMD Ryzen 5 1600X,2017,95.0,258.86,13132,2196
409,AMD Ryzen 3 1200,2017,65.0,87.2,6319,1922
410,AMD Ryzen 3 1300X,2017,65.0,192.9,7058,2135
411,AMD Ryzen Threadripper 1920X,2017,180.0,301.06,22637,2266
412,AMD Ryzen Threadripper 1950X,2017,180.0,649.99,26793,2293
413,AMD A12-9800E,2017,35.0,121.38,3289,1537
414,AMD Athlon X4 950,2017,65.0,118.86,3656,1596
415,AMD EPYC 7551,2017,180.0,1395.0,19606,1660
416,AMD Ryzen Threadripper 1900X,2017,180.0,224.94,17108,2367
417,AMD A10-9700E,2017,35.0,154.1,2972,1455
418,AMD EPYC 7351P,2017,155.0,1498.0,15792,1691
419,AMD EPYC 7401P,2017,155.0,980.0,21450,1645
420,AMD EPYC 7501,2017,155.0,3353.8,20094,1735
421,AMD EPYC 7451,2018,180.0,2400.0,16718,1873
422,AMD EPYC 7251,2018,120.0,401.36,12529,1448
423,AMD Ryzen 3 2200G,2018,65.0,139.66,6758,2065
424,AMD Ryzen 5 2400G,2018,65.0,259.98,8853,2188
425,AMD EPYC 7551P,2018,180.0,2034.08,23581,1533
426,AMD Ryzen 5 2600,2018,65.0,157.95,13285,2268
427,AMD Ryzen 5 2600X,2018,95.0,198.45,14112,2417
428,AMD Ryzen 7 2700,2018,65.0,249.99,15861,2227
429,AMD Ryzen 7 2700X,2018,105.0,301.24,17583,2443
430,AMD Ryzen Threadripper 2990WX,2018,250.0,1432.65,30228,2299
431,AMD Athlon 200GE,2018,35.0,77.8,4143,1762
432,AMD Ryzen Threadripper 2950X,2018,180.0,649.99,30341,2499
433,AMD A6-9500E,2018,35.0,86.3,1895,1546
434,AMD Sempron 240,2018,65.0,38.4,1282,1263
435,AMD Ryzen Threadripper 2920X,2018,180.0,486.01,25336,2488
436,AMD Ryzen Threadripper 2970WX,2018,250.0,901.32,26494,2362
437,AMD A8-7680,2019,45.0,59.9,3581,1638
438,AMD Athlon 240GE,2019,35.0,84.95,4752,1982
439,AMD EPYC 7371,2019,-1.0,1808.99,22859,2180
440,AMD Ryzen 3 2300X,2019,65.0,207.1,7828,2364
441,AMD Athlon 220GE,2019,35.0,79.99,4472,1898
442,AMD EPYC 7351,2019,155.0,950.0,21261,1728
443,AMD A6-7480,2019,65.0,43.9,2024,1699
444,AMD EPYC 7301,2019,155.0,734.92,12085,1228
445,AMD Opteron 3250 HE,2019,45.0,99.0,1905,1010
446,AMD Ryzen 5 3600,2019,65.0,167.0,17792,2576
447,AMD Ryzen 3 3200G,2019,65.0,89.99,7267,2226
448,AMD Ryzen 5 3400G,2019,65.0,229.99,9424,2385
449,AMD Ryzen 5 3600X,2019,95.0,204.99,18345,2676
450,AMD Ryzen 7 3700X,2019,65.0,274.99,22697,2679
451,AMD Ryzen 7 3800X,2019,105.0,328.98,23323,2750
452,AMD Ryzen 9 3900X,2019,105.0,417.0,32804,2725
453,AMD EPYC 7502P,2019,180.0,2582.02,48724,1838
454,AMD EPYC 7702P,2019,200.0,4783.99,63910,2073
455,AMD EPYC 7742,2019,225.0,7410.0,66679,2127
456,AMD EPYC 3251,2019,50.0,315.0,13341,1775
457,AMD EPYC 7402P,2019,180.0,1403.99,35435,1462
458,AMD Athlon 3000G,2019,35.0,54.9,4620,2087
459,AMD EPYC 7302P,2019,155.0,913.99,38825,2073
460,AMD EPYC 7452,2019,155.0,2317.15,53075,2049
461,AMD Ryzen 9 3950X,2019,105.0,709.99,39400,2746
462,AMD EPYC 7262,2019,155.0,667.2,28706,2007
463,AMD Ryzen Threadripper 3960X,2019,280.0,1322.79,56188,2690
464,AMD Ryzen Threadripper 3970X,2019,280.0,1899.99,62926,2694
465,AMD Ryzen Threadripper 3990X,2020,280.0,3449.99,80966,2513
466,AMD EPYC 7232P,2020,120.0,528.29,16365,1238
467,AMD EPYC 7702,2020,200.0,6300.0,71362,2067
468,AMD Ryzen 3 3100,2020,65.0,179.0,12153,2477
469,AMD Ryzen 3 3300X,2020,65.0,199.99,12904,2711
