,name,size,latency,readRate,writeRate,Price,RAMmark
0,A-DATA Technology DDR4 3000 8GB,8,28.78787879,18.2,14.3,389.9,724.05472939076
1,Corsair CMD8GX4M2B3000C15 4GB,4,21.0,18.5,14.2,291.0,989.9408470943807
2,Corsair CMD8GX4M2B3200C16 4GB,4,20.0,19.3,15.4,79.9,1039.5546490201
3,Corsair CMD8GX4M2B3600C18 4GB,4,22.0,18.1,14.4,179.9,945.2576496910182
4,Corsair CMD8GX4M2B3866C18 4GB,4,18.0,21.2,17.7,257.2,1155.1848788786779
5,Corsair CMD8GX4M2B4000C19 4GB,4,18.0,21.4,18.5,415.6,1155.4448376950777
6,Corsair CMD16GX4M2A2666C15 8GB,8,24.0,16.2,11.9,115.9,866.0523073679833
7,Corsair CMD16GX4M2B2400C10 8GB,8,22.0,17.6,12.4,192.9,944.6077526500181
8,Corsair CMD16GX4M2B3000C15 8GB,8,28.61111111,18.4,13.8,225.0,728.3772237846282
9,Corsair CMD16GX4M2B3200C14 8GB,8,23.0,17.0,12.5,219.9,903.7464673314998
10,Corsair CMD16GX4M2B3200C16 8GB,8,28.5,18.3,13.7,129.9,731.1440550635384
11,Corsair CMD16GX4M2B3466C16 8GB,8,18.0,20.8,16.6,351.5,1154.8059884333777
12,Corsair CMD16GX4M2B3600C18 8GB,8,18.0,20.9,16.6,239.9,1154.8231460915777
13,Corsair CMD16GX4M2B3733C17 8GB,8,24.0,17.2,12.4,259.9,866.3649111374832
14,Corsair CMD16GX4M2B3866C18 8GB,8,20.0,19.2,14.8,259.9,1039.3682587368999
15,Corsair CMD16GX4M2C3333C16 8GB,8,22.0,17.7,13.8,169.9,945.0197864332182
16,Corsair CMD16GX4M2E4000C19 8GB,8,20.0,19.4,15.2,279.9,1039.5153958033002
17,Corsair CMD16GX4M4A2666C15 4GB,4,38.8,13.9,11.1,371.9,537.4227199144134
18,Corsair CMD16GX4M4A2666C16 4GB,4,27.0,14.1,11.2,399.9,769.948300741385
19,Corsair CMD16GX4M4A2800C16 4GB,4,39.33333333,12.6,9.8,253.1,529.6207013844453
20,Corsair CMD16GX4M4B2133C10 4GB,4,24.0,15.8,11.7,204.6,865.9272658601833
21,Corsair CMD16GX4M4B2400C10 4GB,4,25.0,13.7,10.2,145.9,830.7472206884
22,Corsair CMD16GX4M4B3000C14 4GB,4,25.0,15.8,13.1,452.4,831.9254891981
23,Corsair CMD16GX4M4B3000C15 4GB,4,32.0,15.9,11.5,445.0,650.9089327241124
24,Corsair CMD16GX4M4B3200C14 4GB,4,28.0,13.0,9.2,199.9,741.8965269677856
25,Corsair CMD16GX4M4B3200C15 4GB,4,22.0,17.7,14.1,297.4,945.1044027457182
26,Corsair CMD16GX4M4B3200C16 4GB,4,25.0,15.0,12.0,259.9,831.4779681199999
27,Corsair CMD16GX4M4B3300C16 4GB,4,23.0,16.5,13.1,270.7,903.8299116654999
28,Corsair CMD16GX4M4B3400C16 4GB,4,22.0,17.0,13.1,249.9,944.7022447633182
29,Corsair CMD16GX4M4B3600C18 4GB,4,23.0,16.4,13.5,583.8,903.9255757573
30,Corsair CMD16GX4M4C3200C15 4GB,4,25.0,14.3,12.0,194.9,831.3578645125999
31,Corsair CMD16GX4M4C3200C16 4GB,4,21.0,18.6,14.6,429.9,990.0708265025809
32,Corsair CMD32GX4M2A2666C15 16GB,16,27.66666667,17.8,13.1,440.1,752.70048160813
33,Corsair CMD32GX4M2A2800C16 16GB,16,26.0,15.7,10.7,229.9,799.4806446210539
34,Corsair CMD32GX4M2B2800C14 16GB,16,24.0,16.6,13.8,259.9,866.6568413132833
35,Corsair CMD32GX4M2B3000C15 16GB,16,26.57142857,19.1,14.7,196.9,784.1219233916945
36,Corsair CMD32GX4M2B3466C16 16GB,16,20.0,19.7,13.3,699.9,1039.0309654654
37,Corsair CMD32GX4M2C3200C16 16GB,16,27.33333333,19.1,14.3,209.9,762.3589661848034
38,Corsair CMD32GX4M4A2400C12 8GB,8,22.0,17.7,13.1,259.9,944.8223483707183
39,Corsair CMD32GX4M4A2400C14 8GB,8,27.0,14.0,10.9,917.9,769.846526770685
40,Corsair CMD32GX4M4A2666C15 8GB,8,26.0,14.9,11.8,219.9,799.6536431679539
41,Corsair CMD32GX4M4A2666C16 8GB,8,28.0,14.3,11.6,671.2,742.7965070243856
42,Corsair CMD32GX4M4A2800C16 8GB,8,26.0,14.7,11.8,439.9,799.6193278515539
43,Corsair CMD32GX4M4B2400C10 8GB,8,24.0,15.5,11.3,639.9,865.7629711355833
44,Corsair CMD32GX4M4B3000C15 8GB,8,27.0,15.0,12.0,249.9,770.328363165185
45,Corsair CMD32GX4M4B3200C16 8GB,8,27.66666667,17.6,13.1,379.9,752.66616629173
46,Corsair CMD32GX4M4B3333C16 8GB,8,24.0,16.3,12.5,799.9,866.2386976511832
47,Corsair CMD32GX4M4B3466C16 8GB,8,22.0,15.7,17.2,644.5,945.6356181442183
48,Corsair CMD32GX4M4B3600C16 8GB,8,20.0,18.7,15.0,897.6,1039.3388813209
49,Corsair CMD32GX4M4C3000C15 8GB,8,37.66666667,13.9,11.8,699.9,553.6244394003832
50,Corsair CMD32GX4M4C3200C16 8GB,8,26.0,18.5,14.8,289.9,801.1174819881538
51,Corsair CMD32GX4M4C3200C16-R 8GB,8,25.0,18.7,14.7,369.9,832.8743482858999
52,Corsair CMD64GX4M4A2400C14 16GB,16,26.0,15.3,11.2,489.9,799.5530411757538
53,Corsair CMD64GX4M4A2666C15 16GB,16,25.0,15.8,11.9,369.9,831.5870239481
54,Corsair CMD64GX4M4B2800C14 16GB,16,25.0,15.0,11.6,479.9,831.3651463699999
55,Corsair CMD64GX4M4B3000C15 16GB,16,24.0,16.5,12.4,459.9,866.2448075300832
56,Corsair CMD64GX4M4B3333C16 16GB,16,26.0,15.0,11.4,958.0,799.5579790761537
57,Corsair CMD64GX4M4B3466C16 16GB,16,23.0,16.9,12.7,849.9,903.7857205482999
58,Corsair CMD64GX4M4C3000C15 16GB,16,23.0,17.8,13.5,417.8,904.1657829720999
59,Corsair CMD64GX4M4C3200C16 16GB,16,25.0,16.6,13.8,429.9,832.2601885262
60,Corsair CMD64GX4M8A2400C14 8GB,8,28.0,12.9,10.6,894.8,742.2742454345856
61,Corsair CMD64GX4M8A2666C15 8GB,8,28.0,13.4,10.9,728.9,742.4446500380856
62,Corsair CMD64GX4M8B2800C14 8GB,8,26.0,14.4,11.0,699.8,799.3422113769539
63,Corsair CMD64GX4M8B3200C16 8GB,8,26.0,14.8,11.0,549.9,799.4108420097539
64,Corsair CMD64GX4M8X4000C19 8GB,8,27.0,12.2,15.9,899.9,770.9479607980851
65,Corsair CMD128GX4M8A2400C14 16GB,16,32.0,12.1,9.1,999.9,649.5800112125124
66,Corsair CMD128GX4M8A2666C15 16GB,16,26.0,14.1,9.9,879.9,798.9804785898538
67,Corsair CMD128GX4M8B2800C14 16GB,16,27.0,14.8,10.6,969.9,769.8991717237851
68,Corsair CMD128GX4M8B3000C16 16GB,16,26.0,14.8,10.2,977.7,799.185198509754
69,Corsair CMD128GX4M8B3200C16 16GB,16,31.0,12.2,12.1,999.9,671.2477590846742
70,Corsair CMK4GX4M1A2400C14 4GB,4,29.0,16.5,11.9,26.9,717.8423459154999
71,Corsair CMK4GX4M1A2400C16 4GB,4,24.0,15.7,11.1,26.9,865.7408755769833
72,Corsair CMK4GX4M1D2400C14 4GB,4,72.0,15.4,7.8,69.9,291.4810767134945
73,Corsair CMK8GX4M1A2400C14 8GB,8,33.44444444,15.0,10.4,36.9,622.589821787918
74,Corsair CMK8GX4M1A2400C16 8GB,8,30.53333333,15.9,11.0,37.9,681.7474236773717
75,Corsair CMK8GX4M1A2666C16 8GB,8,29.53333333,17.3,12.2,37.9,705.2126680826296
76,Corsair CMK8GX4M1D3000C16 8GB,8,28.46153846,17.2,12.3,37.9,731.5390123843928
77,Corsair CMK8GX4M2A2133C13 4GB,4,30.85714286,16.5,12.3,43.9,675.1240865468588
78,Corsair CMK8GX4M2A2400C14 4GB,4,23.0,16.4,11.8,68.3,903.4460833198
79,Corsair CMK8GX4M2A2400C16 4GB,4,30.5,16.0,11.8,44.9,682.7289316009344
80,Corsair CMK8GX4M2A2666C16 4GB,4,31.77777778,16.5,12.3,48.9,655.7475727555735
81,Corsair CMK8GX4M2A2800C16 4GB,4,22.0,17.4,13.1,68.9,944.7708753961182
82,Corsair CMK8GX4M2B3000C15 4GB,4,30.28571429,17.5,12.9,237.7,688.084212779607
83,Corsair CMK8GX4M2B3200C16 4GB,4,24.33333333,19.3,14.3,199.9,855.4814497763517
84,Corsair CMK8GX4M2B3600C18 4GB,4,19.0,20.0,15.6,167.3,1094.0416679031578
85,Corsair CMK8GX4M2B3733C17 4GB,4,21.0,19.4,14.6,226.1,990.2080877681808
86,Corsair CMK8GX4M2B3866C18 4GB,4,28.0,15.8,13.4,107.9,743.5615697723856
87,Corsair CMK8GX4M2B4000C19 4GB,4,21.0,18.1,13.4,140.3,989.6465729615808
88,Corsair CMK8GX4M2B4200C19 4GB,4,44.0,14.7,10.1,438.3,474.4161902213091
89,Corsair CMK8GX4M2C3000C16 4GB,4,22.0,17.5,13.9,96.9,945.0136765543182
90,Corsair CMK8GX4M2D2666C16 4GB,4,23.0,17.4,12.8,119.9,903.8997142767998
91,Corsair CMK16GX4M1A2400C14 16GB,16,32.33333333,15.2,10.4,72.9,643.8297318467389
92,Corsair CMK16GX4M1A2400C16 16GB,16,33.5,14.9,9.2,71.9,621.210844224785
93,Corsair CMK16GX4M1A2666C16 16GB,16,23.0,16.2,10.0,73.9,902.9040701283999
94,Corsair CMK16GX4M1B3000C15 16GB,16,33.0,14.6,8.1,81.9,630.1833455725788
95,Corsair CMK16GX4M1C3000C16 16GB,16,21.0,18.4,9.8,383.9,988.6826501861808
96,Corsair CMK16GX4M1D3000C16 16GB,16,30.71428571,16.2,10.6,79.9,677.703929682042
97,Corsair CMK16GX4M2A2133C13 8GB,8,34.59259259,15.9,11.6,67.9,602.6013707726567
98,Corsair CMK16GX4M2A2400C14 8GB,8,32.83018868,16.5,11.9,69.9,634.8159426218821
99,Corsair CMK16GX4M2A2400C16 8GB,8,30.79487179,16.7,11.9,67.9,676.3980252284308
100,Corsair CMK16GX4M2A2666C16 8GB,8,30.89189189,17.1,12.7,69.9,674.587521610776
101,Corsair CMK16GX4M2A2800C16 8GB,8,27.5,18.4,13.6,122.9,757.4653730542544
102,Corsair CMK16GX4M2B2800C14 8GB,8,22.0,18.4,13.7,126.9,945.1116846031182
103,Corsair CMK16GX4M2B3000C15 8GB,8,28.97037037,18.1,13.6,87.9,719.3242104307657
104,Corsair CMK16GX4M2B3200C14 8GB,8,22.0,18.2,13.9,174.9,945.1337801617182
105,Corsair CMK16GX4M2B3200C16 8GB,8,28.95918367,18.3,13.9,89.9,719.7183297869913
106,Corsair CMK16GX4M2B3333C16 8GB,8,27.0,18.4,14.2,521.4,771.532243168985
107,Corsair CMK16GX4M2B3466C16 8GB,8,20.0,18.9,13.8,189.9,1039.0347313873
108,Corsair CMK16GX4M2B3600C18 8GB,8,27.5,18.3,13.8,178.2,757.5046262710543
109,Corsair CMK16GX4M2B3733C17 8GB,8,18.0,19.0,15.0,199.9,1154.0458635857779
110,Corsair CMK16GX4M2C3000C16 8GB,8,28.33333333,16.8,11.6,200.9,734.5540234927058
111,Corsair CMK16GX4M2C3333C16 8GB,8,22.66666667,20.9,16.8,93.9,918.8240965291676
112,Corsair CMK16GX4M2D3000C16 8GB,8,29.64,17.7,13.5,78.9,703.1331575210525
113,Corsair CMK16GX4M2D3200C16 8GB,8,26.14285714,18.8,14.4,131.8,796.7185982691335
114,Corsair CMK16GX4M2E4000C19 8GB,8,29.0,12.7,11.2,249.9,716.9929168413998
115,Corsair CMK16GX4M2E4333C19 8GB,8,25.0,16.5,12.3,530.2,831.8199493054999
116,Corsair CMK16GX4M2F4500C19 8GB,8,16.0,22.2,17.7,898.1,1298.675842073525
117,Corsair CMK16GX4M2K4133C19 8GB,8,27.33333333,17.2,12.0,226.9,761.3842456165033
118,Corsair CMK16GX4M2K4266C19 8GB,8,17.0,20.9,18.1,269.9,1222.6906448836528
119,Corsair CMK16GX4M2K4400C19 8GB,8,21.0,18.0,14.6,692.6,989.9678805533808
120,Corsair CMK16GX4M2L3000C15 8GB,8,24.28571429,19.7,15.0,199.9,857.4105312330823
121,Corsair CMK16GX4M2Z2666C16 8GB,8,28.75,16.9,12.8,119.8,724.3531288357999
122,Corsair CMK16GX4M2Z2933C16 8GB,8,20.0,19.6,14.8,201.4,1039.4368893696999
123,Corsair CMK16GX4M2Z3466C16 8GB,8,40.0,19.2,10.7,132.9,522.26204399315
124,Corsair CMK16GX4M2Z3600C18 8GB,8,26.0,18.6,14.7,317.2,801.1064342088539
125,Corsair CMK16GX4M4A2133C13 4GB,4,35.0,14.6,10.8,94.9,595.2081102686285
126,Corsair CMK16GX4M4A2133C15 4GB,4,28.0,13.4,10.4,132.9,742.3036228505856
127,Corsair CMK16GX4M4A2400C14 4GB,4,37.55555556,14.0,10.8,252.0,554.9805819668422
128,Corsair CMK16GX4M4A2400C16 4GB,4,27.0,14.8,10.9,210.0,769.9837880362851
129,Corsair CMK16GX4M4A2666C15 4GB,4,35.0,14.5,10.7,176.0,595.1627471729284
130,Corsair CMK16GX4M4A2666C16 4GB,4,35.88888889,14.8,11.5,139.9,580.8353582446742
131,Corsair CMK16GX4M4A2800C16 4GB,4,37.8,14.1,11.3,204.9,551.5850599116893
132,Corsair CMK16GX4M4B3000C15 4GB,4,30.125,17.4,13.5,359.9,691.8717283237397
133,Corsair CMK16GX4M4B3200C15 4GB,4,22.0,17.6,13.7,169.9,944.9744233375181
134,Corsair CMK16GX4M4B3200C16 4GB,4,25.0,15.7,12.4,119.9,831.7108934774
135,Corsair CMK16GX4M4B3300C16 4GB,4,23.0,17.3,13.3,159.9,904.0235838061
136,Corsair CMK16GX4M4B3400C16 4GB,4,22.0,17.9,14.5,199.9,945.2515398121183
137,Corsair CMK16GX4M4B3600C18 4GB,4,26.0,16.0,12.2,159.9,799.9551991581538
138,Corsair CMK16GX4M4B3733C17 4GB,4,19.0,20.3,16.7,209.9,1094.4034006902577
139,Corsair CMK16GX4M4C3000C16 4GB,4,29.0,12.3,13.2,96.9,717.4883949585999
140,Corsair CMK16GX4M4C3200C15 4GB,4,24.0,15.2,11.5,104.9,865.7679090359832
141,Corsair CMK16GX4M4C3200C16 4GB,4,35.5,15.9,11.5,399.9,587.3235710578492
142,Corsair CMK32GX4M2A2133C13 16GB,16,31.66666667,16.3,12.2,179.9,657.9638144008918
143,Corsair CMK32GX4M2A2400C14 16GB,16,34.42857143,16.0,11.7,158.2,605.4890029922617
144,Corsair CMK32GX4M2A2400C16 16GB,16,29.58333333,17.2,13.1,137.9,704.2682833113645
145,Corsair CMK32GX4M2A2666C16 16GB,16,31.8490566,17.2,12.9,129.9,654.5834330784976
146,Corsair CMK32GX4M2A2800C16 16GB,16,25.0,16.2,12.0,289.2,831.6838600184
147,Corsair CMK32GX4M2B3000C15 16GB,16,31.8,17.7,13.8,169.9,655.922704689293
148,Corsair CMK32GX4M2B3200C16 16GB,16,27.93814433,18.8,14.7,179.9,746.0748620064479
149,Corsair CMK32GX4M2B3333C16 16GB,16,19.0,20.7,16.6,349.9,1094.4438258855578
150,Corsair CMK32GX4M2B3466C16 16GB,16,20.0,20.2,15.8,764.0,1039.8218896939
151,Corsair CMK32GX4M2C3333C16 16GB,16,23.16666667,20.4,16.9,189.9,899.1154424742065
152,Corsair CMK32GX4M2D3000C16 16GB,16,29.5,17.7,14.1,219.1,706.6068102312728
153,Corsair CMK32GX4M2D3200C16 16GB,16,27.36363636,18.6,13.8,413.2,761.2959951487663
154,Corsair CMK32GX4M2F4000C19 16GB,16,26.25,17.4,13.0,655.3,792.8613459637048
155,Corsair CMK32GX4M2K4133C19 16GB,16,22.0,18.9,13.4,849.9,945.1128565816182
156,Corsair CMK32GX4M2L3000C15 16GB,16,21.0,18.5,14.3,744.2,989.9690525318808
157,Corsair CMK32GX4M2L3200C16 16GB,16,24.0,19.5,16.1,456.8,867.8031384635833
158,Corsair CMK32GX4M4A2133C13 8GB,8,34.875,15.4,11.6,179.9,597.6844806432659
159,Corsair CMK32GX4M4A2133C15 8GB,8,27.0,14.6,11.1,241.9,770.0058835948851
160,Corsair CMK32GX4M4A2400C12 8GB,8,26.0,14.8,10.9,189.9,799.3826365722539
161,Corsair CMK32GX4M4A2400C14 8GB,8,40.0,14.8,11.3,399.9,521.67633965735
162,Corsair CMK32GX4M4A2400C16 8GB,8,26.0,15.0,11.3,272.7,799.5297736386538
163,Corsair CMK32GX4M4A2666C15 8GB,8,31.25,17.0,12.0,152.9,666.7171879059999
164,Corsair CMK32GX4M4A2666C16 8GB,8,36.28571429,15.1,11.8,144.9,574.682597968661
165,Corsair CMK32GX4M4A2800C16 8GB,8,27.0,14.4,11.4,249.9,770.056184590985
166,Corsair CMK32GX4M4B2800C14 8GB,8,25.0,15.6,11.8,224.9,831.5245031942
167,Corsair CMK32GX4M4B3000C15 8GB,8,26.0,14.9,11.9,194.9,799.6818486054539
168,Corsair CMK32GX4M4B3200C14 8GB,8,20.0,19.0,14.5,284.9,1039.249327108
169,Corsair CMK32GX4M4B3200C16 8GB,8,32.23076923,16.5,12.9,169.9,646.7890657461162
170,Corsair CMK32GX4M4B3333C16 8GB,8,25.0,14.7,11.1,349.9,831.1726462078999
171,Corsair CMK32GX4M4B3466C16 8GB,8,21.0,18.1,14.4,389.9,989.9286273365808
172,Corsair CMK32GX4M4B3600C18 8GB,8,34.66666667,15.7,12.9,289.9,601.6589365710225
173,Corsair CMK32GX4M4B3733C17 8GB,8,20.0,19.8,14.6,668.2,1039.4147938111
174,Corsair CMK32GX4M4B3866C18 8GB,8,20.0,19.9,15.2,883.1,1039.6011840943002
175,Corsair CMK32GX4M4C3000C15 8GB,8,34.09090909,16.2,12.6,169.9,611.7145148222102
176,Corsair CMK32GX4M4C3333C16 8GB,8,25.0,14.6,12.0,340.2,831.4093374872
177,Corsair CMK32GX4M4C3400C16 8GB,8,25.0,16.0,12.3,319.9,831.7341610144999
178,Corsair CMK32GX4M4D3000C16 8GB,8,23.0,17.5,13.9,152.9,904.2271317474999
179,Corsair CMK32GX4M4E4133C19 8GB,8,22.0,19.1,14.7,499.9,945.5138425855182
180,Corsair CMK32GX4M4K4133C19 8GB,8,21.0,18.9,14.9,519.9,990.2069157896808
181,Corsair CMK32GX4M4Z2933C16 8GB,8,67.0,15.6,10.2,167.9,313.58327575569245
182,Corsair CMK32GX4M4Z3200C16 8GB,8,21.0,18.1,14.7,346.5,990.0132436490808
183,Corsair CMK64GX4M4A2133C13 16GB,16,34.25,14.6,11.9,289.9,608.430565079408
184,Corsair CMK64GX4M4A2400C14 16GB,16,27.0,14.7,11.2,449.9,770.051246690585
185,Corsair CMK64GX4M4A2400C16 16GB,16,28.0,14.3,10.4,454.9,742.4580417743856
186,Corsair CMK64GX4M4A2666C16 16GB,16,32.38461538,17.4,13.0,399.9,643.9297920799155
187,Corsair CMK64GX4M4B2800C14 16GB,16,27.0,14.8,11.1,464.9,770.0401989112851
188,Corsair CMK64GX4M4B3000C15 16GB,16,27.0,14.4,11.7,359.9,770.1408009034851
189,Corsair CMK64GX4M4B3200C16 16GB,16,30.44444444,17.9,13.7,349.9,684.8256032639335
190,Corsair CMK64GX4M4B3333C16 16GB,16,33.33333333,15.6,12.8,673.6,625.4266409086139
191,Corsair CMK64GX4M4B3466C16 16GB,16,21.0,18.8,14.8,579.9,990.1615526939809
192,Corsair CMK64GX4M4C3000C15 16GB,16,24.0,17.3,13.9,449.9,866.8051503581833
193,Corsair CMK64GX4M4C3200C16 16GB,16,26.0,17.4,14.7,499.9,800.9005423104538
194,Corsair CMK64GX4M4D3000C16 16GB,16,25.0,16.5,14.9,299.9,832.5532906804999
195,Corsair CMK64GX4M4K3733C17 16GB,16,20.0,19.4,15.0,839.9,1039.4589849283002
196,Corsair CMK64GX4M8A2133C13 8GB,8,28.0,13.2,10.6,269.9,742.3257184091856
197,Corsair CMK64GX4M8A2400C14 8GB,8,36.33333333,13.5,10.4,499.9,573.2677688288364
198,Corsair CMK64GX4M8A2666C16 8GB,8,28.0,13.2,10.1,519.9,742.1846912216855
199,Corsair CMK64GX4M8B2800C14 8GB,8,27.0,14.1,11.8,379.9,770.117533366385
200,Corsair CMK64GX4M8X3600C18 8GB,8,19.0,20.2,17.2,729.9,1094.5272702195575
201,Corsair CMK64GX4M8X4000C19 8GB,8,29.0,12.6,14.8,879.9,717.9911549331999
202,Corsair CMK64GX4M8X4133C19 8GB,8,26.0,12.3,15.3,899.9,800.1947343672538
203,Corsair CMK64GX4M8X4200C19 8GB,8,28.0,12.9,15.0,919.9,743.5152846845856
204,Corsair CMK64GX4M8Z2933C16 8GB,8,84.0,12.8,10.5,459.9,250.8481282376952
205,Corsair CMK128GX4M8A2133C13 16GB,16,26.0,15.2,11.0,999.9,799.4794726425538
206,Corsair CMK128GX4M8A2666C16 16GB,16,32.0,11.4,13.0,999.9,650.5599196676125
207,Corsair CMK128GX4M8B3000C16 16GB,16,27.0,13.7,11.1,764.9,769.8514646710851
208,Corsair CMK128GX4M8B3200C16 16GB,16,27.0,14.3,9.9,949.9,769.615945370285
209,Corsair CMR16GX4M2A2666C16 8GB,8,26.33333333,18.0,13.4,476.9,790.5891099438761
210,Corsair CMR16GX4M2C3000C15 8GB,8,29.55,18.1,13.7,136.6,705.378874718062
211,Corsair CMR16GX4M2C3000C16 8GB,8,24.33333333,19.1,14.6,258.9,855.5317507724517
212,Corsair CMR16GX4M2C3200C16 8GB,8,26.5,17.9,12.9,275.3,785.5018608307718
213,Corsair CMR16GX4M2C3466C16 8GB,8,26.75,18.8,14.0,369.6,778.6881083654316
214,Corsair CMR16GX4M2C3600C18 8GB,8,25.66666667,19.5,14.7,359.9,811.5695401772042
215,Corsair CMR16GX4M2C 8GB,8,66.0,11.4,7.2,115.3,316.6836080537394
216,Corsair CMR16GX4M2D3000C16 8GB,8,21.0,18.3,13.3,146.5,989.6526828404808
217,Corsair CMR16GX4M2D3200C16 8GB,8,25.33333333,18.8,13.7,194.3,821.7473507961602
218,Corsair CMR16GX4M2Z3200C16 8GB,8,22.0,18.7,14.7,293.3,945.4452119527182
219,Corsair CMR32GX4M2C3000C15 16GB,16,20.0,19.2,14.5,383.6,1039.2836424243999
220,Corsair CMR32GX4M2C3200C16 16GB,16,25.375,20.3,16.2,298.2,821.3721543467427
221,Corsair CMR32GX4M2C3333C16 16GB,16,22.0,18.8,14.4,507.6,945.3777532984183
222,Corsair CMR32GX4M2D3000C16 16GB,16,21.0,18.9,15.1,235.9,990.2633266646808
223,Corsair CMR32GX4M2F3600C18 16GB,16,25.0,16.7,13.2,761.9,832.1081135594
224,Corsair CMR32GX4M4A2666C16 8GB,8,26.0,15.6,13.4,538.3,800.2250337753538
225,Corsair CMR32GX4M4C3000C15 8GB,8,35.1875,16.1,14.0,638.5,593.2260052432905
226,Corsair CMR32GX4M4C3000C16 8GB,8,20.0,19.0,15.5,764.4,1039.5313814830001
227,Corsair CMR32GX4M4C3200C16 8GB,8,27.0,18.8,13.9,532.7,771.5162574892851
228,Corsair CMR32GX4M4C3333C16 8GB,8,22.0,18.2,14.8,848.0,945.3876290992182
229,Corsair CMR32GX4M4C3466C16 8GB,8,22.0,17.8,14.6,523.3,945.2625875914182
230,Corsair CMR32GX4M4C3600C18 8GB,8,22.0,18.2,14.5,649.9,945.3030127867182
231,Corsair CMR32GX4M4D3000C16 8GB,8,23.0,17.2,14.2,470.8,904.2602750853998
232,Corsair CMR64GX4M4C3000C15 16GB,16,23.0,18.4,13.6,769.9,904.2969343588
233,Corsair CMR64GX4M4C3200C16 16GB,16,24.0,16.8,14.1,499.9,866.7757729421833
234,Corsair CMR64GX4M8C3000C15 8GB,8,98.0,10.7,9.0,969.9,214.96611056005304
235,Corsair CMR64GX4M8X3800C19 8GB,8,64.0,14.3,10.4,889.9,327.8555305015062
236,Corsair CMR128GX4M8C3000C16 16GB,16,21.0,19.7,15.9,999.9,990.6262314302809
237,Corsair CMSO4GX4M1A2133C15 4GB,4,28.0,12.2,8.3,24.9,741.5054167646856
238,Corsair CMSO8GX4M1A2133C15 8GB,8,39.0,14.6,11.0,38.0,534.7868898696358
239,Corsair CMSO16GX4M1A2133C15 16GB,16,28.0,13.7,9.1,68.9,741.9884251376857
240,Corsair CMSO16GX4M2A2133C15 8GB,8,28.0,15.1,11.9,444.9,743.0183846024856
241,Corsair CMSO32GX4M2A2133C15 16GB,16,32.0,13.3,10.9,373.8,650.2936009859125
242,Corsair CMSX8GX4M1A2400C16 8GB,8,25.0,15.6,10.5,38.9,831.1578325067
243,Corsair CMSX8GX4M2A2400C16 4GB,4,25.0,15.1,10.7,65.9,831.1284550907
244,Corsair CMSX8GX4M2A2666C18 4GB,4,30.0,17.6,12.9,134.8,694.5913050223667
245,Corsair CMSX16GX4M1A2400C16 16GB,16,33.0,16.2,12.1,125.5,631.5860856037788
246,Corsair CMSX16GX4M1A2666C18 16GB,16,31.16666667,16.7,13.8,73.9,668.9392302048617
247,Corsair CMSX16GX4M2A2400C16 8GB,8,32.22222222,15.7,12.0,72.9,646.5678016065717
248,Corsair CMSX16GX4M2A2666C18 8GB,8,27.0,15.6,12.0,99.9,770.431309114385
249,Corsair CMSX16GX4M2A3000C16 8GB,8,22.0,16.7,13.0,129.9,944.6225663512182
250,Corsair CMSX32GX4M2A2400C16 16GB,16,33.5,15.1,11.5,137.9,621.8938846036849
251,Corsair CMSX32GX4M2A2666C18 16GB,16,36.42105263,15.8,12.6,139.9,572.9148555104114
252,Corsair CMSX32GX4M2A3000C16 16GB,16,32.71428571,17.5,13.7,249.9,637.7223758416077
253,Corsair CMSX64GX4M4A2400C16 16GB,16,26.0,15.8,12.5,289.9,800.0055001542538
254,Corsair CMSX64GX4M4A2666C18 16GB,16,24.0,16.6,14.0,559.9,866.7132521882833
255,Corsair CMT16GX4M2C3200C16 8GB,8,24.44444444,19.7,16.1,146.9,852.2026117575421
256,Corsair CMT16GX4M2C3600C18 8GB,8,23.0,20.0,16.5,179.9,905.3894145774999
257,Corsair CMT16GX4M2K3600C16 8GB,8,24.0,20.1,15.7,259.9,867.7932626627833
258,Corsair CMT32GX4M2C3000C15 16GB,16,27.25,18.5,14.9,254.9,764.734269514133
259,Corsair CMT32GX4M2C3200C16 16GB,16,26.75,19.2,15.3,229.9,779.1234096857315
260,Corsair CMT32GX4M2C3466C16 16GB,16,30.33333333,16.9,12.8,299.9,686.8832921429839
261,Corsair CMT32GX4M4C3000C15 8GB,8,22.0,18.0,14.8,249.9,945.3533137828182
262,Corsair CMT32GX4M4C3200C14 8GB,8,18.0,20.2,17.9,519.9,1155.0697131716777
263,Corsair CMT32GX4M4C3200C16 8GB,8,27.875,18.9,15.3,269.9,747.9346121982865
264,Corsair CMT32GX4M4C3600C18 8GB,8,25.0,17.4,14.5,379.9,832.5948878542999
265,Corsair CMT32GX4M4K3600C16 8GB,8,21.75,20.9,17.9,529.9,957.5079042096332
266,Corsair CMT64GX4M4K3600C18 16GB,16,22.0,18.0,14.4,689.9,945.2404920328182
267,Corsair CMU16GX4M2A2666C16 8GB,8,29.75,16.8,11.7,213.9,699.896528555016
268,Corsair CMU16GX4M2C3000C15 8GB,8,27.70833333,19.0,14.4,159.6,752.1513127851975
269,Corsair CMU16GX4M2C3200C16 8GB,8,26.73913043,18.8,13.9,199.9,778.9735265242642
270,Corsair CMU16GX4M2D3000C16 8GB,8,20.0,19.7,14.9,335.0,1039.4822524654
271,Corsair CMU32GX4M2A2666C16 16GB,16,24.0,17.1,13.0,484.6,866.5169861042833
272,Corsair CMU32GX4M2C3000C15 16GB,16,32.5,16.5,12.0,435.9,641.230794479923
273,Corsair CMU32GX4M2C3000C16 16GB,16,22.0,18.4,13.5,623.8,945.0552737281182
274,Corsair CMU32GX4M2C3200C16 16GB,16,24.66666667,19.5,15.2,399.9,844.3083078001248
275,Corsair CMU32GX4M2D3200C16 16GB,16,30.0,15.0,12.3,732.2,693.9759732841666
276,Corsair CMU32GX4M4A2666C16 8GB,8,24.0,16.7,12.6,349.9,866.3355337214832
277,Corsair CMU32GX4M4C3000C15 8GB,8,34.5,15.4,12.5,377.1,604.3706162169666
278,Corsair CMU32GX4M4C3200C16 8GB,8,22.0,17.3,13.0,358.1,944.7255123004182
279,Corsair CMU32GX4M4C3400C16 8GB,8,22.0,17.7,13.3,329.9,944.8787592457182
280,Corsair CMU32GX4M4C3466C16 8GB,8,22.0,17.9,14.2,349.9,945.1669234996182
281,Corsair CMU32GX4M4D3000C16 8GB,8,94.0,11.1,8.8,575.4,223.9396814564766
282,Corsair CMU64GX4M4A2666C16 16GB,16,24.0,17.5,13.3,699.9,866.6702330495833
283,Corsair CMU64GX4M4C3000C15 16GB,16,27.0,14.9,11.5,951.5,770.170178319485
284,Corsair CMU64GX4M4C3200C16 16GB,16,24.0,16.4,12.1,583.4,866.1430335593833
285,Corsair CMU64GX4M4D3000C16 16GB,16,73.0,14.0,10.6,829.9,288.10406321135616
286,Corsair CMV4GX4M1A2133C15 4GB,4,33.2,14.2,9.8,24.9,626.8267755276529
287,Corsair CMV4GX4M1A2666C18 4GB,4,23.0,17.4,13.8,24.9,904.1817686517999
288,Corsair CMV8GX4M1A2133C15 8GB,8,33.75,13.9,8.7,36.9,616.3348371004481
289,Corsair CMV8GX4M1A2666C18 8GB,8,23.0,17.1,10.6,42.9,903.2277216772
290,Corsair CMV16GX4M1A2133C15 16GB,16,31.6,15.6,10.4,66.9,658.7109624655923
291,Corsair CMV16GX4M1A2666C18 16GB,16,23.0,16.9,11.1,68.9,903.3344335482999
292,Corsair CMW16GX4M2A2666C16 8GB,8,29.42857143,17.2,12.4,180.2,707.7395705804828
293,Corsair CMW16GX4M2C3000C15 8GB,8,27.86538462,18.2,14.3,145.1,747.7879324861964
294,Corsair CMW16GX4M2C3200C14 8GB,8,18.0,20.4,16.2,214.9,1154.6245360505777
295,Corsair CMW16GX4M2C3200C16 8GB,8,26.92307692,18.7,14.6,114.9,773.8804524438633
296,Corsair CMW16GX4M2C3466C16 8GB,8,26.33333333,18.4,11.5,149.9,790.1218372641761
297,Corsair CMW16GX4M2C3600C18 8GB,8,26.125,19.1,15.6,149.9,797.6481340666785
298,Corsair CMW16GX4M2D3000C16 8GB,8,29.25,16.6,12.6,102.9,711.9744212494479
299,Corsair CMW16GX4M2K3600C16 8GB,8,16.0,22.3,19.0,229.9,1299.0596704192249
300,Corsair CMW16GX4M2K4000C19 8GB,8,22.0,17.8,14.8,535.7,945.3189984664182
301,Corsair CMW16GX4M2K4266C19 8GB,8,18.0,20.6,16.2,478.5,1154.6588513669776
302,Corsair CMW16GX4M2Z2933C16 8GB,8,21.0,18.0,13.8,94.9,989.7422370533808
303,Corsair CMW32GX4M2A2666C16 16GB,16,29.85714286,17.2,13.2,159.9,697.8988363571727
304,Corsair CMW32GX4M2C3000C15 16GB,16,28.5,18.6,14.4,174.9,731.3929661006385
305,Corsair CMW32GX4M2C3200C16 16GB,16,27.925,18.6,14.6,199.9,746.3600496251776
306,Corsair CMW32GX4M2C3466C16 16GB,16,24.0,19.9,16.2,269.9,867.8999745338833
307,Corsair CMW32GX4M2Z2933C16 16GB,16,54.0,17.9,10.6,169.9,388.24602816039254
308,Corsair CMW32GX4M4A2666C16 8GB,8,37.5,15.1,13.5,179.9,556.7449850440333
309,Corsair CMW32GX4M4C3000C15 8GB,8,26.28571429,19.1,15.2,189.9,792.7053266194378
310,Corsair CMW32GX4M4C3200C14 8GB,8,17.0,21.6,17.3,409.9,1222.5851049910527
311,Corsair CMW32GX4M4C3200C16 8GB,8,27.73076923,18.4,14.6,199.9,751.502164555762
312,Corsair CMW32GX4M4C3466C16 8GB,8,20.0,19.1,14.6,279.9,1039.2946902037
313,Corsair CMW32GX4M4C3600C18 8GB,8,27.6,17.9,14.1,299.9,754.8015089636333
314,Corsair CMW32GX4M4K4000C19 8GB,8,22.33333333,20.6,18.0,755.9,932.7006358316014
315,Corsair CMW32GX4M4Z2933C16 8GB,8,63.0,15.4,10.7,209.9,333.2474305760936
316,Corsair CMW64GX4M4A2666C16 16GB,16,23.0,17.8,14.1,299.9,904.3350155970999
317,Corsair CMW64GX4M4C3000C15 16GB,16,28.0,18.0,14.5,349.9,744.2492980652856
318,Corsair CMW64GX4M4C3200C16 16GB,16,30.0,18.2,15.3,399.9,695.3711814715666
319,Corsair CMW64GX4M4C3466C16 16GB,16,22.0,18.2,15.2,499.9,945.5004508492182
320,Corsair CMW64GX4M4K3600C18 16GB,16,26.66666667,18.4,14.0,649.9,781.0304579714343
321,Corsair CMW64GX4M8A2666C16 8GB,8,24.0,16.0,11.6,379.9,865.9333757390833
322,Corsair CMW64GX4M8C3000C15 8GB,8,26.0,15.2,15.5,575.3,800.7487173300538
323,Corsair CMW64GX4M8C3200C16 8GB,8,27.0,13.0,15.3,399.9,770.915989438685
324,Corsair CMW64GX4M8X3600C18 8GB,8,21.0,17.2,13.1,619.9,989.4075377252808
325,Corsair CMW64GX4M8Z2933C16 8GB,8,35.0,10.0,12.4,439.9,594.8701449914284
326,Corsair CMW128GX4M8C3000C16 16GB,16,23.0,14.7,11.4,979.9,903.0415813803999
327,Corsair CMW128GX4M8C3200C16 16GB,16,26.0,16.1,15.7,819.9,800.9595471288538
328,Crucial Technology BLE4G4D26AFEA.8FAD 4GB,4,24.0,15.3,12.1,94.1,865.9542993191833
329,Crucial Technology BLE4G4D32AEEA.K8FD 4GB,4,23.0,17.3,13.0,144.9,903.9389674936
330,Crucial Technology BLE4G4D32AEEA.K8FE 4GB,4,22.0,17.6,12.8,144.2,944.7205744000181
331,Crucial Technology BLE8G4D26AFEA.16FAD 8GB,8,32.25,16.1,11.6,129.7,645.9719399915177
332,Crucial Technology BLE8G4D30AEEA.K16FD 8GB,8,62.0,18.0,9.5,141.7,338.63872846188707
333,Crucial Technology BLE8G4D30AEEA.K16FE 8GB,8,21.0,18.8,14.6,49.9,990.1051418189809
334,Crucial Technology BLE8G4D36BEEAK.M8FE1 8GB,8,21.8,21.3,17.5,77.9,955.2873984586412
335,Crucial Technology BLS4G4D26BFSB.8FBD2 4GB,4,24.0,15.7,12.4,36.9,866.1075462644833
336,Crucial Technology BLS4G4D26BFSB.8FBR2 4GB,4,21.0,17.7,13.6,115.3,989.6343532037808
337,Crucial Technology BLS4G4D240FSA.8FAD 4GB,4,28.0,12.8,10.2,27.9,742.1442660263857
338,Crucial Technology BLS4G4D240FSA.M8FADM 4GB,4,28.0,12.9,10.2,68.9,742.1614236845857
339,Crucial Technology BLS4G4D240FSB.8FADG 4GB,4,27.0,14.4,10.7,29.9,769.8587465284851
340,Crucial Technology BLS4G4D240FSC.8FARG 4GB,4,23.0,17.3,12.9,26.9,903.9107620561
341,Crucial Technology BLS4G4D240FSE.8FAR 4GB,4,24.0,15.1,10.8,19.9,865.5533133152833
342,Crucial Technology BLS4G4D240FSE.8FBD 4GB,4,23.0,16.4,11.8,18.9,903.4460833198
343,Crucial Technology BLS4G4S26BFSD.8FBD2 4GB,4,69.0,16.1,8.5,80.1,304.26117374103336
344,Crucial Technology BLS4G4S26BFSD.8FBR2 4GB,4,27.0,15.3,11.6,85.3,770.2670143897851
345,Crucial Technology BLS4G4S240FSD.8FAR 4GB,4,28.0,15.5,11.4,30.1,742.9459880477856
346,Crucial Technology BLS4G4S240FSD.M8FADM 4GB,4,25.0,15.4,12.5,19.9,831.6876259402999
347,Crucial Technology BLS8G4D26BFSB.16FBD2 8GB,8,29.4,17.1,12.7,49.9,708.4885559735435
348,Crucial Technology BLS8G4D26BFSE.16FB 8GB,8,24.0,14.3,7.0,117.9,864.3442454246832
349,Crucial Technology BLS8G4D26BFSTK.8FD 8GB,8,25.66666667,18.4,13.8,32.9,811.1269569995042
350,Crucial Technology BLS8G4D30AESBK.M8FE 8GB,8,26.5,18.4,14.2,37.9,785.9543198092716
351,Crucial Technology BLS8G4D30AESCK.M8FE 8GB,8,26.0,18.6,14.3,37.9,800.9936124588539
352,Crucial Technology BLS8G4D30AESEK.M8FE 8GB,8,21.0,18.5,14.2,36.9,989.9408470943807
353,Crucial Technology BLS8G4D30CESTK.8FD 8GB,8,25.66666667,18.3,13.7,38.9,811.0815939038041
354,Crucial Technology BLS8G4D32AESBK.M8FE 8GB,8,25.33333333,19.4,15.1,39.9,822.2451728703601
355,Crucial Technology BLS8G4D32AESCK.M8FE 8GB,8,20.0,18.4,14.7,38.9,1039.2027920337998
356,Crucial Technology BLS8G4D32AESEK.M8FE 8GB,8,19.0,19.3,16.2,38.9,1094.0907969207576
357,Crucial Technology BLS8G4D32AESTK.M8FE 8GB,8,19.0,20.4,17.4,38.9,1094.6179964109576
358,Crucial Technology BLS8G4D240FSA.16FAD 8GB,8,28.0,12.7,9.8,134.9,742.0142866181856
359,Crucial Technology BLS8G4D240FSA.M16FAD 8GB,8,38.21428571,14.2,11.1,134.9,545.6267862491496
360,Crucial Technology BLS8G4D240FSB.16FADG 8GB,8,26.0,15.3,11.6,125.2,799.6658629257539
361,Crucial Technology BLS8G4S240FSD.16FAR 8GB,8,25.0,15.5,12.7,369.9,831.7611944734999
362,Crucial Technology BLS16G4D26BFSB.16FBD 16GB,16,22.0,17.9,12.6,169.8,944.7156364996182
363,Crucial Technology BLS16G4D26BFSE.16FBD 16GB,16,24.0,16.9,12.1,248.7,866.2288218503833
364,Crucial Technology BLS16G4D26BFST.16FD 16GB,16,24.0,17.7,13.7,64.9,866.8173701159833
365,Crucial Technology BLS16G4D30AESB.M16FE 16GB,16,26.0,18.2,13.1,73.9,800.5865165760539
366,Crucial Technology BLS16G4D30AESC.M16FE 16GB,16,26.8,17.3,10.5,76.9,776.0041619348312
367,Crucial Technology BLS16G4D30AESE.M16FE 16GB,16,22.0,18.9,13.8,74.9,945.2256783316182
368,Crucial Technology BLS16G4D30BESB.16FD 16GB,16,21.0,19.0,14.3,62.9,990.0548408228808
369,Crucial Technology BLS16G4D30CEST.16FD 16GB,16,21.0,17.7,12.1,69.9,989.2112716412809
370,Crucial Technology BLS16G4D32AESB.M16FE 16GB,16,25.73684211,20.1,16.0,77.9,809.8467161501023
371,Crucial Technology BLS16G4D32AESC.M16FE 16GB,16,26.125,19.7,15.6,85.9,797.7510800158785
372,Crucial Technology BLS16G4D32AESE.M16FE 16GB,16,25.25,18.8,15.6,73.9,824.9718928331843
373,Crucial Technology BLS16G4D32AEST.M16FE 16GB,16,21.0,18.8,15.3,77.9,990.3025798814808
374,Crucial Technology BLS16G4D240FSB.16FAD 16GB,16,25.0,15.9,11.2,65.9,831.4067435438
375,Crucial Technology BLS16G4D240FSC.16FAD 16GB,16,24.0,16.5,11.8,62.9,866.0755749050833
376,Crucial Technology BLS16G4D240FSE.16FAD 16GB,16,25.0,15.4,11.0,63.9,831.2645443777999
377,Crucial Technology BLS16G4S26BFSD.16FBD 16GB,16,27.0,15.0,11.4,153.9,770.159130540185
378,Crucial Technology BLS16G4S240FSD.16FAD 16GB,16,29.0,13.7,10.9,99.9,717.0798771108999
379,Crucial Technology BLT4G4D26AFTA.8FADG 4GB,4,23.0,16.5,12.6,33.9,903.6888844779999
380,Crucial Technology BLT4G4D30AETA.K8FE 4GB,4,20.0,18.5,14.3,34.9,1039.107127942
381,Crucial Technology BLT8G4D26AFTA.16FAD 8GB,8,23.0,16.9,12.3,39.9,903.6728987982999
382,Crucial Technology BLT8G4D30AETA.K16FE 8GB,8,26.33333333,19.0,14.2,59.9,790.986330025876
383,Crucial Technology CT4G4DFS824A.C8FBD1 4GB,4,23.0,16.1,13.3,38.3,903.8176919076999
384,Crucial Technology CT4G4DFS8213.8FA11 4GB,4,24.0,15.4,11.5,23.9,865.8022243523832
385,Crucial Technology CT4G4DFS8213.C8FAD1 4GB,4,30.0,11.9,10.0,20.9,692.7953608174666
386,Crucial Technology CT4G4DFS8213.C8FAR 4GB,4,28.0,12.6,9.9,41.9,742.0253343974856
387,Crucial Technology CT4G4DFS8266.C8FE 4GB,4,70.0,14.6,6.1,22.9,299.0540022454142
388,Crucial Technology CT4G4SFS624A.C4FB 4GB,4,84.0,14.8,6.8,33.2,250.1476802141952
389,Crucial Technology CT4G4SFS8213.C8FBD1 4GB,4,78.0,11.3,8.9,51.9,269.0387361378179
390,Crucial Technology CT8G4DFD824A.C16FADP 8GB,8,24.0,17.1,13.6,33.9,866.6862187292833
391,Crucial Technology CT8G4DFD824A.C16FBD1 8GB,8,23.0,16.9,11.5,63.1,903.4472552982999
392,Crucial Technology CT8G4DFD8213.16FA11 8GB,8,26.0,15.5,11.3,81.4,799.6155619296538
393,Crucial Technology CT8G4DFD8213.C16FA11 8GB,8,30.33333333,16.3,11.8,36.9,686.498291818784
394,Crucial Technology CT8G4DFD8213.C16FAD1 8GB,8,29.0,13.2,10.4,44.9,716.8530616323999
395,Crucial Technology CT8G4DFD8213.C16FAR1 8GB,8,27.0,13.8,10.3,82.9,769.6429788292851
396,Crucial Technology CT8G4DFS824A.C8FAD1 8GB,8,24.0,15.3,10.1,34.99,865.3901905691832
397,Crucial Technology CT8G4DFS8213.C8FAD1 8GB,8,25.0,13.7,8.0,90.4,830.1267010634
398,Crucial Technology CT8G4DFS8213.C8FBD1 8GB,8,33.0,13.2,7.8,49.9,629.8585220452787
399,Crucial Technology CT8G4DFS8213.M8FA 8GB,8,26.0,14.2,9.6,28.9,798.9130199355538
400,Crucial Technology CT8G4DFS8266.C8FD1 8GB,8,27.66666667,17.6,13.0,33.99,752.63796085423
401,Crucial Technology CT8G4SFD824A.C16FADP 8GB,8,31.0,15.6,11.8,33.9,671.7465031509741
402,Crucial Technology CT8G4SFD8213.C16FADP 8GB,8,29.0,13.1,9.6,49.0,716.6102604741999
403,Crucial Technology CT8G4SFD8213.C16FBD1 8GB,8,33.0,13.9,9.8,77.9,630.5427344026788
404,Crucial Technology CT8G4SFS824A.C8FAD1 8GB,8,26.0,14.8,9.6,39.9,799.0159658847539
405,Crucial Technology CT8G4SFS824A.C8FBD1 8GB,8,26.0,14.6,9.8,35.5,799.0380614433539
406,Crucial Technology CT8G4SFS824A.M8FA 8GB,8,24.0,13.7,6.5,54.6,864.1002722879833
407,Crucial Technology CT8G4SFS8213.C8FAD1 8GB,8,27.0,14.4,10.6,49.0,769.8305410909851
408,Crucial Technology CT8G4SFS8213.M8FB 8GB,8,28.0,12.5,8.6,54.6,741.6415060517855
409,Crucial Technology CT8G4SFS8266.C8FD1 8GB,8,26.0,16.5,11.2,39.9,799.7589330741538
410,Crucial Technology CT16G4DFD824A.C16FAD 16GB,16,35.75,16.7,11.8,67.99,583.4800508870574
411,Crucial Technology CT16G4DFD824A.C16FBD 16GB,16,25.0,16.2,11.8,96.9,831.6274491434
412,Crucial Technology CT16G4DFD8213.16FDD1 16GB,16,76.0,13.6,6.4,88.1,275.6911115184894
413,Crucial Technology CT16G4DFD8213.C16FAD 16GB,16,32.4,15.7,11.2,109.9,642.8278129500543
414,Crucial Technology CT16G4DFD8213.C16FBD 16GB,16,31.0,15.5,9.8,63.9,671.1652367427741
415,Crucial Technology CT16G4DFD8213.M16FA 16GB,16,25.0,16.2,11.3,69.9,831.4864219558999
416,Crucial Technology CT16G4DFD8213.M16FB 16GB,16,25.0,16.1,11.3,58.7,831.4692642976999
417,Crucial Technology CT16G4DFD8266.C16FD1 16GB,16,30.3,17.2,12.1,59.9,687.4858125158867
418,Crucial Technology CT16G4SFD824A.C16FBD 16GB,16,34.66666667,14.5,8.8,119.9,600.2966217351225
419,Crucial Technology CT16G4SFD824A.C16FBR 16GB,16,27.0,14.5,10.5,112.8,769.819493311685
420,Crucial Technology CT16G4SFD824A.M16FA 16GB,16,25.0,15.9,12.9,81.7,831.8862359813
421,Crucial Technology CT16G4SFD8213.C16FAD 16GB,16,29.0,13.6,10.4,199.9,716.9216922651999
422,Crucial Technology CT16G4SFD8213.C16FBD 16GB,16,29.0,13.7,10.2,63.9,716.8824390484
423,Crucial Technology CT16G4SFD8213.M16FA 16GB,16,26.0,15.4,11.4,51.9,799.6266097089538
424,Crucial Technology CT16G4SFD8213.M16FB 16GB,16,28.0,13.7,10.9,62.3,742.4961230126856
425,G Skill Intl F4-2133C15-8GRK 8GB,8,28.0,12.9,10.7,139.9,742.3024508720856
426,G Skill Intl F4-2400C15-4GNT 4GB,4,25.0,14.7,11.1,71.9,831.1726462078999
427,G Skill Intl F4-2400C15-4GRK 4GB,4,38.66666667,13.1,11.3,120.4,539.1760315531877
428,G Skill Intl F4-2400C15-4GRR 4GB,4,38.0,13.1,10.5,132.9,548.3142681682789
429,G Skill Intl F4-2400C15-8GNT 8GB,8,29.83333333,16.5,11.8,183.2,697.9355124756845
430,G Skill Intl F4-2400C15-8GRK 8GB,8,40.33333333,13.2,10.5,356.9,516.9121258022707
431,G Skill Intl F4-2400C15-8GRR 8GB,8,34.57142857,15.5,11.4,142.9,602.8415581840977
432,G Skill Intl F4-2666C15-4GRR 4GB,4,34.0,15.3,11.8,98.9,612.9531183957764
433,G Skill Intl F4-2666C15-8GRR 8GB,8,26.0,14.2,11.4,360.9,799.4207178105538
434,G Skill Intl F4-2800C16-4GRK 4GB,4,31.83333333,16.3,13.4,103.2,654.8901015004287
435,G Skill Intl F4-3000C15-4GRR 4GB,4,39.25,13.1,10.5,224.1,531.0179291871777
436,G Skill Intl F4-3000C15-8GRK 8GB,8,29.0,16.3,10.9,164.9,717.5259762240998
437,Kingston HP24D4S7S8MBP-8 8GB,8,30.5,15.6,11.8,67.9,682.6603009681344
438,Kingston HP26D4S9S8ME-8 8GB,8,31.66666667,16.2,12.6,41.9,658.0594784926918
439,Kingston HP26D4S9S8MH-8 8GB,8,35.16666667,14.7,10.6,69.9,592.3742745084226
440,Kingston KMKYF9-MID 8GB,8,31.0,15.8,12.0,54.9,671.8372293423741
441,Kingston KMKYF9-MIH 8GB,8,29.0,13.5,9.4,50.0,716.6224802319999
442,Kingston M378A1K43CB2-CRC 8GB,8,24.0,13.9,6.5,50.1,864.1345876043833
443,Micron Technology 8ATF1G64HZ-2G6B1 8GB,8,25.0,15.3,12.2,79.9,831.5858519696
444,Micron Technology 16ATF1G64AZ-2G1B1 8GB,8,35.57142857,15.1,10.7,74.8,585.79329306637
445,Micron Technology 16ATF2G64HZ-2G3H1 16GB,16,42.75,12.6,7.4,89.2,487.00910642515896
446,Mushkin 99[2/7/4]183 8GB,8,27.0,15.0,11.6,68.9,770.215541415185
447,Mushkin 99[2/7/4]190F 4GB,4,26.0,14.1,10.7,49.9,799.2061220898538
448,Mushkin 99[2/7/4]191[F/T] 4GB,4,26.0,14.5,10.1,46.9,799.1055200976538
449,Mushkin 99[2/7/4]191F 4GB,4,27.0,13.9,10.9,119.8,769.8293691124851
450,Mushkin 99[2/7/4]197F 8GB,8,27.0,12.8,11.0,88.3,769.6688403097851
451,Mushkin 99[2/7/4]198F 8GB,8,26.0,12.6,8.7,229.9,798.3846484668538
452,Mushkin 99[2/7/4]199[F/T] 8GB,8,24.0,15.9,11.4,89.9,865.8598072058833
453,Mushkin 99[2/7/4]199F 8GB,8,27.0,12.7,10.5,82.9,769.5106554640851
454,Mushkin 99[2/7/4]200[F/T] 8GB,8,29.0,12.7,6.3,101.5,715.6108504038999
455,Mushkin 99[2/7/4]200F 8GB,8,26.0,13.7,10.3,86.9,799.0246697070539
456,Mushkin 99[2/7/4]204F 4GB,4,25.0,13.4,11.5,36.9,831.0624184012999
457,Mushkin 99[2/7/4]205[F/T] 8GB,8,19.0,19.3,13.8,88.9,1093.4138664207576
458,Mushkin 99[2/7/4]205F 8GB,8,26.0,13.5,11.3,229.9,799.2724087656538
459,Mushkin 99[2/7/4]209F 8GB,8,28.0,13.4,10.3,110.0,742.2754174130856
460,Mushkin MB[A/B]4U240FFFF16G 16GB,16,29.0,14.4,10.7,239.9,717.1435698432999
461,Mushkin MES4S213FF16G28 16GB,16,26.0,13.9,11.6,58.9,799.425655710954
462,Mushkin MR[A/B]4U266GHHF8G 8GB,8,22.0,17.8,13.3,281.3,944.8959169039182
463,Mushkin MR[A/B]4U300JJJM16G 16GB,16,22.0,18.4,14.3,214.9,945.2809172281183
464,Nanya Technology M471A5143EB1-CRC 4GB,4,79.0,14.7,7.9,31.0,265.9908062324569
465,Patriot Memory (PDP Systems) PSD44G213381 4GB,4,24.0,15.6,11.7,58.4,865.8929505437833
466,Patriot Memory (PDP Systems) PSD44G240041 4GB,4,68.0,15.6,7.0,39.8,308.15085283728814
467,Patriot Memory (PDP Systems) PSD44G240081 4GB,4,23.0,15.9,11.7,75.8,903.3320895913
468,Patriot Memory (PDP Systems) PSD44G240082 4GB,4,26.0,15.3,10.8,18.9,799.4402194257539
469,Patriot Memory (PDP Systems) PSD48G21332 8GB,8,27.0,13.3,9.8,64.9,769.416163350785
470,Patriot Memory (PDP Systems) PSD48G24002 8GB,8,24.0,15.8,11.4,59.9,865.8426495476832
471,Patriot Memory (PDP Systems) PSD48G213381 8GB,8,24.0,14.3,8.4,108.3,864.7391215496832
472,Patriot Memory (PDP Systems) PSD48G213382 8GB,8,25.0,16.9,12.2,105.2,831.8603745007999
473,Patriot Memory (PDP Systems) PSD48G240081 8GB,8,31.5,14.4,9.4,35.9,660.2963527073872
474,Patriot Memory (PDP Systems) PSD48G240082 8GB,8,23.0,17.0,11.5,109.9,903.4644129564998
475,Patriot Memory (PDP Systems) PSD48G266681 8GB,8,28.0,17.5,13.2,34.9,743.7968390867857
476,Patriot Memory (PDP Systems) PSD416G21332 16GB,16,27.0,14.4,9.6,239.9,769.5484867159851
477,Patriot Memory (PDP Systems) PSD416G24002 16GB,16,24.0,16.0,10.7,179.9,865.6795268015833
478,Patriot Memory (PDP Systems) PSD416G26662 16GB,16,24.0,15.6,11.2,59.9,865.7519233562832
479,Samsung M378A1G43DB0-CPB 8GB,8,35.30769231,15.3,11.1,99.0,590.2742078852143
480,Samsung M378A1K43BB1-CPB 8GB,8,34.1,15.5,10.9,42.0,610.9535268419311
481,Samsung M378A1K43CB2-CTD 8GB,8,29.84848485,17.2,12.8,36.9,697.9865148852006
482,Samsung M378A1K43DB2-CTD 8GB,8,32.52941176,16.5,11.8,57.9,640.60022896942
483,Samsung M378A2K43BB1-CPB 16GB,16,34.6,14.5,8.6,109.0,601.38727581689
484,Samsung M378A2K43BB1-CRC 16GB,16,27.0,15.4,10.7,115.0,770.030323110485
485,Samsung M378A2K43CB1-CTD 16GB,16,30.79310345,17.1,11.6,68.4,676.4205254217288
486,Samsung M378A2K43DB1-CTD 16GB,16,35.83333333,14.4,11.0,94.9,581.5172546035622
487,Samsung M378A5143DB0-CPB 4GB,4,36.25,13.9,10.3,34.0,574.6139827523
488,Samsung M378A5244CB0-CRC 4GB,4,32.0,14.6,8.4,21.9,649.8115146050125
489,Samsung M378A5244CB0-CTD 4GB,4,31.0,16.2,11.0,21.3,671.6238056001741
490,Samsung M386A4G40DM0-CPB 32GB,32,49.0,9.4,7.7,161.7,424.96814207360603
491,Samsung M386A8K40BM1-CRC 64GB,64,34.0,10.4,7.5,329.9,610.8995593314764
492,Samsung M391A1G43DB0-CPB 8GB,8,31.0,11.7,6.8,99.9,669.6670826061742
493,Samsung M391A2K43BB1-CPB 16GB,16,26.0,15.7,9.5,119.9,799.1421793710539
494,Samsung M393A1G40DB0-CPB 8GB,8,45.81818182,11.2,9.0,114.3,454.89250500161694
495,Samsung M393A1G40DB1-CRC 8GB,8,33.0,10.7,7.4,62.9,629.3167588402787
496,Samsung M393A1G43DB0-CPB 8GB,8,52.42857143,9.2,8.1,60.2,397.50331311673267
497,Samsung M393A1G43EB1-CRC 8GB,8,34.0,11.1,7.2,121.8,610.9350466263763
498,Samsung M393A1K43BB0-CRC 8GB,8,33.0,11.1,8.9,83.0,629.8084710355788
499,Samsung M393A2G40DB0-CPB 16GB,16,57.64705882,9.7,8.0,59.7,361.92670585532886
500,Samsung M393A2G40DB1-CRC 16GB,16,35.0,10.8,7.3,169.9,593.5689289445285
501,Samsung M393A2G40EB1-CRC 16GB,16,48.8,9.9,7.6,175.0,426.751886826759
502,Samsung M393A2G40EB2-CTD 16GB,16,44.0,8.5,5.6,107.9,472.08317072540905
503,Samsung M393A2K40BB0-CPB 16GB,16,54.0,5.3,4.2,59.9,384.27901522719253
504,Samsung M393A2K40BB1-CRC 16GB,16,34.0,10.3,7.7,137.9,610.9388125482764
505,Samsung M393A2K43BB1-CRC 16GB,16,38.0,9.5,7.4,215.9,546.8222239105788
506,Samsung M393A4K40BB0-CPB 32GB,32,57.33333333,9.0,7.1,203.5,363.5117463490444
507,Samsung M393A4K40BB1-CRC 32GB,32,47.33333333,10.5,7.9,367.9,440.04369227286713
508,Samsung M393A4K40BB2-CTD 32GB,32,44.0,10.8,8.3,189.1,473.23934367650907
509,Samsung M393A4K40CB1-CRC 32GB,32,35.0,9.7,7.8,242.5,593.5212218918285
510,Samsung M393A5143DB0-CPB 4GB,4,52.66666667,9.5,8.2,44.4,395.80342475103413
511,Samsung M471A1G43DB0-CPB 8GB,8,38.71794872,14.0,10.4,45.0,538.3696596182697
512,Samsung M471A1G43EB1-CRC 8GB,8,25.0,14.8,9.3,37.6,830.6821059911
513,Samsung M471A1K43BB0-CPB 8GB,8,37.5,13.2,9.1,29.0,555.1779502882333
514,Samsung M471A1K43BB1-CRC 8GB,8,35.64285714,14.7,10.0,38.0,584.3645299957022
515,Samsung M471A1K43CB1-CRC 8GB,8,39.84090909,13.8,9.6,40.4,523.0855379301285
516,Samsung M471A1K43CB1-CTD 8GB,8,34.96,16.0,11.6,35.5,596.3486256343684
517,Samsung M471A1K43DB1-CTD 8GB,8,33.90721649,16.4,12.1,45.0,614.8874595479492
518,Samsung M471A2K43BB1-CPB 16GB,16,38.5,13.4,8.5,164.9,540.7483201330532
519,Samsung M471A2K43CB1-CRC 16GB,16,37.71052632,14.0,8.4,60.0,552.0453578288696
520,Samsung M471A2K43CB1-CTD 16GB,16,35.90196078,16.0,11.0,30.9,580.6908465998702
521,Samsung M471A5143DB0-CPB 4GB,4,37.28571429,13.9,10.3,43.7,558.7994296831226
522,Samsung M471A5143EB0-CPB 4GB,4,34.0,13.1,8.4,26.7,611.6166650403763
523,Samsung M471A5143EB1-CRC 4GB,4,95.0,15.8,7.3,46.9,222.01192453573157
524,Samsung M471A5244CB0-CRC 4GB,4,36.0,14.9,10.9,23.9,578.9084302106888
525,Samsung M471A5244CB0-CTD 4GB,4,36.25,16.1,11.1,15.8,575.2170947326998
526,Samsung M474A2K43BB1-CRC 16GB,16,25.0,16.2,12.8,159.4,831.9095035183999
527,Super Talent F24EA8GS 8GB,8,92.0,11.6,9.7,88.7,229.0522122262
528,Super Talent F24EB8GS 8GB,8,31.33333333,16.2,12.4,127.3,664.9363236372999
529,Super Talent F26UB16GH 16GB,16,29.0,8.7,6.5,102.4,714.9809549508999
