,name,year,size,HardMark,SSD_HDD,price
0,ADATA Permier SP550 480GB,2015,447.1,4185.0,1,105.0
1,ADATA Permier SP600 32GB,2013,29.8,979.0,1,114.1
2,ADATA Premier Pro SP900 128GB,2012,119.2,2583.0,1,70.4
3,ADATA Premier Pro SP900 256GB,2013,238.5,3793.0,1,87.1
4,ADATA Premier SP600 128GB,2013,119.2,2103.0,1,62.6
5,ADATA Premier SP600 256GB,2014,238.5,2791.0,1,221.0
6,ADATA S396 30GB,2012,29.8,1174.0,1,64.5
7,ADATA S510 120GB,2011,111.8,2359.0,1,153.5
8,ADATA S511 120GB,2011,111.8,2917.0,1,133.6
9,ADATA S511 240GB,2012,223.6,3625.0,1,268.4
10,ADATA S596 Turbo,2010,29.8,956.0,1,250.0
11,ADATA SP310,2014,59.6,1698.0,1,126.0
12,ADATA SP580,2016,111.8,2388.0,1,64.9
13,ADATA SP610,2014,238.5,3173.0,1,178.1
14,ADATA SU630,2019,223.6,3943.0,1,39.93
15,ADATA SU635,2019,223.6,3473.0,1,29.99
16,ADATA SU650,2017,111.8,2845.0,1,37.9
17,ADATA SU650,2017,111.8,2845.0,1,37.9
18,ADATA SU655,2018,111.8,2357.0,1,22.99
19,ADATA SU700,2017,111.8,2409.0,1,22.0
20,ADATA SU750,2019,238.5,4233.0,1,37.99
21,ADATA SU750,2019,238.5,4233.0,1,37.99
22,ADATA SU800 M.2 SSD 256GB,2017,238.5,4384.0,1,37.9
23,ADATA SU800 M.2 SSD 512GB,2017,476.9,4615.0,1,124.9
24,ADATA SU800 SSD 128GB,2017,119.2,3296.0,1,29.9
25,ADATA SU800 SSD 1TB,2017,953.9,4505.0,1,164.09
26,ADATA SU800 SSD 256GB,2016,238.5,3907.0,1,37.9
27,ADATA SU800 SSD 512GB,2016,476.9,4177.0,1,59.9
28,ADATA SU900,2017,238.5,3844.0,1,94.2
29,ADATA SU900,2017,238.5,3844.0,1,94.2
30,ADATA SX300,2013,119.2,3212.0,1,172.2
31,ADATA SX910,2013,119.2,3087.0,1,220.0
32,ADATA SX910 128GB,2012,119.2,3396.0,1,129.9
33,ADATA SX910 512GB,2013,476.9,4750.0,1,129.9
34,ADATA SX930,2015,111.8,3104.0,1,74.2
35,ADATA XM11 256GB,2012,238.5,4465.0,1,415.8
36,ADATA XPG SX300 128GB,2012,119.2,3028.0,1,118.6
37,ADATA XPG SX8000 128GB,2016,119.2,4885.0,1,55.9
38,ADATA XPG SX8000 256GB,2017,238.5,10538.0,1,129.9
39,ADATA XPG SX900 128GB,2012,119.2,2916.0,1,103.5
40,ADATA XPG SX900 256GB,2012,238.5,3918.0,1,1524.3
41,ADATA XPG SX910 128GB,2013,119.2,1959.0,1,104.9
42,addlink S70 M.2 G3x4 1TB,2019,953.9,20676.0,1,124.8
43,KINGSTON SH103S3,20Jan,111.8,3517.0,1,127.8
44,KINGSTON SH103S3240G-NV,20Nov,223.6,3439.0,1,179.9
45,KINGSTON SHFS37A,20Feb,223.6,3376.0,1,65.9
46,KINGSTON SHSS37A,20May,223.6,2674.0,1,70.9
47,KINGSTON SKC100S3120G,20Nov,111.8,2980.0,1,199.9
48,KINGSTON SKC100S3240G,20Nov,223.6,3192.0,1,93.0
49,KINGSTON SKC100S3480G,20Aug,447.1,3032.0,1,94.7
50,KINGSTON SKC380S3120G,20Nov,111.8,2263.0,1,119.9
51,KINGSTON SKC380S360G,20Jan,55.9,1943.0,1,81.7
52,KINGSTON SKC400S371T,20Aug,953.9,3619.0,1,425.7
53,KINGSTON SKC400S37256G,20Jan,238.5,3079.0,1,178.2
54,KINGSTON SMS100S232G,20Feb,29.8,774.0,1,49.4
55,KINGSTON SMS100S264G,20Dec,59.6,1317.0,1,94.9
56,KINGSTON SMS151S324G,20Dec,22.4,1265.0,1,18.9
57,KINGSTON SMS200S3120G,20Jul,111.8,3217.0,1,78.9
58,KINGSTON SMS200S3240G,20Dec,223.6,3424.0,1,119.4
59,KINGSTON SMS200S330G,20Jan,28.0,1706.0,1,42.3
60,KINGSTON SMS200S360G,20Aug,55.9,2586.0,1,99.8
61,KINGSTON SS200S330G,20Mar,28.0,1513.0,0,89.9
62,Kingston SSDNow 128GB,20Jul,119.2,957.0,1,411.6
63,Kingston SSDNow 256GB,20Jul,238.5,668.0,1,146.7
64,KINGSTON SSDNOW 30GB,20Mar,28.0,701.0,1,59.9
65,KINGSTON SSDNow 40GB,20Nov,37.2,851.0,1,43.7
66,Kingston SSDNow 64GB,20Sep,59.5,986.0,1,224.8
67,Kingston SSDNow V Series 128GB,20Aug,119.2,544.0,1,199.9
68,KINGSTON SSDNow V+200 60GB,20Feb,55.9,1859.0,1,84.9
69,KINGSTON SUV400S37 120G,20Nov,111.8,2362.0,1,33.2
70,KINGSTON SV100S2128G,20Dec,119.2,1020.0,1,237.4
71,KINGSTON SV100S2256G,20Dec,238.5,916.0,1,406.2
72,KINGSTON SV100S232G,20Nov,29.7,659.0,0,134.9
73,KINGSTON SV100S264G,20Dec,59.6,956.0,1,119.9
74,KINGSTON SV200S3,20Sep,119.2,1336.0,0,585.4
75,KINGSTON SV200S3128G,20Nov,119.2,1410.0,1,39.9
76,KINGSTON SV200S3256G,20Dec,238.5,799.0,1,179.9
77,KINGSTON SV200S364G,20Dec,59.5,975.0,0,69.9
78,KINGSTON SV300S3240G,20Feb,223.6,3013.0,1,64.2
79,KINGSTON SVP100S2128G,20Jan,59.5,1133.0,1,102.9
80,KINGSTON SVP100S2256G,20Mar,238.5,1234.0,1,48.9
81,KINGSTON SVP100S2512G,20May,476.9,1370.0,1,325.0
82,KINGSTON SVP100S264G,20Dec,59.6,1255.0,1,121.5
83,KINGSTON SVP200S3120G,20Feb,111.8,2379.0,1,24.9
84,KINGSTON SVP200S3240G,20Feb,100.7,2478.0,1,98.9
85,KINGSTON SVP200S3480G,20Oct,447.1,2702.0,1,514.2
86,KINGSTON SVP200S37A240G,20Oct,223.6,2734.0,1,222.2
87,KINGSTON SVP200S390G,20Oct,83.8,2013.0,1,71.2
88,Lexar 250GB SSD,20Nov,232.9,11767.0,1,44.99
89,Lexar SSD,20Jan,111.8,3165.0,1,30.2
90,M4-CT064M4SSD2,20May,59.6,1857.0,1,72.9
91,M4-CT256M4SSD1,20Mar,238.5,2251.0,1,199.9
92,M4-CT256M4SSD2,20May,238.5,2374.0,1,179.8
93,M4-CT512M4SSD2,20May,476.9,2417.0,1,396.7
94,Maxtor 4R080L0,20Feb,76.3,281.0,0,21.5
95,Maxtor 4R120L0,20Mar,113.0,286.0,0,16.9
96,Maxtor 4R160L0,20Mar,152.7,294.0,0,39.0
97,Maxtor 6B200M0,20Jan,48.8,371.0,0,39.9
98,Maxtor 6B300S0,20Mar,279.5,371.0,0,106.0
99,Maxtor 6E040L0,20Dec,6.8,317.0,0,39.5
100,Maxtor 6H500F0,20Mar,465.8,411.0,0,95.4
101,Maxtor 6L080P0,20Jan,76.3,324.0,0,162.5
102,Maxtor 6L250R0,20Dec,233.8,348.0,0,23.4
103,Maxtor 6L300S0,20Feb,139.7,389.0,0,52.0
104,Maxtor 6Y120L0,20Nov,114.5,318.0,0,43.9
105,Maxtor 7L250S0,20Feb,224.6,362.0,0,65.0
106,Maxtor 7Y250M0,20Dec,233.8,348.0,0,129.0
107,Maxtor Z1 SSD 240GB,20Sep,223.6,2490.0,1,53.99
108,Micron 1100,20Feb,238.5,3866.0,1,143.9
109,Micron 1100 512GB,20Dec,476.9,4018.0,1,169.4
110,Micron 2200 MTFDHBA256TCK,20Jul,238.5,14144.0,1,64.9
111,Micron M500 240GB MTFDDAK240MAV,20Sep,223.6,2671.0,1,483.3
112,Micron M600 M.2 2280 512GB,20Jan,476.9,3742.0,1,356.1
113,Micron M600 MTFDDAK1T0MBF,20Aug,953.9,3334.0,1,89.9
114,Micron M600 MTFDDAK512MBF,20May,476.9,3659.0,1,64.9
115,Micron M600 MTFDDAV128MBF,20Apr,119.2,3301.0,1,197.7
116,Micron M600 MTFDDAY512MBF,20Feb,476.9,4233.0,1,287.7
117,MKNSSDHL1TB-D8,20Sep,931.5,13092.0,1,124.99
118,MKNSSDSR1TB,20Jan,931.5,3242.0,1,104.9
119,MTFDBAK128MAG-1G1,20Feb,119.2,1733.0,1,103.0
120,MTFDBAK256MAG-1G1,20Dec,238.5,2047.0,1,99.9
121,MTFDDAK128MAM-1J1,20Feb,119.2,2095.0,1,129.9
122,MTFDDAK1T0MBF,20Jul,953.9,3837.0,1,794.8
123,MTFDDAK256MAM-1K1,20Oct,238.5,2183.0,1,99.9
124,MTFDDAK256MAM-1K12,20Oct,238.5,2148.0,1,135.9
125,MTFDDAK512MAM-1K1,20Jan,476.9,2393.0,1,479.0
126,MTFDDAK512MBF,20Aug,476.9,3619.0,1,90.0
127,MTFDDAT064MAM-1J2,20Nov,59.6,1934.0,1,44.0
128,MTFDDAT128MAM-1J2,20Dec,119.2,2021.0,1,66.0
129,MTFDDAV256TBN,20Nov,238.5,4061.0,1,121.2
130,Mushkin Atlas Deluxe 120GB MKNSSDAT120GB-DX,20Aug,111.8,3008.0,1,239.9
131,Mushkin Atlas Deluxe 240GB MKNSSDAT240GB-DX,20Dec,223.6,3184.0,1,162.4
132,Mushkin Atlas Deluxe 60GB MKNSSDAT60GB-DX,20Sep,55.9,2287.0,1,108.2
133,Mushkin Callisto Deluxe 120GB MKNSSDCL120GB-DX,20Aug,111.8,1843.0,1,258.5
134,Mushkin Callisto Deluxe 240GB MKNSSDCL240GB-DX,20Aug,223.6,1990.0,1,86.8
135,Mushkin Callisto Deluxe 40GB MKNSSDCL40GB-DX,20Oct,37.2,1206.0,1,179.9
136,Mushkin Callisto Deluxe 60GB MKNSSDCL60GB-DX,20Jul,55.9,1486.0,1,159.0
137,Mushkin Chronos 120GB MKNSSDCR120GB,20Aug,111.8,2166.0,1,256.5
138,Mushkin Chronos 180GB MKNSSDCR180GB,20Oct,167.7,2741.0,1,114.9
139,Mushkin Chronos 240GB MKNSSDCR240GB,20Oct,223.5,2469.0,1,145.9
140,Mushkin Chronos 480GB MKNSSDCR480GB,20Dec,447.1,2653.0,1,151.9
141,Mushkin Chronos 90GB MKNSSDCR90GB,20Dec,83.8,2090.0,1,99.9
142,Mushkin Chronos Deluxe 120GB MKNSSDCR120GB-DX,20Aug,111.8,3476.0,1,139.9
143,Mushkin Chronos Deluxe 240GB MKNSSDCR240GB-DX,20Aug,223.6,3521.0,1,174.9
144,Mushkin Chronos Deluxe 60GB MKNSSDCR60GB-DX,20Nov,55.9,2577.0,1,69.9
145,Mushkin Pilot 500GB PCIe NVMe,20Jun,465.8,15342.0,1,85.9
146,Mushkin Reactor 1TB MKNSSDRE1TB,20Feb,931.5,4248.0,1,159.9
147,Mushkin Reactor 512GB MKNSSDRE512GB,20Jul,476.9,3846.0,1,279.9
148,Mushkin Reactor LT 250GB MKNSSDRE250GB-LT,20Mar,232.9,3190.0,1,49.9
149,Mushkin Scorpion Deluxe PCIe SSD 480GB,20Oct,443.3,10412.0,1,1016.7
150,Mushkin Scorpion PCIe SSD,20Jul,447.0,5437.0,1,377.9
151,Mushkin Source 250GB MKNSSDSR250GB,20Jul,232.9,2818.0,1,41.9
152,Mushkin Source 500GB MKNSSDSR500GB,20Apr,465.8,3130.0,1,62.9
153,Mushkin Triactor 120GB MKNSSDTR120GB,20Jul,111.8,2675.0,1,45.9
154,Mushkin Triactor 250GB MKNSSDTR250GB,20Nov,232.9,3883.0,1,79.9
155,Mushkin Triactor 3D 1TB MKNSSDTR1TB-3D,20Oct,953.9,3817.0,1,357.7
156,Mushkin Triactor 3DL 128GB MKNSSDTR128GB-3DL,20Oct,119.2,2322.0,1,39.9
157,Mushkin Triactor 480GB MKNSSDTR480GB,20Apr,447.1,4125.0,1,89.9
158,MyDigitalSSD BP4,20Dec,111.8,3248.0,1,64.9
159,MZMPC032HBCD-00000,20Oct,29.8,1720.0,1,21.0
160,MZMPC032HBCD-000H1,20Apr,29.8,1820.0,1,23.8
161,MZMPC128HBFU-00000,20Jun,119.2,3051.0,1,169.9
162,Netac N5M-120GB,20Feb,118.0,3476.0,1,65.9
163,NVMe INTEL SSDPEKNW02,20Mar,1.9,13125.0,1,276.99
164,NVMe KINGSTON SKC1000,20Aug,447.1,10035.0,1,1235.9
165,OCZ 240GB SSD D2CSTK251A20-0240,20Aug,223.6,2472.0,1,400.8
166,OCZ AGILITY 2 60GB,20May,55.9,1448.0,1,88.6
167,OCZ AGILITY 3 120GB,20May,111.8,2340.0,1,29.99
168,OCZ AGILITY 4 256GB,20Jun,238.5,2050.0,1,212.1
169,OCZ AGILITY 64GB,20Sep,59.6,987.0,1,109.9
170,OCZ Deneva 2 480GB D2CSTK251M11-0480,20Oct,447.1,3808.0,1,999.9
171,OCZ INTREPID 3700,20May,223.6,1973.0,1,449.9
172,OCZ RevoDrive 3,20Aug,111.8,3452.0,1,99.8
173,OCZ RevoDrive 3 X2,20Aug,447.2,7784.0,1,519.9
174,OCZ RevoDrive 3 X2 Max IOPS,20Oct,447.2,9496.0,1,951.9
175,OCZ RevoDrive 350 PCI-E,20Jun,447.2,9299.0,1,553.3
176,OCZ SOLID SSD,20Dec,59.7,638.0,1,92.6
177,OCZ SOLID SSD 32GB,20Feb,29.8,572.0,1,92.6
178,OCZ Vector 150,20Dec,111.8,3479.0,1,227.9
179,OCZ Vector Series,20Dec,238.5,4038.0,1,449.8
180,OCZ Vertex 3 60GB,20Apr,55.9,2368.0,1,169.9
181,OCZ Vertex 3 Max IOPS 120GB,20May,111.8,3980.0,1,119.9
182,OCZ Vertex 4 128GB,20Aug,119.2,3842.0,1,99.9
183,OCZ Vertex 4 256GB,20Apr,238.5,4022.0,1,198.0
184,OCZ Vertex 64GB,20Jun,59.6,904.0,1,100.9
185,OCZ Vertex Plus,20Aug,55.9,851.0,1,59.9
186,OCZ Vertex Plus R2 60GB,20Jul,57.6,709.0,1,48.5
187,OCZ VERTEX-LE,20Mar,93.1,1838.0,1,668.9
188,OCZ-COLOSSUS,20Dec,119.2,1311.0,1,995.0
189,OCZ-NOCTI,20Nov,110.6,1315.0,1,69.9
190,OCZ-OCTANE,20Dec,238.5,1828.0,1,287.5
191,OCZ-OCTANE S2,20Feb,119.1,1360.0,1,76.8
192,OCZ-ONYX,20Jun,29.8,744.0,1,29.9
193,OCZ-PETROL,20Jan,119.2,1162.0,1,43.7
194,OCZ-SOLID2,20Feb,119.2,787.0,1,232.1
195,OCZ-SOLID3,20May,111.8,2132.0,1,151.9
196,OCZ-VECTOR,20Dec,476.9,3897.0,1,311.0
197,OCZ-VECTOR180,20May,223.6,3837.0,1,232.0
198,OCZ-VERTEX TURBO,20Sep,119.1,746.0,1,212.7
199,OWC Mercury Electra 3G SSD,20Dec,55.9,2021.0,1,438.0
200,OWC Mercury Electra 6G SSD,20Oct,447.1,2905.0,1,83.9
201,Patriot Blast 120GB,20Aug,111.8,2966.0,1,31.9
202,Patriot Blast 240GB,20Aug,223.6,3819.0,1,38.9
203,Patriot Blast 960GB,20Jan,894.3,3802.0,1,139.9
204,Patriot Blaze,20Dec,223.6,1970.0,1,121.2
205,Patriot Blaze SSD,20Oct,111.8,1170.0,1,56.9
206,Patriot Burst,20Sep,223.6,3162.0,1,31.99
207,Patriot Ignite,20Mar,894.3,3142.0,1,152.1
208,Patriot Inferno 100GB SSD,20May,83.3,1605.0,1,310.0
209,Patriot Inferno 120GB SSD,20Sep,94.9,1620.0,1,244.9
210,Patriot Mac Series XT 240GB,20May,223.6,4019.0,1,56.2
211,PATRIOT MEMORY 128GB SSD,20Mar,119.4,570.0,1,163.5
212,PATRIOT MEMORY 64GB SSD,20Dec,59.7,518.0,1,150.9
213,Patriot P200 256GB,20Aug,238.5,3026.0,1,109.0
214,Patriot P200 512GB,20Jul,476.9,3001.0,1,140.0
215,Patriot PS-100 64GB SSD,20Jan,45.8,717.0,1,99.0
216,Patriot Spark,20Aug,238.5,2623.0,1,114.7
217,Patriot Torch,20Dec,111.8,1334.0,1,39.9
218,Patriot Torqx 2 128GB SSD,20Oct,119.2,1153.0,1,199.9
219,Patriot Torqx 2 64GB SSD,20Jul,59.6,1237.0,1,155.4
220,Patriot Torqx 256GB SSD,20Nov,238.4,909.0,1,239.6
221,Patriot Torqx 64GB SSD,20Jul,59.6,629.0,1,63.9
222,Patriot Wildfire,20Jul,111.8,3369.0,1,91.3
223,Phison SSD,20Sep,119.2,3201.0,1,194.9
224,Plextor M2S 64GB PX-64M2S,20Aug,59.6,1668.0,1,129.9
225,Plextor M3 256GB PX-256M3,20Aug,238.5,3238.0,1,249.9
226,Plextor M3 512GB PX-512M3,20Nov,476.9,3922.0,1,359.9
227,Plextor M5 128GB PX-128M5S,20Sep,119.2,2656.0,1,107.9
228,Plextor M5 Pro 256GB PX-256M5P,20Nov,238.5,3542.0,1,209.9
229,Plextor M5 Pro 512 GB PX-512M5P,20Dec,476.9,3626.0,1,419.9
230,PLEXTOR PX-128M5M,20Mar,119.2,3119.0,1,179.9
231,PLEXTOR PX-128M5S,20Jun,119.2,2897.0,1,179.4
232,PLEXTOR PX-128M6M,20Jun,119.2,3350.0,1,99.9
233,PLEXTOR PX-128M6Pro,20Dec,119.2,3350.0,1,91.0
234,PLEXTOR PX-128M6S,20May,119.2,3145.0,1,69.9
235,PLEXTOR PX-128M7VG,20Sep,119.2,3380.0,1,184.9
236,PLEXTOR PX-128M8PeG,20Oct,119.2,6775.0,1,219.9
237,PLEXTOR PX-128S2C,20Dec,119.2,3268.0,1,179.9
238,PLEXTOR PX-128S2G,20Nov,119.2,3536.0,1,174.9
239,PLEXTOR PX-128S3C,20Sep,119.2,2902.0,1,208.5
240,PLEXTOR PX-1TM9PeG,20Jun,953.9,16641.0,1,136.9
241,PLEXTOR PX-1TM9PeGN,20Dec,953.9,18308.0,1,120.9
242,PLEXTOR PX-256M5M,20Jun,238.5,3418.0,1,148.9
243,PLEXTOR PX-256M5P,20Feb,238.5,3107.0,1,359.9
244,PLEXTOR PX-256M5S,20Feb,238.5,3901.0,1,193.4
245,PLEXTOR PX-256M6M,20Jul,238.5,3294.0,1,143.9
246,PLEXTOR PX-256M6Pro,20Aug,238.5,3774.0,1,84.9
247,PLEXTOR PX-256M6S,20May,238.5,3399.0,1,95.9
248,PLEXTOR PX-256M8PeG,20Sep,238.5,9945.0,1,259.1
249,PLEXTOR PX-256M8PeGN,20Dec,238.5,10536.0,1,279.9
250,PLEXTOR PX-256M8PeY,20Oct,238.5,10203.0,1,316.9
251,PLEXTOR PX-256M9PeG,20Sep,238.5,12671.0,1,42.9
252,PLEXTOR PX-256M9PeGN,20Aug,238.5,12803.0,1,39.9
253,PLEXTOR PX-256S2G,20Nov,238.5,3824.0,1,233.2
254,PLEXTOR PX-512M5Pro,20Mar,476.9,3701.0,1,274.9
255,PLEXTOR PX-512M6M,20Dec,476.9,3185.0,1,393.3
256,PLEXTOR PX-512M6Pro,20Sep,476.9,3850.0,1,329.9
257,PLEXTOR PX-512M6S,20Mar,476.9,3947.0,1,513.9
258,PLEXTOR PX-512M8PeG,20Sep,476.9,11879.0,1,399.9
259,PLEXTOR PX-512M8PeY,20Oct,476.9,10956.0,1,415.4
260,PLEXTOR PX-512M9PeG,20Jun,476.9,16028.0,1,79.9
261,PLEXTOR PX-512M9PeGN,20Jun,476.9,17224.0,1,69.9
262,PLEXTOR PX-512M9PeY,20Aug,476.9,13685.0,1,94.9
263,PLEXTOR PX-512S2G,20Mar,476.9,3322.0,1,59.9
264,PLEXTOR PX-64M5M,20May,59.6,2622.0,1,150.4
265,PLEXTOR PX-64M6M,20Aug,59.6,2862.0,1,54.9
266,PLEXTOR PX-AG128M6e,20Jun,119.2,4357.0,1,156.9
267,PLEXTOR PX-AG256M6e,20May,238.5,4978.0,1,253.9
268,PLEXTOR PX-AG512M6e,20Sep,476.9,5530.0,1,452.9
269,PLEXTOR PX-G128M6e,20Jul,119.2,3987.0,1,159.2
270,PLEXTOR PX-G256M6e,20Jul,238.5,4981.0,1,293.6
271,PLEXTOR PX-G512M6e,20Jul,476.9,5345.0,1,416.9
272,PNY CS1311 120GB SSD,20Feb,111.8,2719.0,1,76.1
273,PNY CS1311 960GB SSD,20Apr,894.3,4138.0,1,282.6
274,PNY CS2211 240GB SSD,20Feb,223.6,3049.0,1,79.9
275,PNY CS3030 1TB SSD,20Apr,931.5,24643.0,1,145.9
276,PNY CS3030 250GB SSD,20Apr,232.9,11659.0,1,67.9
277,PNY CS3030 500GB SSD,20Apr,465.8,17713.0,1,86.99
278,PNY CS900 120GB,20Sep,111.8,2246.0,1,31.9
279,PNY CS900 120GB SSD,20Oct,111.8,2873.0,1,29.99
280,PNY CS900 240GB,20Nov,223.6,3905.0,1,41.9
281,PNY CS900 240GB SSD,20Oct,223.6,3249.0,1,42.99
282,PNY CS900 480GB SSD,20Jul,447.1,3113.0,1,75.99
283,PNY CS900 960GB SSD,20Sep,894.3,3542.0,1,92.9
284,QUANTUM FIREBALLlct20 40,20Mar,12.8,124.0,0,69.9
285,Radeon R3 SSD R3SL120G,20May,111.8,3293.0,1,39.9
286,Radeon R3 SSD R3SL240G,20May,223.6,3690.0,1,64.9
287,REALSSD C300 2.5,20Oct,119.2,1572.0,1,290.7
288,SAMSUNG 128GB MZ7PA128HMCD,20Sep,119.2,1664.0,1,15.7
289,SAMSUNG 256GB MZ7PC256HAFU,20Nov,238.5,2950.0,1,70.3
290,SAMSUNG 256GB MZMPC256HBGJ,20Nov,238.5,2801.0,1,74.9
291,SAMSUNG 470 Series SSD,20Sep,119.2,1570.0,1,249.0
292,SAMSUNG 64GB,20Nov,59.6,1367.0,1,34.9
293,SAMSUNG HD080HJ,20Dec,74.5,348.0,0,29.9
294,SAMSUNG HD083GJ,20May,74.4,544.0,0,33.7
295,SAMSUNG HD103SI,20Apr,931.5,639.0,0,50.8
296,SAMSUNG HD103SJ,20Sep,931.5,877.0,0,78.99
297,SAMSUNG HD103UJ,20Nov,931.5,653.0,0,64.0
298,SAMSUNG HD105SI,20Apr,921.7,687.0,0,70.5
299,SAMSUNG HD154UI,20Jun,1.4,614.0,0,37.7
300,SAMSUNG HD155UI,20Jun,1.4,735.0,0,79.9
301,SAMSUNG HD160JJ,20Nov,149.0,399.0,0,45.0
302,SAMSUNG HD161GJ,20Feb,149.0,700.0,0,76.8
303,SAMSUNG HD161HJ,20Dec,149.0,447.0,0,119.0
304,SAMSUNG HD163GJ,20Feb,49.0,745.0,0,69.9
305,SAMSUNG HD203WI,20Jan,500.0,599.0,0,205.8
306,SAMSUNG HD204UI,20Nov,1.8,775.0,0,99.0
307,SAMSUNG HD251HJ,20Feb,78.1,549.0,0,36.7
308,SAMSUNG HD253GJ,20Mar,232.8,824.0,0,49.9
309,SAMSUNG HD254GJ,20May,232.6,851.0,0,138.0
310,SAMSUNG HD300LD,20Mar,279.5,299.0,0,160.0
311,SAMSUNG HD400LD,20Mar,58.6,380.0,0,147.0
312,SAMSUNG HD501LJ,20Nov,465.8,476.0,0,73.0
313,SAMSUNG HD502HI,20Mar,465.8,658.0,0,26.5
314,SAMSUNG HD502HJ,20Aug,465.8,862.0,0,31.9
315,SAMSUNG HD502IJ,20Dec,465.6,657.0,0,58.0
316,SAMSUNG HD503HI,20Sep,465.8,648.0,0,62.8
317,SAMSUNG HD753LJ,20Dec,698.6,610.0,0,75.0
318,SAMSUNG HE103SJ,20Dec,931.5,863.0,0,157.9
319,SAMSUNG HE160HJ,20May,149.0,496.0,0,68.0
320,SAMSUNG HE253GJ,20Apr,232.8,858.0,0,125.8
321,SAMSUNG HM100UI,20Nov,931.5,559.0,0,157.9
322,SAMSUNG HM160HC,20Dec,24.4,293.0,0,162.0
323,SAMSUNG HM160HI,20Jan,149.0,367.0,0,12.5
324,SAMSUNG HM161GI,20Jul,148.9,514.0,0,53.0
325,SAMSUNG HM250HI,20Sep,232.9,436.0,0,58.6
326,SAMSUNG HM250HJ,20Nov,218.2,642.0,0,134.0
327,SAMSUNG HM251HI,20Jul,232.9,472.0,0,68.8
328,SAMSUNG HM251JI,20Feb,135.2,289.0,0,157.9
329,SAMSUNG HM320HJ,20Oct,298.1,654.0,0,68.7
330,SAMSUNG HM320II,20Sep,100.1,454.0,0,89.5
331,SAMSUNG HM320JI,20Dec,290.2,356.0,0,39.9
332,SAMSUNG HM321HI,20Apr,298.1,541.0,0,19.5
333,SAMSUNG HM500JI,20Jul,465.8,435.0,0,27.9
334,SAMSUNG HM500JJ,20Oct,465.8,622.0,0,289.8
335,SAMSUNG HM501II,20Jan,465.8,477.0,0,26.5
336,SAMSUNG HM640JJ,20Aug,581.5,648.0,0,69.9
337,SAMSUNG HM641JI,20Mar,596.2,585.0,0,32.9
338,SAMSUNG HN-M101MBB,20Sep,931.5,609.0,0,51.1
339,SAMSUNG HN-M500MBB,20Jan,465.8,633.0,0,64.4
340,SAMSUNG HN-M640MBB,20Jan,596.2,619.0,0,157.9
341,SAMSUNG HN-M750MBB,20Aug,698.6,547.0,0,53.0
342,SAMSUNG HS06THB,20Mar,55.9,176.0,0,54.9
343,SAMSUNG HS122JC,20Mar,111.8,181.0,0,78.2
344,Samsung MCBQE64GBMPP,20Dec,59.6,209.0,1,36.6
345,SAMSUNG MMCRE28G8MXP-0VB,20Nov,119.2,806.0,1,65.0
346,SAMSUNG MMCRE28G8MXP-0VBL1,20Dec,108.3,748.0,0,83.6
347,SAMSUNG MP0402H,20Feb,37.3,183.0,0,20.6
348,SAMSUNG MZ7LF128HCHP-00000,20May,119.2,2275.0,1,59.9
349,SAMSUNG MZ7LM240HMHQ-00005,20May,223.6,2468.0,1,179.2
350,SAMSUNG MZ7LM480HCHP-00003,20Jul,447.1,4242.0,1,99.9
351,SAMSUNG MZ7LN128HCHP-000H1,20Mar,119.2,2988.0,1,40.5
352,SAMSUNG MZ7LN128HCHP-000L1,20Jul,119.2,2659.0,1,83.9
353,SAMSUNG MZ7LN256HCHP-00000,20Aug,238.5,3477.0,1,274.9
354,SAMSUNG MZ7LN512HCHP-00000,20Feb,476.9,4296.0,1,209.9
355,SAMSUNG MZ7PC128HAFU-000H1,20Apr,119.2,2888.0,1,44.9
356,SAMSUNG MZ7TD128HAFV-000,20Mar,119.2,2196.0,1,36.5
357,SAMSUNG MZ7TD128HAFV-00000,20Mar,119.2,2009.0,1,229.8
358,SAMSUNG MZ7TD128HAFV-000L1,20Aug,119.2,2386.0,1,80.9
359,SAMSUNG MZ7TE128HMGR-00000,20May,119.2,2352.0,1,51.9
360,SAMSUNG MZ7TE128HMGR-000L1,20Jun,119.2,2214.0,1,15.9
361,SAMSUNG MZ7TE256HMHP-00000,20Sep,238.5,2859.0,1,125.0
362,SAMSUNG MZ7TE256HMHP-000H1,20Apr,238.5,2794.0,1,145.0
363,SAMSUNG MZ7TE256HMHP-000L7,20Aug,238.5,2883.0,1,139.1
364,SAMSUNG MZ7WD240HAFV-00003,20Sep,223.6,3220.0,1,90.0
365,SAMSUNG MZ7WD240HCFV-00003,20Sep,223.6,2971.0,1,123.1
366,SAMSUNG MZ7WD480HCGM-00003,20Jan,447.1,3806.0,1,308.3
367,SAMSUNG MZFLV128HCGR-000MV,20Sep,119.2,3499.0,1,26.9
368,SAMSUNG MZFLV256HCHP-000MV,20Aug,238.5,6986.0,1,62.3
369,SAMSUNG MZMTD128HAFV-00000,20Apr,119.2,2136.0,1,79.0
370,SAMSUNG MZMTD128HAFV-00004,20Nov,119.2,2231.0,1,68.7
371,SAMSUNG MZMTD128HAFV-000H1,20Dec,119.2,2115.0,1,68.6
372,SAMSUNG MZMTD128HAFV-000L1,20Jun,119.2,1991.0,1,69.0
373,SAMSUNG MZMTD256HAGM-00000,20Dec,238.5,2452.0,1,199.0
374,SAMSUNG MZMTD256HAGM-000L1,20Feb,238.5,2432.0,1,69.9
375,SAMSUNG MZMTD512HAGL-00000,20Apr,476.9,2758.0,1,249.9
376,SAMSUNG MZMTE128HMGR-00000,20Jul,119.2,2521.0,1,68.8
377,SAMSUNG MZMTE128HMGR-000H1,20Jun,119.2,2255.0,1,69.3
378,SAMSUNG MZMTE128HMGR-000MV,20Jul,119.2,2430.0,1,35.9
379,SAMSUNG MZMTE256HMHP-00000,20Nov,238.5,2661.0,1,149.0
380,SAMSUNG MZMTE256HMHP-000L1,20Apr,238.5,2676.0,1,75.0
381,SAMSUNG MZMTE512HMHP-00000,20Feb,476.9,3081.0,1,249.9
382,SAMSUNG MZMTE512HMHP-000L1,20Jun,476.9,2826.0,1,299.9
383,SAMSUNG MZMTE512HMHP-000MV,20Jul,476.9,2829.0,1,249.9
384,SAMSUNG MZNLF128HCHP-00004,20Jul,119.2,2272.0,1,52.5
385,SAMSUNG MZNLF128HCHP-000H1,20Oct,119.2,2169.0,1,52.3
386,SAMSUNG MZNLN128HAHQ-00000,20Jan,119.2,3301.0,1,51.7
387,SAMSUNG MZNLN128HAHQ-000L1,20Apr,119.2,4789.0,1,52.2
388,SAMSUNG MZNLN128HCGR-000L2,20Nov,119.2,2760.0,1,52.2
389,SAMSUNG MZNLN256HCHP-00000,20Oct,238.5,3590.0,1,56.0
390,SAMSUNG MZNLN256HCHP-000H1,20Mar,238.5,3459.0,1,114.7
391,SAMSUNG MZNLN256HCHP-000L2,20Oct,238.5,3439.0,1,74.9
392,SAMSUNG MZNLN256HMHQ-00000,20Oct,238.5,4167.0,1,83.3
393,SAMSUNG MZNLN512HMJP 512GB,20Jun,476.9,4384.0,1,189.8
394,SAMSUNG MZNTD128HAGM-000L1,20Mar,119.2,2459.0,1,49.9
395,SAMSUNG MZNTD256HAGL-00000,20Aug,238.5,2524.0,1,81.8
396,SAMSUNG MZNTE128HMGR-00000,20Jan,119.2,2379.0,1,149.0
397,SAMSUNG MZNTE256HMHP-00000,20Jan,238.5,2797.0,1,125.3
398,SAMSUNG MZNTE256HMHP-000H1,20May,238.5,2759.0,1,83.5
399,SAMSUNG MZNTE256HMHP-000L2,20Nov,238.5,2791.0,1,83.8
400,SAMSUNG MZNTE512HMJH-00000,20Jul,476.9,2971.0,1,99.9
401,SAMSUNG MZNTE512HMJH-000H1,20Apr,476.9,3252.0,1,144.5
402,SAMSUNG MZNTY128HDHP-00000,20Jul,119.2,3032.0,1,52.2
403,SAMSUNG MZNTY128HDHP-000H1,20Aug,119.2,2953.0,1,51.8
404,SAMSUNG MZNTY128HDHP-000L2,20Oct,119.2,3956.0,1,52.2
405,SAMSUNG MZNTY256HDHP-000H1,20Sep,238.5,4008.0,1,79.9
406,SAMSUNG MZNTY256HDHP-000L2,20Sep,238.5,4229.0,1,83.3
407,SAMSUNG MZVLV128HCGR-00000,20Nov,119.2,3869.0,1,63.0
408,SAMSUNG MZYLF128HCHP-000L2,20Aug,119.2,2129.0,1,40.2
409,SAMSUNG MZYTE128HMGR-000L2,20May,119.2,2464.0,1,40.0
410,SAMSUNG MZYTY128HDHP-000L2,20Sep,119.2,3612.0,1,40.8
411,SAMSUNG PM871 512GB,20Sep,476.9,4185.0,1,275.0
412,Samsung PM951 128GB NVMe,20Jul,119.2,3695.0,1,81.4
413,Samsung PM951 256GB NVMe,20Oct,238.5,6431.0,1,44.0
414,Samsung PM951 512GB NVMe,20Oct,476.9,8904.0,1,189.9
415,Samsung PM961 128GB NVMe,20Oct,119.2,10533.0,1,47.91
416,Samsung PM961 1TB NVMe,20May,953.9,17955.0,1,149.9
417,Samsung PM961 256GB NVMe,20Sep,238.5,14166.0,1,63.95
418,Samsung PM961 512GB NVMe,20Mar,476.9,16127.0,1,109.9
419,Samsung PM981 1TB NVMe,20Dec,953.9,21246.0,1,253.74
420,Samsung PM981 256GB NVMe,20Jul,238.5,13414.0,1,159.99
421,Samsung PM981 512GB NVMe,20Nov,476.9,18713.0,1,84.99
422,Samsung Portable SSD T5 500GB,20Nov,465.8,3479.0,1,84.0
423,Samsung SM951 128GB NVMe,20Mar,119.2,10506.0,1,86.9
424,Samsung SM951 256GB NVMe,20Sep,238.5,13422.0,1,129.0
425,Samsung SM951 512GB NVMe,20Sep,476.9,13785.0,1,249.0
426,Samsung SM951 M.2 128GB AHCI,20Apr,119.2,10447.0,1,116.9
427,Samsung SM951 M.2 256GB AHCI,20Jan,238.5,12283.0,1,235.0
428,Samsung SM951 M.2 512GB AHCI,20Apr,476.9,12707.0,1,322.9
429,Samsung SM961 1TB NVMe,20Sep,953.9,18733.0,1,255.0
430,Samsung SM961 256GB NVMe,20Aug,238.5,16829.0,1,89.99
431,Samsung SM961 512GB NVMe,20Aug,476.9,18161.0,1,199.9
432,SAMSUNG SP0411N,20Dec,37.3,303.0,0,55.0
433,SAMSUNG SP0802N,20Mar,74.6,324.0,0,99.0
434,SAMSUNG SP0822N,20Dec,16.6,229.0,0,92.0
435,SAMSUNG SP1614C,20Feb,149.0,351.0,0,49.0
436,SAMSUNG SP2504C,20Nov,232.8,424.0,0,75.0
437,SAMSUNG SSD 128GB MMCRE28G5MXP,20Oct,119.2,999.0,1,99.0
438,SAMSUNG SSD 128GB MMCRE28GFMXP,20Nov,109.2,879.0,1,166.6
439,Samsung SSD 650 120GB,20Jul,111.8,2587.0,1,49.9
440,Samsung SSD 750,20Jun,232.9,3866.0,1,74.9
441,Samsung SSD 750 EVO 120GB,20Dec,111.8,3283.0,1,128.89
442,Samsung SSD 750 EVO 250GB,20Mar,232.9,3054.0,1,89.98
443,Samsung SSD 750 EVO 500GB,20Jul,465.8,3956.0,1,89.99
444,Samsung SSD 840 EVO 120GB,20Aug,111.8,2649.0,1,199.9
445,Samsung SSD 840 EVO 1TB,20Sep,931.5,4132.0,1,299.9
446,Samsung SSD 840 EVO 1TB mSATA,20Mar,931.5,4326.0,1,189.9
447,Samsung SSD 840 EVO 250GB,20Aug,232.9,3028.0,1,69.95
448,Samsung SSD 840 EVO 500GB,20Aug,465.8,3805.0,1,179.9
449,Samsung SSD 840 EVO 750GB,20Sep,698.6,4449.0,1,549.9
450,Samsung SSD 850 120GB,20Jan,111.8,3971.0,1,61.9
451,Samsung SSD 850 EVO 120GB,20Dec,111.8,3868.0,1,91.0
452,Samsung SSD 850 EVO 1TB,20Jan,931.5,4998.0,1,249.0
453,Samsung SSD 850 EVO 250GB,20Dec,232.9,3955.0,1,109.25
454,Samsung SSD 850 EVO 4TB,20Nov,3.6,5101.0,1,1279.9
455,Samsung SSD 850 EVO 500GB,20Dec,465.8,4384.0,1,105.99
456,Samsung SSD 850 EVO mSATA 250GB,20May,232.9,3859.0,1,180.8
457,Samsung SSD 850 EVO mSATA 500GB,20Jun,465.8,3626.0,1,169.8
458,Samsung SSD 850 PRO 128GB,20Aug,119.2,3894.0,1,429.2
459,Samsung SSD 850 PRO 1TB,20Sep,953.9,4599.0,1,464.95
460,Samsung SSD 850 PRO 256GB,20Jul,238.5,4589.0,1,159.99
461,Samsung SSD 850 PRO 512GB,20Aug,476.9,4415.0,1,302.96
462,Samsung SSD 860 EVO 1TB,20Feb,931.5,4827.0,1,154.04
463,Samsung SSD 860 EVO 250G,20Mar,232.9,3258.0,1,79.9
464,Samsung SSD 860 EVO 250GB,20Jan,232.9,4089.0,1,59.99
465,Samsung SSD 860 EVO 2TB,20Apr,1.8,4680.0,1,299.99
466,Samsung SSD 860 EVO 4TB,20Sep,3.6,4775.0,1,489.0
467,Samsung SSD 860 EVO 500G,20Mar,465.8,3515.0,1,105.9
468,Samsung SSD 860 EVO 500GB,20Feb,465.8,4355.0,1,89.99
469,Samsung SSD 860 EVO mSATA 1TB,20Jul,931.5,5099.0,1,289.0
470,Samsung SSD 860 EVO mSATA 500GB,20Jul,465.8,3506.0,1,139.0
471,Samsung SSD 860 PRO 1TB,20Jun,953.9,5147.0,1,282.61
472,Samsung SSD 860 PRO 256GB,20Feb,238.5,4963.0,1,84.0
473,Samsung SSD 860 PRO 2TB,20Apr,1.9,4929.0,1,549.9
474,Samsung SSD 860 PRO 512G,20Jul,476.9,4248.0,1,242.1
475,Samsung SSD 860 PRO 512GB,20Mar,476.9,4796.0,1,149.99
476,Samsung SSD 950 Pro 256GB NVMe,20Nov,238.5,11229.0,1,159.0
477,Samsung SSD 950 Pro 512GB NVMe,20Nov,476.9,14516.0,1,179.0
478,Samsung SSD 960 EVO 1TB,20Dec,931.5,17250.0,1,499.99
479,Samsung SSD 960 EVO 250GB,20Nov,232.9,14118.0,1,99.66
480,Samsung SSD 960 EVO 500GB,20Dec,465.8,15650.0,1,199.77
481,Samsung SSD 960 PRO 1TB,20Dec,953.9,18372.0,1,399.77
482,Samsung SSD 960 PRO 512GB,20Oct,476.9,18620.0,1,120.0
483,Samsung SSD 970 EVO 1TB,20May,931.5,22338.0,1,179.99
484,Samsung SSD 970 EVO 250GB,20May,232.9,14335.0,1,84.99
485,Samsung SSD 970 EVO 2TB,20Jun,1.8,20081.0,1,449.99
486,Samsung SSD 970 EVO 500GB,20May,465.8,19659.0,1,99.99
487,Samsung SSD 970 EVO Plus 1TB,20Feb,931.5,24173.0,1,217.9
488,Samsung SSD 970 EVO Plus 250GB,20Feb,232.9,18988.0,1,69.9
489,Samsung SSD 970 EVO Plus 2TB,20Jun,1.8,26410.0,1,492.0
490,Samsung SSD 970 EVO Plus 500GB,20Jan,465.8,21746.0,1,109.9
491,Samsung SSD 970 PRO 1TB,20May,953.9,22662.0,1,319.99
492,Apacer AS330 480GB,20Nov,447.1,4241.0,1,139.9
493,Axiom Signature III SSD,20Aug,223.6,3295.0,1,81.6
494,AXNS381E-128GM-B,20Nov,119.2,2201.0,1,39.9
495,BP4 mSATA SSD,20Jun,223.6,2631.0,1,179.9
496,BP4e mSATA SSD,20Sep,223.6,2888.0,1,81.9
497,Corsair Accelerator SSD,20Nov,41.9,1325.0,1,54.9
498,Corsair CMFSSD-128D1,20Sep,119.2,767.0,1,49.9
499,CORSAIR CMFSSD-128GB,20Jul,119.2,1138.0,1,143.5
500,Corsair CMFSSD-128GBG2D,20Jul,119.2,990.0,1,50.9
501,Corsair CMFSSD-256GBG2D,20Jun,238.5,950.0,1,72.9
502,Corsair CMFSSD-64D1,20Jul,59.6,729.0,1,79.0
503,Corsair CMFSSD-64GBG2D,20Oct,59.6,971.0,1,144.0
504,Corsair CSSD-F115GB2-A,20May,107.0,1487.0,1,172.5
505,Corsair CSSD-F120GB2,20Jul,111.8,1743.0,1,48.9
506,Corsair CSSD-F160GBP2,20Oct,165.2,1467.0,1,289.9
507,Corsair CSSD-F180GB2,20Jan,167.7,1620.0,1,191.0
508,Corsair CSSD-F240GB2,20Sep,214.5,1827.0,1,76.9
509,Samsung SSD 970 PRO 512GB,20May,476.9,22231.0,1,149.99
510,SAMSUNG SSD CM871 2.5 7mm 128GB,20Jul,119.2,2379.0,1,49.9
511,SAMSUNG SSD CM871 M.2 2280 128GB,20Aug,119.2,2242.0,1,99.9
512,SAMSUNG SSD PM830 mSATA,20Sep,238.5,2982.0,1,51.9
513,SAMSUNG SSD PM841 mSATA,20Feb,238.5,2718.0,1,61.0
514,SAMSUNG SSD PM851 mSATA,20May,238.5,2885.0,1,139.9
515,SAMSUNG SSD PM851 mSATA 128GB,20Apr,119.2,2373.0,1,48.4
516,SAMSUNG SSD PM851 mSATA 256GB,20Apr,238.5,3008.0,1,123.1
517,SAMSUNG SSD PM871 M.2 2280 128GB,20Nov,119.2,2722.0,1,29.9
518,SAMSUNG SSD PM871 M.2 2280 512GB,20Jan,476.9,3988.0,1,279.7
519,SAMSUNG SSD PM871 mSATA 128GB,20Sep,119.2,2969.0,1,99.9
520,SAMSUNG SSD SM841 mSATA 128GB,20Nov,119.2,3368.0,1,58.7
521,SAMSUNG SSD SM841 mSATA 512GB,20Oct,476.9,3613.0,1,299.8
522,SAMSUNG SSD SM841N 2.5 7mm 256GB,20Sep,238.5,3861.0,1,167.8
523,SAMSUNG SSD SM841N 2.5 7mm 512GB,20Oct,476.9,4043.0,1,245.0
524,SAMSUNG SSD SM871 2.5 7mm 512GB,20Mar,476.9,4728.0,1,199.9
525,SAMSUNG SV0602H,20Mar,55.9,190.0,0,77.0
526,SAMSUNG SV0602H,20Mar,55.9,190.0,0,77.0
527,SAMSUNG SV1203N,20Mar,111.8,283.0,0,24.9
528,SAMSUNG SV8004H,20Feb,74.6,200.0,0,42.9
529,SAMSUNG XP941 M.2 128GB,20Jun,119.2,5296.0,1,119.9
530,SAMSUNG XP941 M.2 256GB,20Jun,238.5,7197.0,1,208.9
531,SAMSUNG XP941 M.2 512GB,20Aug,476.9,7618.0,1,204.9
532,SAMSUNG128GB MZ7PC128HAFU,20Jul,119.0,3046.0,1,35.0
533,SanDisk A400 NVMe 256GB,20Aug,238.5,6394.0,1,75.0
534,SanDisk Extreme Pro 500GB,20Sep,465.8,21205.0,1,137.9
535,SanDisk SD5SB2-128G-1006E,20Nov,119.2,2892.0,1,106.5
536,SanDisk SD6PP4M-256G-1006,20Nov,238.5,4639.0,1,75.4
537,SanDisk SD6SB1M-128G-1006,20Apr,119.2,2662.0,1,64.9
538,SanDisk SD6SN1M-128G-1006,20Jan,119.2,2641.0,1,139.9
539,SanDisk SD6SN1M-256G,20Jan,238.5,3126.0,1,129.9
540,SanDisk SD7SB2Q-512G,20Jul,476.9,3462.0,1,199.9
541,SanDisk SD7SB3Q-256G,20Jul,238.5,3191.0,1,69.9
542,SanDisk SD7SB6S-256G,20Oct,238.5,4104.0,1,129.9
543,SanDisk SD7SN6S-128G,20Nov,119.2,3829.0,1,49.9
544,SanDisk SD7SN6S-256G,20Nov,238.5,4178.0,1,83.2
545,SanDisk SD7SN6S-512G-1006,20Sep,476.9,3890.0,1,149.9
546,SanDisk SD7TB3Q-256G-1006,20Apr,238.5,3277.0,1,74.9
547,SanDisk SD8SB8U-128G-1006,20Dec,119.2,3737.0,1,40.5
548,SanDisk SD8SN8U-128G-1006,20Oct,119.2,3776.0,1,51.9
549,SanDisk SD8SN8U-256G-1006,20Oct,238.5,4319.0,1,83.6
550,SanDisk SD8SNAT-128G-1006,20Jun,119.2,2678.0,1,50.4
551,SanDisk SD9SN8W-128G-1006,20Mar,119.2,3703.0,1,52.5
552,SanDisk SDSSDA-1T00,20Jan,931.5,3982.0,1,109.99
553,SanDisk SDSSDH3 1T00,20Jun,931.5,4273.0,1,133.99
554,SanDisk SDSSDH3 500G,20Mar,465.8,4052.0,1,74.99
555,SanDisk SDSSDH3 512G,20Apr,476.9,4484.0,1,132.8
556,SanDisk SDSSDHII,20Dec,223.6,3303.0,1,83.9
557,SanDisk SDSSDXPS,20Sep,447.1,3693.0,1,149.9
558,SanDisk SSD PLUS 120GB,20Nov,111.8,1998.0,1,25.0
559,SanDisk SSD PLUS 240GB,20Nov,223.6,2518.0,1,44.99
560,SanDisk SSD PLUS 480GB,20Jun,447.1,2643.0,1,59.99
561,SanDisk SSD U100,20Aug,238.5,1431.0,1,16.1
562,SanDisk SSD U110 64GB,20Mar,58.7,1230.0,1,59.9
563,SanDisk Ultra 240GB,20May,223.6,4503.0,1,49.9
564,SanDisk Ultra II 480GB,20Nov,447.1,4515.0,1,139.2
565,SanDisk Ultra II 960GB,20Dec,894.3,3940.0,1,451.9
566,SanDisk X110 MSATA 256GB,20Jul,238.5,3319.0,1,199.9
567,SanDisk X300 2.5 7MM 128GB,20Dec,119.2,3879.0,1,26.1
568,SanDisk X300 256GB,20Apr,238.5,3838.0,1,199.8
569,SanDisk X300 MSATA 128GB,20Jan,119.2,3694.0,1,151.4
570,SanDisk X400,20May,119.2,4002.0,1,164.0
571,SanDisk X400 M.2 2280 128GB,20May,119.2,3790.0,1,70.3
572,SanDisk X400 M.2 2280 256GB,20Aug,238.5,4479.0,1,103.9
573,SanDisk X600 M.2 2280 128GB,20May,119.2,3686.0,1,38.5
574,SanDisk Z400s M.2 2280 256GB,20Nov,238.5,3366.0,1,83.4
575,SATA3 240GB SSD,20May,223.6,2905.0,1,44.99
576,Seagate BarraCuda SSD ZA250CM10002,20Dec,232.9,3305.0,1,108.3
577,Seagate BarraCuda SSD ZA500CM10002,20Nov,465.8,3955.0,1,138.7
578,Seagate ST1000DL002,20Mar,931.5,715.0,0,54.9
579,Seagate ST1000DM003,20Sep,931.5,995.0,0,31.0
580,Seagate ST1000DM003,20Sep,931.5,995.0,0,31.0
581,Seagate ST1000DM005,20Mar,931.5,855.0,0,84.9
582,Seagate ST1000DM010,20Nov,931.5,1034.0,0,45.0
583,Seagate ST1000DX001,20May,931.5,845.0,0,90.26
584,Seagate ST1000DX002,20Sep,931.5,828.0,0,72.9
585,Seagate ST1000LM014,20Apr,931.5,632.0,0,72.91
586,Seagate ST1000LM024,20Feb,931.5,634.0,0,79.99
587,Seagate ST1000LM035,20Jul,931.5,869.0,0,64.0
588,Seagate ST1000LM048,20Dec,931.5,661.0,0,41.0
589,Seagate ST1000LM049,20Dec,931.5,701.0,0,58.99
590,Seagate ST1000LX015,20Nov,931.5,516.0,0,60.99
591,Seagate ST1000NM0011,20Aug,931.5,897.0,0,48.4
592,Seagate ST1000NM0033,20Apr,931.5,1116.0,0,46.9
593,Seagate ST1000NM0055,20May,931.5,1358.0,0,87.9
594,Seagate ST1000VM002,20Mar,931.5,944.0,0,29.9
595,Seagate ST1000VX000,20Nov,931.5,1183.0,0,118.2
596,Seagate ST1000VX001,20Apr,931.5,1039.0,0,72.0
597,Seagate ST1000VX005,20Mar,931.5,1043.0,0,49.9
598,SEAGATE ST120FP0021,20Mar,111.8,2795.0,1,83.5
599,Seagate ST1500DL003,20Jan,1.4,726.0,0,126.1
600,Seagate ST1500DM003,20Oct,1.4,1056.0,0,66.9
601,Seagate ST1500DM003-9YN16G,20May,1.4,1046.0,0,99.9
602,Seagate ST1500LM006,20Sep,1.4,675.0,0,89.9
603,Seagate ST160LM003,20Aug,149.0,562.0,0,75.8
604,Seagate ST2000DL001,20Nov,1.8,756.0,0,161.0
605,Seagate ST2000DL001,20Nov,1.8,756.0,0,161.0
606,Seagate ST2000DL003,20Jan,1.8,769.0,0,84.0
607,Seagate ST2000DL004,20Aug,1.8,805.0,0,48.8
608,Seagate ST2000DM001,20Nov,1.8,1395.0,0,129.99
609,Seagate ST2000DM006,20Aug,1.8,1182.0,0,159.2
610,Seagate ST2000DM008,20Sep,1.8,837.0,0,72.61
611,Seagate ST2000DM009,20May,1.8,1253.0,0,99.9
612,Seagate ST2000DX001,20Sep,1.8,875.0,0,107.62
613,Seagate ST2000DX002,20Sep,1.8,932.0,0,109.99
614,Seagate ST2000LM003,20Sep,1.8,747.0,0,103.99
615,Seagate ST2000LM007,20Jul,1.8,620.0,0,71.5
616,Seagate ST2000LM015,20Jan,1.8,626.0,0,80.9
617,Seagate ST2000LX001,20Jan,1.8,490.0,0,99.99
618,Seagate ST2000NM0011,20Oct,1.8,909.0,0,55.0
619,SEAGATE ST2000NM0033,20Jul,1.8,1092.0,0,69.9
620,Seagate ST2000VM002,20Mar,1.8,892.0,0,69.1
621,Seagate ST2000VM003,20Oct,1.8,918.0,0,74.0
622,Seagate ST2000VN000,20Sep,1.8,973.0,0,246.8
623,Seagate ST2000VX000,20Jan,1.8,1155.0,0,89.8
624,Seagate ST2000VX003,20Oct,1.8,968.0,0,112.9
625,Seagate ST2000VX008,20Mar,1.8,919.0,0,63.9
626,SEAGATE ST240FP0,20Jan,223.6,3896.0,1,303.9
627,Seagate ST240FP0021,20Feb,223.6,3373.0,1,388.9
628,Seagate ST250DM000,20Sep,232.9,724.0,0,67.99
629,Seagate ST250LT003,20Aug,219.2,407.0,0,63.0
630,Seagate ST250LT007,20Jun,214.9,526.0,0,74.0
631,Seagate ST3000DM001,20Nov,2.7,1176.0,0,75.0
632,Seagate ST3000DM001,20Nov,2.7,1176.0,0,75.0
633,Seagate ST3000DM008,20Dec,2.7,1117.0,0,79.9
634,Seagate ST3000NM0033,20Apr,2.7,1167.0,0,44.9
635,Seagate ST3000VN000,20Dec,2.7,966.0,0,107.9
636,Seagate ST3000VX000,20Jan,2.7,1176.0,0,162.0
637,Seagate ST31000322CS,20Dec,931.5,624.0,0,205.8
638,Seagate ST31000333AS,20Feb,931.5,659.0,0,243.9
639,Seagate ST31000340NS,20Mar,931.5,632.0,0,42.8
640,Seagate ST31000424CS,20Feb,931.5,617.0,0,98.0
641,Seagate ST31000520AS,20Jun,931.5,614.0,0,249.9
642,Seagate ST31000524AS,20Feb,931.5,690.0,0,69.9
643,Seagate ST31000524NS,20Jul,931.5,823.0,0,37.5
644,Seagate ST31000525SV,20Sep,931.5,728.0,0,99.8
645,Seagate ST31000526SV,20Mar,931.5,690.0,0,120.5
646,Seagate ST31000528AS,20Apr,931.5,709.0,0,136.9
647,Seagate ST31000533CS,20Apr,931.5,750.0,0,99.8
648,Seagate ST3120023A,20Feb,572.6,246.0,0,78.0
649,Seagate ST3120025ACE,20Mar,78.1,298.0,0,187.0
650,Seagate ST3120025ACE,20Mar,78.1,298.0,0,187.0
651,Seagate ST3120026A,20Dec,9.5,293.0,0,110.9
652,Seagate ST3120026AS,20Dec,14.1,295.0,0,157.9
653,Seagate ST3120213AS,20Mar,111.8,335.0,0,71.0
654,SEAGATE ST3146356SS,20Nov,136.7,944.0,0,85.9
655,SEAGATE ST3146755SS,20Dec,136.7,557.0,0,48.0
656,SEAGATE ST3146855SS,20Nov,136.7,849.0,0,148.9
657,Seagate ST31500341AS,20Dec,1.4,591.0,0,117.99
658,Seagate ST31500541AS,20Aug,1.4,568.0,0,33.9
659,Seagate ST3160023A,20Nov,149.0,324.0,0,69.9
660,Seagate ST3160211AS,20Jan,149.0,392.0,0,78.0
661,Seagate ST3160212A,20Feb,149.0,370.0,0,99.0
662,Seagate ST3160212ACE,20Apr,149.0,382.0,0,58.0
663,Seagate ST3160212SCE,20May,149.0,443.0,0,42.0
664,Seagate ST3160215A,20Feb,149.0,334.0,0,90.0
665,Seagate ST3160215ACE,20Apr,149.0,394.0,0,55.1
666,Seagate ST3160215AS,20Dec,149.0,413.0,0,99.0
667,Seagate ST3160215SCE,20Apr,149.0,424.0,0,79.0
668,Seagate ST3160310CS,20Jan,149.0,524.0,0,82.5
669,Seagate ST3160316AS,20Mar,149.0,544.0,0,129.8
670,Seagate ST3160316CS,20Jan,149.0,538.0,0,44.8
671,Seagate ST3160318AS,20May,149.0,594.0,0,28.9
672,Seagate ST3160812AS,20Jan,149.0,412.0,0,21.8
673,Seagate ST3160813AS,20Feb,149.0,620.0,0,49.9
674,Seagate ST3160815A,20Feb,149.0,376.0,0,73.0
675,Seagate ST3160815AS,20Nov,149.0,419.0,0,29.5
676,Seagate ST3160815SV,20Mar,149.0,469.0,0,55.0
677,Seagate ST3160827AS,20Nov,149.0,347.0,0,69.7
678,Seagate ST32000542AS,20Aug,1.8,625.0,0,89.9
679,Seagate ST32000641AS,20Dec,1.8,710.0,0,110.0
680,Seagate ST32000644NS,20Dec,1.8,818.0,0,100.0
681,Seagate ST32000645NS,20Apr,1.8,1033.0,0,230.9
682,Seagate ST320011A,20Mar,18.6,199.0,0,27.9
683,Seagate ST320014A,20Nov,18.6,161.0,0,27.5
684,Seagate ST3200820A,20May,29.3,392.0,0,110.0
685,Seagate ST3200822A,20Dec,186.3,346.0,0,99.0
686,Seagate ST3200827AS,20Dec,186.3,378.0,0,128.0
687,Seagate ST320413A,20Mar,18.6,179.0,0,27.9
688,Seagate ST320DM000,20Nov,298.1,642.0,0,39.0
689,Seagate ST320LM000,20Mar,298.1,527.0,0,39.9
690,Seagate ST320LM001,20Nov,298.1,484.0,0,24.9
691,Seagate ST320LT007,20Feb,298.1,558.0,0,41.7
692,Seagate ST320LT012,20Nov,298.1,518.0,0,39.9
693,Seagate ST320LT014,20Jun,298.1,529.0,0,45.0
694,Seagate ST320LT020,20Jul,298.1,444.0,0,69.1
695,Seagate ST320LT023,20Apr,298.1,488.0,0,125.0
696,Seagate ST3250310AS,20Nov,232.9,541.0,0,129.9
697,Seagate ST3250310CS,20Jun,48.8,539.0,0,50.9
698,Seagate ST3250310NS,20Dec,232.8,620.0,0,178.0
699,Seagate ST3250310SV,20May,232.9,569.0,0,47.1
700,Seagate ST3250312AS,20Apr,232.9,720.0,0,26.9
701,Seagate ST3250312CS,20Jan,232.9,603.0,0,64.9
702,Seagate ST3250318AS,20Apr,232.9,709.0,0,24.99
703,Seagate ST3250410AS,20Nov,232.9,545.0,0,45.0
704,Seagate ST3250412CS,20Jun,232.9,595.0,0,41.9
705,Seagate ST3250620AS,20Nov,232.9,432.0,0,138.0
706,Seagate ST3250620NS,20Dec,232.9,476.0,0,89.0
707,Seagate ST3250623A,20Mar,232.9,390.0,0,113.9
708,Seagate ST3250624AS,20Mar,232.9,382.0,0,99.0
709,Seagate ST3250820AS,20Dec,232.8,437.0,0,59.9
710,Seagate ST3250820NS,20Apr,232.9,441.0,0,23.9
711,Seagate ST3250823A,20Dec,48.8,373.0,0,49.3
712,Seagate ST3250823AS,20Dec,232.9,403.0,0,34.2
713,Seagate ST3250824A,20Nov,232.9,346.0,0,63.0
714,Seagate ST3250824A,20Nov,232.9,346.0,0,63.0
715,Seagate ST33000650NS,20Jun,2.7,892.0,0,42.0
716,Seagate ST33000651AS,20May,1.2,747.0,0,229.8
717,SEAGATE ST3300555SS,20Feb,279.4,626.0,0,52.0
718,Seagate ST3300620AS,20Dec,279.5,441.0,0,52.0
719,SEAGATE ST3300655SS,20Feb,279.4,822.0,0,55.0
720,SEAGATE ST3300656SS,20Jan,279.4,946.0,0,39.9
721,SEAGATE ST3300657SS,20Oct,279.4,1198.0,0,200.9
722,Seagate ST3300831AS,20Nov,279.5,372.0,0,130.0
723,Seagate ST3300831SCE,20Dec,279.5,370.0,0,76.8
724,Seagate ST3320310CS,20Jun,298.1,543.0,0,27.9
725,Seagate ST3320311CS,20Jan,298.1,557.0,0,40.0
726,Seagate ST3320413AS,20May,298.1,609.0,0,12.9
727,Seagate ST3320413CS,20Nov,298.1,622.0,0,98.0
728,Seagate ST3320418AS,20Apr,298.1,544.0,0,118.9
729,Seagate ST3320613AS,20Dec,298.1,640.0,0,95.0
730,Seagate ST3320620AS,20Nov,298.1,426.0,0,36.5
731,Seagate ST3320620NS,20Dec,298.1,483.0,0,80.0
732,Seagate ST3320820A,20Oct,298.1,382.0,0,72.8
733,Seagate ST3320820A,20Oct,298.1,382.0,0,72.8
734,Seagate ST3320820SCE,20Jun,298.1,448.0,0,24.9
735,Seagate ST3360320AS,20Feb,335.3,474.0,0,99.0
736,Seagate ST340014A,20Nov,37.3,288.0,0,35.9
737,Seagate ST340014AS,20Feb,7.8,295.0,0,100.9
738,Seagate ST3400620AS,20Jan,372.6,424.0,0,76.0
739,Seagate ST3400633AS,20Feb,372.6,367.0,0,59.7
740,Seagate ST3400832A,20Feb,146.3,340.0,0,15.4
741,Seagate ST3400832AS,20Apr,372.6,405.0,0,59.0
742,Seagate ST3400833AS,20Mar,30.0,355.0,0,111.0
743,Seagate ST340810A,20Dec,37.3,161.0,0,129.9
744,SEAGATE ST3450856SS,20Oct,419.2,1012.0,0,50.0
745,SEAGATE ST3450857SS,20Dec,419.2,1311.0,0,20.0
746,Seagate ST3500312CS,20Dec,465.8,681.0,0,18.99
747,Seagate ST3500320AS,20Nov,465.8,651.0,0,82.0
748,Seagate ST3500320NS,20Mar,465.8,624.0,0,59.9
749,Seagate ST3500321CS,20Mar,465.8,462.0,0,128.0
750,Seagate ST3500410SV,20Sep,465.8,711.0,0,14.9
751,Seagate ST3500411SV,20May,465.8,694.0,0,126.0
752,Seagate ST3500413AS,20Jan,465.8,724.0,0,32.99
753,Seagate ST3500414CS,20Dec,465.8,737.0,0,18.8
754,Seagate ST3500418AS,20Mar,465.8,736.0,0,22.9
755,Seagate ST3500514NS,20Jul,465.8,766.0,0,99.9
756,Seagate ST3500620AS,20Dec,465.8,581.0,0,70.0
757,Seagate ST3500630A,20Feb,77.5,388.0,0,56.9
758,Seagate ST3500630AS,20Dec,465.8,436.0,0,29.9
759,Seagate ST3500630NS,20Mar,365.0,456.0,0,19.9
760,Seagate ST3500641AS,20Mar,465.8,348.0,0,181.0
761,Seagate ST3500830A,20Dec,465.8,386.0,0,208.0
762,Seagate ST3500830AS,20Nov,465.8,463.0,0,55.0
763,SEAGATE ST3600057SS,20Oct,558.9,1208.0,0,49.0
764,Seagate ST360012A,20May,29.5,227.0,0,15.9
765,Seagate ST3640323AS,20Dec,596.2,655.0,0,189.1
766,SEAGATE ST373455SS,20Jan,68.4,750.0,0,29.9
767,Seagate ST3750330AS,20Nov,698.6,582.0,0,64.0
768,Seagate ST3750330NS,20Mar,698.6,632.0,0,54.8
769,Seagate ST3750330SV,20May,698.6,645.0,0,49.8
770,Seagate ST3750525AS,20Mar,195.2,1024.0,0,23.9
771,Seagate ST3750528AS,20Apr,698.6,680.0,0,51.1
772,Seagate ST3750640A,20Apr,698.6,373.0,0,162.8
773,Seagate ST3750640AS,20Dec,698.6,440.0,0,199.9
774,Seagate ST3750640NS,20Apr,698.6,467.0,0,68.9
775,Seagate ST3750840AS,20Apr,698.6,413.0,0,113.0
776,Seagate ST380011A,20Dec,74.5,302.0,0,64.0
777,Seagate ST380012A,20Mar,37.1,263.0,0,87.0
778,Seagate ST380012A,20Mar,37.1,263.0,0,87.0
779,Seagate ST380012ACE,20Jul,74.5,265.0,0,57.9
780,Seagate ST380012ACE,20Jul,74.5,265.0,0,57.9
781,Seagate ST380013AS,20Nov,74.5,322.0,0,38.9
782,Seagate ST380023A,20Mar,18.8,232.0,0,79.0
783,Seagate ST3802110AS,20Mar,74.5,379.0,0,63.0
784,Seagate ST380215A,20Feb,10.4,314.0,0,69.9
785,Seagate ST380215AS,20Feb,37.1,410.0,0,66.6
786,Seagate ST380811AS,20Dec,74.5,384.0,0,36.8
787,Seagate ST380815AS,20Dec,74.5,396.0,0,99.0
788,Seagate ST380817AS,20Feb,74.5,336.0,0,36.5
789,Seagate ST380819AS,20Feb,69.8,364.0,0,79.0
790,Seagate ST4000DM000,20Jul,3.6,1035.0,0,170.9
791,Seagate ST4000DM004,20Oct,3.6,748.0,0,98.6
792,Seagate ST4000DM005,20Dec,3.6,1068.0,0,325.9
793,Seagate ST4000DX001,20Jan,3.6,884.0,0,269.9
794,Seagate ST4000NM0033,20Oct,3.6,1235.0,0,67.0
795,SEAGATE ST400FM0053,20Feb,372.6,5693.0,1,298.0
796,SEAGATE ST480FP0021,20Jul,447.1,3670.0,1,130.0
797,Seagate ST480HM000,20Jul,447.1,3579.0,1,254.0
798,Seagate ST5000DM000,20Feb,4.5,793.0,0,104.9
799,Seagate ST500DM002,20May,97.6,1400.0,0,74.9
800,Seagate ST500DM002,20May,97.6,1400.0,0,74.9
801,Seagate ST500DM005,20Mar,465.7,850.0,0,39.9
802,Seagate ST500DM009,20Oct,465.8,1730.0,0,19.9
803,Seagate ST500LM000,20Apr,489.0,1027.0,1,35.99
804,Seagate ST500LM012,20Oct,465.8,618.0,0,59.9
805,Seagate ST500LM021,20Apr,465.8,974.0,0,28.9
806,Seagate ST500LM030,20Dec,465.8,605.0,0,35.2
807,Seagate ST500LM034,20Jul,465.8,765.0,0,50.9
808,Seagate ST500LT012,20Oct,465.8,671.0,0,31.1
809,Seagate ST500LT032,20Nov,465.8,604.0,0,34.9
810,Seagate ST500LX012,20Mar,465.8,662.0,0,151.9
811,Seagate ST500LX025,20Jun,465.8,533.0,0,58.9
812,Seagate ST500NM0011,20Nov,465.8,877.0,0,44.9
813,Seagate ST500VT000,20Dec,465.8,652.0,0,137.4
814,SEAGATE ST600MM0006,20Sep,558.9,1165.0,0,177.9
815,Seagate ST640LM001,20Oct,596.2,560.0,0,178.0
816,Seagate ST750LM022,20Mar,698.6,604.0,0,74.0
817,Seagate ST750LX003,20Dec,698.6,677.0,0,127.4
818,SEAGATE ST900MM0006,20Sep,838.4,1230.0,0,130.0
819,Seagate ST91000640NS,20Apr,931.5,707.0,0,99.9
820,Seagate ST9120817AS,20Feb,109.7,355.0,0,78.9
821,Seagate ST9120821A,20Mar,111.8,245.0,0,54.9
822,Seagate ST9120822A,20Mar,111.8,266.0,0,71.0
823,Seagate ST9120822AS,20Dec,111.8,315.0,0,92.0
824,SEAGATE ST9146853SS,20Mar,136.7,1263.0,0,213.0
825,Seagate ST9160310AS,20Jan,149.0,370.0,0,70.9
826,Seagate ST9160314AS,20Jun,149.0,362.0,0,149.9
827,Seagate ST9160411AS,20Apr,139.0,426.0,0,58.9
828,Seagate ST9160411AS,20Apr,139.0,426.0,0,58.9
829,Seagate ST9160412AS,20Sep,149.0,461.0,0,79.8
830,Seagate ST9160412ASG,20Sep,149.0,403.0,0,64.9
831,Seagate ST9160418ASG,20Nov,148.8,468.0,0,42.9
832,Seagate ST9160821A,20Mar,144.1,251.0,0,29.9
833,Seagate ST9160821AS,20Feb,149.0,247.0,0,36.5
834,Seagate ST9160823AS,20Dec,149.0,326.0,0,75.5
835,Seagate ST9200827AS,20Mar,176.7,325.0,0,39.9
836,Seagate ST9250315AS,20Apr,232.9,428.0,0,28.7
837,Seagate ST9250315ASG,20Sep,232.9,416.0,0,57.0
838,Seagate ST9250410AS,20Jul,232.9,555.0,0,73.8
839,Seagate ST9250410ASG,20Jun,232.9,477.0,0,75.0
840,Seagate ST9250411AS,20Nov,221.7,501.0,0,99.9
841,Seagate ST9250421AS,20Nov,232.9,486.0,0,113.0
842,Seagate ST9250421ASG,20Jan,232.9,468.0,0,69.0
843,Seagate ST92505610AS,20Aug,232.9,613.0,0,73.6
844,Seagate ST9250610NS,20Dec,232.9,712.0,0,68.1
845,Seagate ST9250827AS,20Jan,15.0,382.0,0,68.0
846,SEAGATE ST9300653SS,20Mar,279.4,1208.0,0,43.9
847,Seagate ST9320320AS,20Dec,298.1,373.0,0,114.0
848,Seagate ST9320325AS,20Jun,298.1,406.0,0,29.5
849,Seagate ST9320421AS,20Jan,298.1,464.0,0,47.0
850,Seagate ST9320423AS,20May,298.1,417.0,0,38.8
851,Seagate ST9320423ASG,20Jul,120.9,448.0,0,51.0
852,Seagate ST93205620AS,20Jul,298.1,594.0,0,149.9
853,Seagate ST9500325AS,20Feb,465.8,408.0,0,29.99
854,Seagate ST9500325ASG,20Mar,465.7,369.0,0,129.0
855,Seagate ST9500420AS,20Feb,465.8,523.0,0,33.9
856,Seagate ST9500420ASG,20Mar,465.8,483.0,0,102.0
857,Seagate ST9500423AS,20Mar,465.8,597.0,0,86.6
858,Seagate ST9500424AS,20Sep,453.7,598.0,0,85.0
859,Seagate ST9500530NS,20Dec,465.8,596.0,0,44.0
860,Seagate ST95005620AS,20Jun,465.8,642.0,0,99.0
861,Seagate ST9500620NS,20Aug,465.8,702.0,0,20.5
862,Seagate ST960812A,20Mar,55.9,171.0,0,193.0
863,Seagate ST9640320AS,20Jan,596.2,444.0,0,76.9
864,Seagate ST9640423AS,20Apr,596.2,480.0,0,80.8
865,Seagate ST96812AS,20Feb,55.9,239.0,0,55.0
866,Seagate ST9750420AS,20Nov,698.6,645.0,0,62.9
867,Seagate ST9750422AS,20Jan,698.6,625.0,0,90.0
868,Seagate ST9750423AS,20Apr,698.6,504.0,0,54.7
869,Seagate ST980313AS,20Oct,74.5,352.0,0,51.8
870,Seagate ST980411ASG,20Mar,74.5,450.0,0,57.0
871,Seagate ST980811AS,20Nov,74.5,251.0,0,29.9
872,Seagate ST980813AS,20Mar,74.5,326.0,0,92.0
873,Seagate ST980813ASG,20Feb,74.5,328.0,0,58.0
874,Seagate ST980815A,20Mar,74.5,243.0,0,79.8
875,SK Hynix 128GB SSD HFS128G32MNM,20Dec,119.2,2537.0,1,104.9
876,SMI DISK,20Jan,118.0,2553.0,1,94.9
877,SSD PLUS 480GB,20Feb,447.1,4183.0,1,76.6
878,SSD9SC120GEDA,20Oct,111.8,3076.0,1,229.9
879,T-FORCE 1TB,20Jul,931.5,4306.0,1,109.99
880,T-FORCE 250GB,20Oct,238.5,4093.0,1,48.9
881,T-FORCE 500GB,20Nov,465.8,4444.0,1,62.99
882,TEAM L3 EVO SSD 240GB,20Sep,223.6,3199.0,1,57.9
883,TEAM L3 SSD 120GB,20Mar,111.8,1937.0,1,39.9
884,TEAM L3 SSD 60GB,20Mar,55.9,1656.0,1,199.9
885,TEAM L5 3D 240GB,20Dec,223.6,3665.0,1,49.9
886,TEAM L5 LITE SSD 120GB,20Mar,111.8,2409.0,1,24.9
887,TEAM L5 LITE SSD 240GB,20May,223.6,3418.0,1,34.9
888,TEAM L5 SSD 240GB,20Sep,223.6,3123.0,1,69.9
889,THNSN5128GPUK TOSHIBA,20Sep,119.2,5482.0,1,59.9
890,TOSHIBA DT01ABA100V,20Dec,931.5,845.0,0,59.9
891,TOSHIBA DT01ACA050,20Nov,465.8,1046.0,0,23.2
892,TOSHIBA DT01ACA100,20Oct,931.5,1056.0,0,58.0
893,TOSHIBA DT01ACA200,20Dec,1.8,1152.0,0,60.99
894,TOSHIBA DT01ACA300,20May,2.7,1100.0,0,218.2
895,TOSHIBA KSG60ZMV256G,20Jun,238.5,4172.0,1,40.4
896,TOSHIBA MD04ACA400,20Jul,3.6,1232.0,0,69.9
897,TOSHIBA MD04ACA500,20May,4.5,1346.0,0,298.9
898,TOSHIBA MG03ACA100,20Jan,931.5,1098.0,0,39.9
899,TOSHIBA MG03ACA200,20Jun,1.8,1005.0,0,49.9
900,TOSHIBA MK1002TSKB,20Dec,931.5,952.0,0,99.0
901,TOSHIBA MK1011GAH,20Dec,83.2,147.0,0,78.0
902,TOSHIBA MK1011GAH,20Dec,83.2,147.0,0,78.0
903,TOSHIBA MK1032GAX,20Feb,93.2,190.0,0,76.8
904,TOSHIBA MK1059GSM,20Nov,931.5,483.0,0,155.1
905,TOSHIBA MK1214GAH,20Feb,103.7,167.0,0,155.0
906,TOSHIBA MK1229GSG,20Jul,110.8,252.0,0,29.9
907,TOSHIBA MK1233GSG,20May,111.8,285.0,0,155.9
908,TOSHIBA MK1235GSL,20Dec,111.4,214.0,0,48.6
909,TOSHIBA MK1237GSX,20Feb,102.1,242.0,0,34.9
910,TOSHIBA MK1246GSX,20Mar,9.8,301.0,0,25.0
911,TOSHIBA MK1251GSY,20Feb,111.8,376.0,0,49.0
912,TOSHIBA MK1633GSG,20Jun,149.0,339.0,0,78.7
913,TOSHIBA MK1637GSX,20Dec,149.0,251.0,0,43.1
914,TOSHIBA MK1646GSX,20Feb,149.0,275.0,0,28.0
915,TOSHIBA MK1652GSX,20Feb,141.2,336.0,0,19.5
916,TOSHIBA MK1652GSX,20Feb,141.2,336.0,0,19.5
917,TOSHIBA MK1655GSX,20Apr,149.0,325.0,0,25.8
918,TOSHIBA MK1656GSY,20May,142.5,408.0,0,155.8
919,TOSHIBA MK1661GSYN,20Jan,149.0,575.0,0,98.9
920,TOSHIBA MK1665GSX,20Mar,20.0,488.0,0,49.9
921,TOSHIBA MK1676GSX,20Dec,149.0,465.0,0,52.0
922,TOSHIBA MK2002TSKB,20Sep,1.8,873.0,0,57.1
923,TOSHIBA MK2018GAP,20Apr,18.6,132.0,0,69.0
924,TOSHIBA MK2035GSS,20Feb,186.3,214.0,0,46.0
925,TOSHIBA MK2529GSG,20Aug,227.3,291.0,0,327.0
926,TOSHIBA MK2533GSG,20Sep,232.8,296.0,0,39.8
927,TOSHIBA MK2552GSX,20Nov,232.9,331.0,0,59.2
928,TOSHIBA MK2556GSY,20Jan,220.4,505.0,0,99.0
929,TOSHIBA MK2561GSYN,20May,232.9,556.0,0,56.0
930,TOSHIBA MK2565GSX,20Mar,232.8,406.0,0,62.0
931,TOSHIBA MK2576GSX,20Aug,111.7,444.0,0,139.9
932,TOSHIBA MK3008GAL,20Jan,27.9,94.0,0,68.0
933,TOSHIBA MK3252GSX,20Dec,298.1,362.0,0,22.3
934,TOSHIBA MK3255GSX,20May,298.1,334.0,0,49.8
935,TOSHIBA MK3256GSY,20Dec,282.4,479.0,0,70.0
936,TOSHIBA MK3259GSXP,20Jul,48.8,497.0,0,62.0
937,TOSHIBA MK3261GSY,20Mar,296.9,619.0,0,22.0
938,TOSHIBA MK3261GSYN,20Feb,298.1,607.0,0,29.0
939,TOSHIBA MK3263GSX,20Oct,298.1,377.0,0,20.9
940,TOSHIBA MK3264GSY,20Mar,290.6,419.0,0,99.0
941,TOSHIBA MK3265GSX,20Feb,290.5,480.0,0,79.9
942,TOSHIBA MK3265GSXN,20Oct,298.1,510.0,0,49.9
943,TOSHIBA MK3276GSX,20Jun,298.1,523.0,0,19.89
944,TOSHIBA MK4025GAS,20Dec,37.3,159.0,0,29.4
945,TOSHIBA MK4026GAX,20Feb,37.3,197.0,0,20.9
946,TOSHIBA MK4032GAX,20Mar,37.3,182.0,0,42.9
947,TOSHIBA MK4034GSX,20Mar,37.3,187.0,0,30.3
948,TOSHIBA MK4058GSX,20Mar,131.6,333.0,0,38.9
949,TOSHIBA MK5056GSY,20Dec,465.8,538.0,0,129.5
950,TOSHIBA MK5059GSXP,20Mar,465.8,440.0,0,129.9
951,TOSHIBA MK5061GSY,20Feb,465.8,548.0,0,38.9
952,TOSHIBA MK5061GSYN,20Jan,465.8,563.0,0,89.8
953,TOSHIBA MK5065GSX,20Mar,465.8,418.0,0,62.8
954,TOSHIBA MK5065GSXF,20Mar,465.8,394.0,0,28.4
955,TOSHIBA MK5075GSX,20Aug,465.8,449.0,0,48.1
956,TOSHIBA MK5076GSX,20Jun,465.8,416.0,0,45.0
957,TOSHIBA MK6006GAH,20Feb,41.2,112.0,0,23.9
958,TOSHIBA MK6008GAH,20Feb,29.3,129.0,0,124.0
959,TOSHIBA MK6025GAS,20Feb,55.9,149.0,0,32.9
960,TOSHIBA MK6026GAX,20May,55.9,193.0,0,40.0
961,TOSHIBA MK6026GAX,20May,55.9,193.0,0,40.0
962,TOSHIBA MK6028GAL,20Feb,55.9,190.0,0,39.0
963,TOSHIBA MK6032GSX,20Oct,55.9,196.0,0,26.3
964,TOSHIBA MK6034GSX,20Mar,55.9,207.0,0,25.0
965,TOSHIBA MK6459GSX,20Apr,596.2,476.0,0,138.2
966,TOSHIBA MK6459GSXP,20Apr,596.2,468.0,0,125.1
967,TOSHIBA MK6461GSY,20Dec,596.2,579.0,0,199.9
968,TOSHIBA MK6461GSYN,20Dec,596.2,596.0,0,124.0
969,TOSHIBA MK6465GSX,20Feb,596.2,486.0,0,46.9
970,TOSHIBA MK6475GSX,20Jul,596.2,474.0,0,54.9
971,TOSHIBA MK6476GSX,20Jun,596.2,446.0,0,113.0
972,TOSHIBA MK7559GSXP,20Aug,698.6,550.0,0,97.0
973,TOSHIBA MK7575GSX,20Jun,698.6,490.0,0,99.0
974,TOSHIBA MK8007GAH,20Feb,71.1,130.0,0,38.0
975,TOSHIBA MK8009GAH,20Feb,74.5,130.0,0,37.0
976,TOSHIBA MK8025GAS,20Feb,69.5,147.0,0,25.5
977,TOSHIBA MK8026GAX,20Mar,74.5,218.0,0,35.0
978,TOSHIBA MK8026GAX,20Mar,74.5,218.0,0,35.0
979,TOSHIBA MK8032GSX,20Feb,74.5,185.0,0,45.0
980,TOSHIBA MK8034GSX,20Dec,58.6,203.0,0,28.5
981,TOSHIBA MK8037GSX,20Feb,74.5,251.0,0,39.0
982,TOSHIBA MK8046GSX,20Mar,74.5,285.0,0,20.0
983,TOSHIBA MQ01ABB200,20Aug,1.8,724.0,0,229.9
984,TOSHIBA MQ01ABC150,20Jul,1.4,599.0,0,139.0
985,TOSHIBA MQ01ABD,20May,931.5,744.0,0,64.6
986,TOSHIBA MQ01ABD032,20May,298.1,635.0,0,17.5
987,TOSHIBA MQ01ABD050,20Mar,465.8,658.0,0,24.95
988,TOSHIBA MQ01ABD050V,20Jun,465.8,683.0,0,49.0
989,TOSHIBA MQ01ABD075,20Apr,698.6,628.0,0,41.99
990,TOSHIBA MQ01ABD100,20May,931.5,693.0,0,43.5
991,TOSHIBA MQ01ABD100H,20May,931.5,844.0,0,41.0
992,TOSHIBA MQ01ABD100M,20Aug,931.5,699.0,0,48.9
993,TOSHIBA MQ01ABF,20Nov,465.8,734.0,0,69.0
994,TOSHIBA MQ01ABF032,20Apr,298.1,615.0,0,45.0
995,TOSHIBA MQ01ABF050,20May,465.8,675.0,0,21.99
996,TOSHIBA MQ01ABF050H,20Jul,465.8,796.0,0,70.8
997,TOSHIBA MQ01ABF050M,20Feb,465.8,702.0,0,74.1
998,TOSHIBA MQ01ACF032,20Aug,298.1,781.0,0,65.8
999,TOSHIBA MQ01ACF050,20Nov,465.8,801.0,0,26.99
1000,TOSHIBA MQ02ABD100H,20Mar,931.5,622.0,0,54.9
1001,TOSHIBA MQ02ABF050H,20Sep,465.8,642.0,0,52.9
1002,TOSHIBA MQ02ABF100,20Oct,931.5,669.0,0,39.9
1003,TOSHIBA MQ04ABF100,20Oct,931.5,814.0,0,47.94
1004,TOSHIBA Q300,20Sep,223.6,3377.0,1,149.0
1005,TOSHIBA RD400 NVMe 1TB,20Jun,953.9,13085.0,1,349.0
1006,TOSHIBA RD400 NVMe 256GB,20Aug,238.5,12210.0,1,280.9
1007,TOSHIBA RD400 NVMe 512GB,20Jun,476.9,14669.0,1,194.9
1008,TOSHIBA THNSFC128GBSJ,20Nov,80.0,1094.0,0,119.9
1009,TOSHIBA THNSFC128GBSJ,20Nov,80.0,1094.0,0,119.9
1010,TOSHIBA THNSFC256GBSJ,20Dec,238.5,1371.0,1,78.1
1011,TOSHIBA THNSNC256GBSJ,20Aug,227.1,1257.0,1,139.9
1012,TOSHIBA THNSNC512GBSJ,20May,476.9,1376.0,1,119.9
1013,TOSHIBA THNSNH256GBST,20Jul,238.5,4596.0,1,39.99
1014,TOSHIBA THNSNH512GBST,20Oct,476.9,3562.0,1,120.9
1015,TOSHIBA THNSNS120GBSP,20Mar,111.8,3224.0,1,102.0
1016,TOSHIBA THNSNS240GBSP,20Feb,223.6,3320.0,1,42.9
1017,TOSHIBA THNSNS480GBSP,20Feb,447.1,3380.0,1,129.9
1018,Toshiba THNSNW128GMCP,20Dec,119.2,1304.0,1,93.9
1019,Toshiba XG5 SSD 1TB,20Oct,953.9,18087.0,1,162.0
1020,Toshiba XG5-P NVMe 2TB,20Apr,1.9,19401.0,1,382.0
1021,Transcend 128GB TS128GSSD25S-M,20Apr,119.2,986.0,1,202.3
1022,Transcend 32GB TS32GSSD25S-M,20Mar,29.8,558.0,1,24.9
1023,Transcend 64GB TS64GSSD25S-M,20Feb,59.7,944.0,1,37.9
1024,Transcend SSD320 64GB TS64GSSD320,20Sep,59.6,1423.0,1,118.0
1025,Transcend SSD720 128GB TS128GSSD720,20Oct,119.2,2838.0,1,218.9
1026,Transcend SSD720 256GB TS256GSSD720,20Sep,238.5,3705.0,1,249.9
1027,Transcend TS120GSSD220S,20Sep,111.8,2792.0,1,53.9
1028,Transcend TS128GMSA370,20Oct,119.2,2749.0,1,128.0
1029,Transcend TS128GMSA720,20Feb,119.2,2750.0,1,205.9
1030,Transcend TS128GMTS600,20Feb,119.2,2858.0,1,64.9
1031,Transcend TS128GMTS800,20Nov,119.2,2964.0,1,64.9
1032,Transcend TS128GSSD370,20Aug,119.2,2429.0,1,59.9
1033,Transcend TS128GSSD370S,20Jun,119.2,2702.0,1,77.9
1034,Transcend TS128GSSD720,20Feb,119.2,2949.0,1,105.3
1035,Transcend TS256GMTS600,20Mar,238.5,3568.0,1,109.9
1036,Transcend TS256GSSD320,20Aug,238.5,3423.0,1,255.8
1037,Transcend TS256GSSD340,20Jan,238.5,2535.0,1,95.9
1038,Transcend TS256GSSD340K,20Jan,238.5,2621.0,1,168.5
1039,Transcend TS256GSSD370,20Aug,238.5,3330.0,1,91.9
1040,Transcend TS256GSSD370S,20May,238.5,3497.0,1,143.5
1041,Transcend TS32GMSA370,20Aug,29.8,1095.0,1,39.9
1042,Transcend TS32GSSD370,20Aug,29.8,973.0,1,41.9
1043,Transcend TS512GMSA370,20Feb,476.9,4110.0,1,241.9
1044,Transcend TS512GMTS800,20Jan,476.9,4142.0,1,299.6
1045,Transcend TS512GSSD370,20Sep,476.9,3617.0,1,175.9
1046,Transcend TS512GSSD370S,20Jun,476.9,3705.0,1,308.0
1047,Transcend TS512GSSD720,20Apr,476.9,3528.0,1,361.6
1048,Transcend TS64GMSA370,20Apr,59.6,1962.0,1,49.1
1049,Transcend TS64GMTS400,20Sep,59.6,2134.0,1,58.9
1050,Transcend TS64GMTS600,20Dec,59.6,2150.0,1,42.9
1051,Transcend TS64GMTS800,20Feb,59.6,2260.0,1,50.9
1052,Transcend TS64GSSD320,20Oct,59.6,1513.0,1,149.4
1053,Transcend TS64GSSD340,20Apr,59.6,1167.0,1,67.4
1054,Transcend TS64GSSD370,20Feb,59.6,1775.0,1,56.7
1055,Transcend TS64GSSD370S,20Jul,59.6,1914.0,1,46.9
1056,V4-CT128V4SSD2,20Sep,119.2,1195.0,1,79.9
1057,Viper M.2 VP4100,20Dec,931.5,30921.0,1,219.99
1058,Viper M.2 VPN100 1TB,20Apr,953.9,23535.0,1,159.99
1059,Viper M.2 VPN100 256GB,20Apr,238.5,13262.0,1,54.99
1060,Viper M.2 VPN100 512GB,20Jun,476.9,17479.0,1,87.99
1061,VisionTek 120GB mSATA,20Jul,111.8,3958.0,1,74.4
1062,VisionTek 240GB,20Nov,223.4,5244.0,1,85.6
1063,Visiontek 256GB,20Sep,238.5,3155.0,1,179.9
1064,VisionTek Data Fusion 480GB,20Oct,447.0,5276.0,1,591.9
1065,VisionTek GoDrive 240GB,20Feb,223.6,2462.0,1,138.9
1066,VisionTek mSATA 120GB,20Feb,111.8,2671.0,1,90.9
1067,VisionTek mSATA 240GB,20May,223.6,3499.0,1,160.9
1068,VisionTek mSATA 60GB,20Aug,55.9,2564.0,1,57.8
1069,WD Black NVMe 1TB,20Apr,931.5,22720.0,1,312.2
1070,WD Black NVMe 256GB,20Mar,238.5,5719.0,1,124.99
1071,WD Black NVMe 500GB,20Apr,465.8,20506.0,1,69.99
1072,WD Black SN750 NVMe 1TB,20Feb,931.5,24369.0,1,149.9
1073,WD Black SN750 NVMe 250GB,20Feb,232.9,14519.0,1,54.99
1074,WDC WD1000CHTZ,20Dec,931.5,1270.0,0,208.5
1075,WDC WD1000DHTZ,20Oct,931.5,1241.0,0,368.8
1076,WDC WD1000FYPS,20May,146.5,415.0,0,89.0
1077,WDC WD1001FAES,20Apr,931.5,744.0,0,179.0
1078,WDC WD1001FALS,20Apr,931.5,580.0,0,74.99
1079,WDC WD1002F9YZ,20May,931.5,1128.0,0,165.7
1080,WDC WD1002FAEX,20Mar,931.5,749.0,0,39.99
1081,WDC WD1002FBYS,20Jun,931.5,2870.0,0,28.9
1082,WDC WD1003FBYX,20Dec,931.5,872.0,0,69.9
1083,WDC WD1003FZEX,20Nov,931.5,1029.0,0,95.6
1084,WDC WD1004FBYZ,20Jan,931.5,1198.0,0,49.9
1085,WDC WD1005FBYZ,20May,931.5,1236.0,0,100.0
1086,WDC WD10EACS,20Mar,931.5,522.0,0,99.0
1087,WDC WD10EADS,20Aug,931.5,530.0,0,66.0
1088,WDC WD10EALS,20Mar,931.5,734.0,0,110.0
1089,WDC WD10EALX,20Jun,931.5,841.0,0,80.6
1090,WDC WD10EARS,20May,931.5,579.0,0,80.0
1091,WDC WD10EARX,20Sep,931.5,691.0,0,83.0
1092,WDC WD10EAVS,20Apr,931.5,556.0,0,249.0
1093,WDC WD10EFRX,20Oct,931.5,858.0,0,65.9
1094,WDC WD10EUCX,20Feb,931.5,641.0,0,88.0
1095,WDC WD10EURS,20Oct,931.5,608.0,0,89.0
1096,WDC WD10EURX,20Oct,931.5,772.0,0,29.99
1097,WDC WD10EVDS,20Feb,97.7,664.0,0,230.0
1098,WDC WD10EVVS,20Jan,931.5,598.0,0,148.2
1099,WDC WD10EZEX,20Jul,931.5,1079.0,0,48.0
1100,WDC WD10EZRX,20Feb,931.5,885.0,0,35.9
1101,WDC WD10EZRZ,20Oct,931.5,931.0,0,47.9
1102,WDC WD10J31X,20Sep,931.5,633.0,0,204.5
1103,WDC WD10JFCX,20Jan,931.5,631.0,0,80.9
1104,WDC WD10JPCX,20Dec,931.5,635.0,0,56.9
1105,WDC WD10JPLX,20Aug,931.5,797.0,0,66.5
1106,WDC WD10JPVT,20May,931.5,667.0,0,54.7
1107,WDC WD10JPVX,20Jun,931.5,678.0,0,79.9
1108,WDC WD10JUCT,20Apr,931.5,662.0,0,85.9
1109,WDC WD10PURX,20Jun,931.5,916.0,0,85.6
1110,WDC WD10PURZ,20Oct,931.5,875.0,0,54.9
1111,WDC WD10S12X,20Nov,946.4,686.0,0,115.9
1112,WDC WD10S21X,20Oct,931.5,613.0,0,186.9
1113,WDC WD10SPCX,20Aug,931.5,750.0,0,100.1
1114,WDC WD10SPZX,20Jun,931.5,963.0,0,47.9
1115,WDC WD10TPVT,20Jul,199.0,519.0,0,132.9
1116,WDC WD10TPVT,20Jul,199.0,519.0,0,132.9
1117,WDC WD1200BEVE,20Mar,111.8,281.0,0,101.9
1118,WDC WD1200BEVS,20Feb,111.8,308.0,0,129.8
1119,WDC WD1200BEVT,20Mar,111.8,333.0,0,50.9
1120,WDC WD1200JB,20Jan,111.8,311.0,0,199.9
1121,WDC WD1500BLFS,20Mar,139.7,720.0,0,99.8
1122,WDC WD1500HLFS,20Nov,139.7,2031.0,0,199.9
1123,WDC WD1500HLHX,20Aug,139.7,856.0,0,99.9
1124,WDC WD1501FASS,20Nov,100.0,839.0,0,169.9
1125,WDC WD1502FAEX,20Mar,1.4,882.0,0,154.0
1126,WDC WD1502FYPS,20Jan,1.4,682.0,0,115.0
1127,WDC WD15EADS,20Sep,1.4,585.0,0,55.2
1128,WDC WD15EARS,20Dec,1.4,616.0,0,62.0
1129,WDC WD15EARX,20Nov,1.4,612.0,0,135.0
1130,WDC WD15EZRX,20Feb,1.4,802.0,0,79.9
1131,WDC WD1600AABS,20Mar,149.0,423.0,0,15.9
1132,WDC WD1600AAJB,20Feb,149.0,422.0,0,34.9
1133,WDC WD1600AAJS,20Apr,149.0,604.0,0,35.99
1134,WDC WD1600ADFD,20Mar,141.0,501.0,0,42.9
1135,WDC WD1600AVJB,20Apr,49.8,414.0,0,35.0
1136,WDC WD1600AVJS,20Nov,148.9,474.0,0,21.9
1137,WDC WD1600AVVS,20Apr,148.9,477.0,0,63.9
1138,WDC WD1600BB,20Apr,149.0,336.0,0,22.9
1139,WDC WD1600BEKT,20Jun,149.0,494.0,0,29.9
1140,WDC WD1600BEVE,20Mar,39.1,235.0,0,159.9
1141,WDC WD1600BEVS,20Feb,149.0,309.0,0,83.9
1142,WDC WD1600BEVT,20Feb,149.0,2466.0,0,68.8
1143,WDC WD1600BJKT,20Mar,149.0,477.0,0,66.9
1144,WDC WD1600BPVT,20Mar,149.0,451.0,0,40.0
1145,WDC WD1600HLFS,20Feb,149.0,740.0,0,48.9
1146,WDC WD1600HLHX,20Oct,149.0,900.0,0,23.8
1147,WDC WD1600JS,20Dec,149.0,379.0,0,67.0
1148,Corsair CSSD-F40GB2,20Aug,37.3,1279.0,1,93.5
1149,Corsair CSSD-F60GB2,20Jul,55.9,1458.0,1,124.9
1150,Corsair CSSD-F60GB2-A,20Apr,55.9,1483.0,1,124.9
1151,Corsair CSSD-F80GB2-A,20Mar,74.4,1217.0,1,74.9
1152,Corsair CSSD-F80GBP2,20Sep,83.8,1339.0,1,184.9
1153,Corsair CSSD-F90GB2,20Dec,83.7,1761.0,1,160.5
1154,Corsair CSSD-R60GB2,20Feb,56.2,874.0,1,191.8
1155,Corsair CSSD-V128GB2,20Mar,119.1,1294.0,1,219.9
1156,Corsair CSSD-V32GB2,20May,29.7,807.0,1,77.5
1157,Corsair CSSD-V64GB2,20Mar,59.5,1025.0,1,139.9
1158,Corsair Force,20Aug,223.6,4353.0,1,498.5
1159,Corsair Force 3 SSD,20Aug,111.8,2338.0,1,300.59
1160,Corsair Force 3 SSD,20Aug,111.8,2338.0,1,300.59
1161,Corsair Force GS,20Aug,223.6,3601.0,1,415.9
1162,Corsair Force GT,20Jul,111.8,3165.0,1,88.8
1163,Corsair Force GT,20Jul,111.8,3165.0,1,88.8
1164,Corsair Force LS SSD,20Sep,55.9,1986.0,1,64.9
1165,Corsair Force MP500 240GB,20Dec,223.6,11972.0,1,109.0
1166,Corsair Force MP500 480GB,20Jan,447.1,12862.0,1,245.94
1167,Corsair Force MP510 1920GB,20Jan,1.7,26400.0,1,316.99
1168,Corsair Force MP510 240GB,20Oct,223.6,11247.0,1,54.99
1169,Corsair Force MP510 480GB,20Nov,447.1,16927.0,1,84.99
1170,Corsair Force MP510 960GB,20Dec,894.3,22943.0,1,154.99
1171,Corsair Force MP600 1TB,20Jul,931.5,31014.0,1,194.99
1172,Corsair Force MP600 2TB,20Jul,1.8,29121.0,1,389.99
1173,Corsair Force SSD,20Oct,111.8,1916.0,1,77.9
1174,Corsair Neutron,20Nov,111.8,3144.0,1,362.0
1175,Corsair Neutron SSD,20Mar,223.6,2570.0,1,800.3
1176,Corsair Nova 2 SSD,20Nov,28.0,828.0,1,64.9
1177,Corsair Performance Pro,20Dec,119.1,3434.0,1,179.9
1178,Corsair Performance3 SSD,20Feb,119.2,2066.0,1,204.9
1179,Crucial CT1000BX100SSD1,20Feb,931.5,3860.0,1,479.9
1180,Crucial CT1024M550SSD1,20Mar,953.9,3523.0,1,458.9
1181,Crucial CT1050MX300SSD1,20Aug,978.1,4883.0,1,499.9
1182,Crucial CT1050MX300SSD4,20Oct,978.1,4384.0,1,165.0
1183,Crucial CT120BX100SSD1,20Feb,111.8,2239.0,1,128.6
1184,Crucial CT120M500SSD1,20May,111.8,2338.0,1,42.3
1185,Crucial CT120M500SSD3,20Sep,111.8,2332.0,1,99.9
1186,Crucial CT120M500SSD4,20Dec,111.8,2671.0,1,119.0
1187,Crucial CT128M550SSD1,20Apr,119.2,3176.0,1,99.9
1188,Crucial CT128M550SSD3,20May,119.2,3068.0,1,143.9
1189,Crucial CT128M550SSD4,20May,119.2,3262.0,1,231.7
1190,Crucial CT128MX100SSD1,20Jun,119.2,2377.0,1,79.6
1191,Crucial CT2050MX300SSD1,20Oct,1.9,3615.0,1,490.0
1192,Crucial CT240M500SSD1,20May,223.6,2994.0,1,74.8
1193,Crucial CT240M500SSD3,20Sep,223.6,2911.0,1,245.4
1194,Crucial CT240M500SSD4,20Jul,223.6,3068.0,1,205.9
1195,Crucial CT250MX200SSD1,20Feb,232.9,3745.0,1,99.71
1196,Crucial CT250MX200SSD4,20Feb,232.9,3991.0,1,169.9
1197,Crucial CT256M225,20Sep,238.5,1162.0,1,177.7
1198,Crucial CT256M550SSD1,20Apr,238.5,3362.0,1,200.0
1199,Crucial CT256M550SSD3,20Apr,238.5,3387.0,1,194.5
1200,Crucial CT256M550SSD4,20Jul,238.5,4012.0,1,167.7
1201,Crucial CT256MX100SSD1,20Jun,238.5,3277.0,1,99.9
1202,Crucial CT275MX300SSD1,20Aug,256.2,3670.0,1,143.95
1203,Crucial CT275MX300SSD4,20Aug,256.2,3801.0,1,140.5
1204,Crucial CT480M500SSD1,20Jun,447.1,3841.0,1,69.8
1205,Crucial CT480M500SSD3,20Dec,447.1,3270.0,1,341.4
1206,Crucial CT480M500SSD4,20Apr,447.1,3958.0,1,258.4
1207,Crucial CT500BX100SSD1,20Feb,465.8,4072.0,1,274.9
1208,Crucial CT500MX200SSD1,20Mar,465.8,3269.0,1,299.9
1209,Crucial CT500MX200SSD3,20May,465.8,3865.0,1,396.1
1210,Crucial CT500MX200SSD4,20Feb,465.8,4307.0,1,398.4
1211,Crucial CT500MX200SSD6,20May,465.8,4302.0,1,297.7
1212,Crucial CT512M550SSD1,20Apr,476.9,3444.0,1,99.0
1213,Crucial CT512M550SSD3,20Apr,476.9,3255.0,1,417.4
1214,Crucial CT512M550SSD4,20Jun,476.9,3687.0,1,277.7
1215,Crucial CT512MX100SSD1,20Jun,476.9,3616.0,1,179.9
1216,Crucial CT525MX300SSD1,20Aug,489.0,3929.0,1,225.6
1217,Crucial CT525MX300SSD4,20Oct,489.0,4185.0,1,195.75
1218,Crucial CT750MX300SSD1,20Jul,698.6,4070.0,1,680.9
1219,Crucial CT960M500SSD1,20Aug,894.3,3622.0,1,190.62
1220,Crucial M4-CT128M4SSD1,20Mar,114.5,2127.0,1,114.9
1221,Crucial M4-CT128M4SSD2,20Apr,119.2,2206.0,1,104.9
1222,Crucial M4-CT128M4SSD3,20Sep,119.2,2082.0,1,109.9
1223,Crucial MX500 1TB M.2,20Apr,931.5,4867.0,1,269.0
1224,Crucial MX500 500GB CT500MX500SSD4,20Apr,465.8,4790.0,1,70.99
1225,Cruicial CT250BX100SSD1,20Jan,232.9,3620.0,1,94.9
1226,CSSD-F115GB2-A,20Mar,107.0,1575.0,1,109.9
1227,CSSD-V60GB2,20Jul,55.9,1009.0,1,123.4
1228,CT1000BX500SSD1,20Nov,931.5,2958.0,1,99.99
1229,CT1000MX500SSD1,20Dec,931.5,4464.0,1,114.99
1230,CT1000P1SSD8,20Nov,931.5,12505.0,1,149.93
1231,CT120BX100SSD1,20Mar,111.8,2844.0,1,65.9
1232,CT120BX300SSD1,20Sep,111.8,3862.0,1,78.9
1233,CT120BX500SSD1,20Sep,111.8,2918.0,1,28.99
1234,CT128V4SSD2,20Oct,119.2,1374.0,1,184.4
1235,CT2000BX500SSD1,20Jan,1.8,3070.0,1,199.99
1236,CT2000MX500SSD1,20Feb,1.8,4399.0,1,229.99
1237,CT240BX200SSD1,20Nov,223.6,3661.0,1,147.77
1238,CT240BX300SSD1,20Sep,223.6,3817.0,1,124.9
1239,CT240BX500SSD1,20Oct,223.6,2957.0,1,40.99
1240,CT250BX100SSD1,20May,232.9,3156.0,1,81.9
1241,CT250MX500SSD1,20Jan,232.9,4118.0,1,50.99
1242,CT250MX500SSD4,20Apr,232.9,4531.0,1,49.99
1243,CT480BX200SSD1,20Nov,447.1,3831.0,1,157.7
1244,CT480BX300SSD1,20Sep,447.1,3988.0,1,164.3
1245,CT480BX500SSD1,20Sep,447.1,2705.0,1,60.99
1246,CT500MX500SSD1,20Jan,465.8,4626.0,1,69.99
1247,CT500P1SSD8,20Nov,465.8,10632.0,1,85.0
1248,CT500P2SSD8,20Apr,465.8,16878.0,1,69.99
1249,CT960BX200SSD1,20Mar,894.3,4097.0,1,297.7
1250,CT960BX500SSD1,20Jan,894.3,2865.0,1,99.99
1251,CUK Cyclone M.2 NVMe 500GB,20Apr,465.8,15693.0,1,1249.9
1252,D2RSTK251E19-0400,20Sep,372.6,3465.0,1,146.7
1253,WDC WD1600YD,20Mar,153.4,369.0,0,64.5
1254,WDC WD1600YS,20Jan,153.4,393.0,0,73.7
1255,WDC WD1601ABYS,20Mar,153.4,471.0,0,165.0
1256,WDC WD1602ABKS,20Jul,149.0,641.0,0,65.0
1257,WDC WD2000F9YZ,20Sep,1.8,998.0,0,239.9
1258,WDC WD2000FYYZ,20Jan,1.8,1013.0,0,140.2
1259,WDC WD2001FASS,20Sep,1.8,865.0,0,143.0
1260,WDC WD2001FFSX,20Jan,1.8,1056.0,0,300.0
1261,WDC WD2002FAEX,20Feb,1.8,833.0,0,141.0
1262,WDC WD2002FYPS,20Aug,1.8,681.0,0,138.7
1263,WDC WD2003FYPS,20Sep,1.8,657.0,0,120.0
1264,WDC WD2003FYYS,20Nov,1.8,871.0,0,57.4
1265,WDC WD2003FZEX,20Jan,1.8,1172.0,0,118.99
1266,WDC WD2004FBYZ,20Apr,1.8,1139.0,0,145.1
1267,WDC WD2005FBYZ,20Jun,1.8,1254.0,0,109.7
1268,WDC WD200BB,20Apr,18.6,248.0,0,49.0
1269,WDC WD200EB,20May,9.8,120.0,0,63.9
1270,WDC WD20EADS,20Nov,1.8,605.0,0,152.8
1271,WDC WD20EARS,20Feb,1.8,652.0,0,81.7
1272,WDC WD20EARX,20Nov,1.8,677.0,0,142.4
1273,WDC WD20EFRX,20Nov,1.8,861.0,0,167.8
1274,WDC WD20EURS,20Jun,1.8,679.0,0,133.9
1275,WDC WD20EURX,20Nov,1.8,846.0,0,104.4
1276,WDC WD20EZRX,20Oct,1.8,888.0,0,69.9
1277,WDC WD20EZRZ,20Nov,1.8,1082.0,0,1667.9
1278,WDC WD20NPVT,20Dec,1.8,784.0,0,199.9
1279,WDC WD20PURX,20Aug,1.8,860.0,0,103.4
1280,WDC WD2500AAJB,20Feb,128.0,403.0,0,70.0
1281,WDC WD2500AAJB,20Feb,128.0,403.0,0,70.0
1282,WDC WD2500AAJS,20Mar,232.9,582.0,0,28.7
1283,WDC WD2500AAKS,20Sep,232.9,585.0,0,25.9
1284,WDC WD2500AAKX,20Jun,232.9,747.0,0,23.5
1285,WDC WD2500AVCS,20Sep,232.9,518.0,0,30.4
1286,WDC WD2500AVJB,20Jan,232.9,371.0,0,107.0
1287,WDC WD2500AVJS,20Jul,48.8,598.0,0,89.9
1288,WDC WD2500AVVS,20Dec,232.9,382.0,0,51.7
1289,WDC WD2500BB,20Apr,232.9,346.0,0,30.7
1290,WDC WD2500BEKT,20Apr,232.9,1449.0,0,29.5
1291,WDC WD2500BEKX,20Jul,232.9,524.0,0,133.8
1292,WDC WD2500BEVE,20Jan,232.9,333.0,0,78.3
1293,WDC WD2500BEVS,20Mar,232.9,370.0,0,136.9
1294,WDC WD2500BEVT,20Apr,232.9,483.0,0,87.8
1295,WDC WD2500BJKT,20Apr,232.9,442.0,0,79.9
1296,WDC WD2500BPVT,20Nov,232.9,399.0,0,74.8
1297,WDC WD2500HHTZ,20Oct,232.9,1200.0,0,175.0
1298,WDC WD2500JB,20May,232.9,422.0,0,36.9
1299,WDC WD2500JD,20Mar,232.9,353.0,0,184.0
1300,WDC WD2500JS,20Apr,232.9,379.0,0,79.0
1301,WDC WD2500KS,20Mar,232.9,385.0,0,78.0
1302,WDC WD2500LPLX,20Jul,232.9,776.0,0,66.9
1303,WDC WD2500LPVT,20Nov,232.9,688.0,0,86.9
1304,WDC WD2500LPVX,20Apr,232.9,596.0,0,51.9
1305,WDC WD2500SB,20Aug,232.9,409.0,0,88.0
1306,WDC WD2500YD,20Nov,233.8,372.0,0,54.9
1307,WDC WD2500YS,20Mar,233.8,387.0,0,195.0
1308,WDC WD2502ABYS,20Dec,29.3,731.0,0,36.0
1309,WDC WD2503ABYX,20May,233.7,835.0,0,50.6
1310,WDC WD2503ABYZ,20May,232.9,897.0,0,79.2
1311,WDC WD25EZRS,20Mar,2.3,739.0,0,55.0
1312,WDC WD25EZRX,20Nov,2.3,767.0,0,149.0
1313,WDC WD3000BLFS,20Mar,279.5,762.0,0,115.9
1314,WDC WD3000BLHX,20Mar,279.5,924.0,0,70.0
1315,WDC WD3000HLFS,20Feb,279.5,746.0,0,125.0
1316,WDC WD3000HLHX,20Sep,279.4,877.0,0,109.9
1317,WDC WD3001FAEX,20Dec,2.7,1048.0,0,238.8
1318,WDC WD3003FZEX,20Apr,2.7,1101.0,0,189.9
1319,WDC WD30EFRX,20Dec,2.7,928.0,0,108.9
1320,WDC WD30EURS,20Dec,2.7,746.0,0,94.5
1321,WDC WD30EZRX,20Sep,2.7,766.0,0,69.9
1322,WDC WD30EZRZ,20Feb,2.7,946.0,0,86.9
1323,WDC WD3200AAJB,20Mar,298.1,432.0,0,126.5
1324,WDC WD3200AAJS,20Feb,296.6,619.0,0,17.5
1325,WDC WD3200AAKS,20Nov,298.1,591.0,0,19.9
1326,WDC WD3200AAKX,20Jul,298.1,719.0,0,72.9
1327,WDC WD3200AUDX,20Aug,298.1,746.0,0,47.9
1328,WDC WD3200AVBS,20Feb,298.1,479.0,0,19.9
1329,WDC WD3200AVCS,20Jun,298.1,503.0,0,73.6
1330,WDC WD3200AVJS,20Mar,60.0,467.0,0,9.9
1331,WDC WD3200AVVS,20Sep,48.8,420.0,0,36.3
1332,WDC WD3200BEKT,20Apr,298.1,643.0,0,72.1
1333,WDC WD3200BEKX,20Oct,298.1,664.0,0,49.9
1334,WDC WD3200BEVE,20Dec,298.1,340.0,0,74.9
1335,WDC WD3200BEVE,20Dec,298.1,340.0,0,74.9
1336,WDC WD3200BEVT,20Apr,298.1,446.0,0,82.8
1337,WDC WD3200BJKT,20Mar,298.1,485.0,0,79.9
1338,WDC WD3200BPVT,20Apr,298.1,487.0,0,24.9
1339,WDC WD3200BUCT,20Apr,298.1,495.0,0,32.4
1340,WDC WD3200BVVT,20Feb,298.1,496.0,0,50.5
1341,WDC WD3200LPCX,20Aug,298.1,581.0,0,38.0
1342,WDC WD3200LPLX,20Apr,298.1,657.0,0,63.9
1343,WDC WD3200LPVT,20Apr,298.1,588.0,0,51.9
1344,WDC WD3200LPVX,20Jul,298.1,586.0,0,29.9
1345,WDC WD3200SD,20Apr,298.1,406.0,0,125.0
1346,WDC WD3200YS,20Mar,298.1,416.0,0,99.0
1347,WDC WD3202ABYS,20Oct,97.7,652.0,0,94.9
1348,WDC WD4000F9YZ,20Feb,3.6,1125.0,0,219.7
1349,WDC WD4000FYYZ,20Apr,3.6,1089.0,0,241.6
1350,WDC WD4000KD,20Feb,372.6,399.0,0,99.0
1351,WDC WD4001FAEX,20Oct,3.6,1027.0,0,278.8
1352,WDC WD4002FYYZ,20Nov,3.6,1386.0,0,250.0
1353,WDC WD4003FZEX,20Feb,3.6,1107.0,0,366.2
1354,WDC WD4004FZWX,20Feb,3.6,1160.0,0,323.9
1355,WDC WD400JB,20Mar,37.3,284.0,0,35.0
1356,WDC WD40E31X,20Jun,3.6,867.0,0,309.1
1357,WDC WD40EFRX,20Nov,3.6,992.0,0,109.9
1358,WDC WD40EZRX,20May,3.6,907.0,0,251.3
1359,WDC WD40EZRZ,20Nov,3.6,1031.0,0,96.9
1360,WDC WD40PURX,20Dec,3.6,948.0,0,132.0
1361,WDC WD4500HLHX,20Aug,419.1,872.0,0,258.8
1362,WDC WD5000AACS,20Apr,465.8,474.0,0,19.9
1363,WDC WD5000AADS,20Sep,465.8,588.0,0,19.9
1364,WDC WD5000AAJB,20Mar,459.6,382.0,0,115.9
1365,WDC WD5000AAJS,20Mar,465.8,501.0,0,90.0
1366,WDC WD5000AAKB,20Nov,465.8,419.0,0,95.0
1367,WDC WD5000AAKS,20Dec,465.8,710.0,0,39.9
1368,WDC WD5000AAKX,20Jun,465.8,768.0,0,21.99
1369,WDC WD5000AUDX,20Oct,465.8,744.0,0,64.9
1370,WDC WD5000AURX,20Feb,465.8,834.0,0,52.5
1371,WDC WD5000AVCS,20Feb,465.8,567.0,0,68.9
1372,WDC WD5000AVDS,20Oct,465.7,547.0,0,19.8
1373,WDC WD5000AVVS,20Apr,465.8,493.0,0,46.9
1374,WDC WD5000AZDX,20Sep,465.8,805.0,0,98.7
1375,WDC WD5000AZLX,20Nov,465.8,1131.0,0,19.99
1376,WDC WD5000AZRX,20Mar,465.8,728.0,0,35.9
1377,WDC WD5000AZRZ,20Jan,465.8,909.0,0,46.9
1378,WDC WD5000BEKT,20Aug,465.8,600.0,0,49.9
1379,WDC WD5000BEVT,20Jan,465.8,425.0,0,109.8
1380,WDC WD5000BHTZ,20Oct,465.8,1231.0,0,144.1
1381,WDC WD5000BPKT,20Sep,465.8,718.0,0,25.5
1382,WDC WD5000BPKX,20Nov,465.8,690.0,0,124.7
1383,WDC WD5000BPVT,20Aug,465.8,518.0,0,43.4
1384,WDC WD5000BUCT,20Apr,465.8,552.0,0,33.9
1385,WDC WD5000HHTZ,20Nov,465.8,1187.0,0,107.9
1386,WDC WD5000KS,20Mar,465.8,411.0,0,44.0
1387,WDC WD5000LPCX,20Nov,465.8,727.0,0,22.9
1388,WDC WD5000LPLX,20Jul,465.8,919.0,0,30.0
1389,WDC WD5000LPVT,20Oct,465.8,645.0,0,39.9
1390,WDC WD5000LPVX,20May,465.8,631.0,0,26.6
1391,WDC WD5000LUCT,20Apr,465.8,654.0,0,60.9
1392,WDC WD5000MPCK,20Aug,465.8,669.0,0,35.7
1393,WDC WD5000YS,20Dec,465.8,425.0,0,50.0
1394,WDC WD5001AALS,20Aug,465.8,624.0,0,138.8
1395,WDC WD5001FZWX,20Dec,4.5,1109.0,0,295.0
1396,WDC WD5002AALX,20Sep,465.8,755.0,0,128.0
1397,WDC WD5002ABYS,20Sep,465.8,696.0,0,87.9
1398,WDC WD5003ABYX,20Dec,465.8,798.0,0,84.9
1399,WDC WD5003ABYZ,20Jan,465.8,860.0,0,36.0
1400,WDC WD5003AZEX,20Oct,465.8,1038.0,0,59.9
1401,WDC WD6000BLHX,20Dec,558.9,814.0,0,150.0
1402,WDC WD6000HLHX,20Apr,558.9,867.0,0,169.9
1403,WDC WD6001FZWX,20Dec,5.5,1517.0,0,341.9
1404,WDC WD60EFRX,20May,5.5,1052.0,0,399.1
1405,WDC WD60PURX,20Feb,5.5,1168.0,0,366.9
1406,WDC WD6400AACS,20Aug,596.2,542.0,0,29.9
1407,WDC WD6400AAKS,20Feb,596.2,649.0,0,56.9
1408,WDC WD6400AARS,20Jan,596.2,632.0,0,62.4
1409,WDC WD6400BEVT,20Jun,596.2,491.0,0,98.9
1410,WDC WD6400BPVT,20Sep,596.2,525.0,0,97.4
1411,WDC WD6402AAEX,20Mar,596.2,732.0,0,59.9
1412,WDC WD740GD,20Dec,69.2,439.0,0,128.0
1413,WDC WD740HLFS,20Jun,69.2,725.0,0,178.9
1414,WDC WD7500AACS,20Mar,698.6,474.0,0,61.0
1415,WDC WD7500AADS,20Jun,698.6,565.0,0,65.2
1416,WDC WD7500AAKS,20Jan,698.6,549.0,0,99.0
1417,WDC WD7500AALX,20Jan,698.6,729.0,0,103.9
1418,WDC WD7500AARS,20Feb,698.6,569.0,0,85.5
1419,WDC WD7500AARX,20Jul,698.6,602.0,0,113.1
1420,WDC WD7500AYYS,20Apr,698.6,558.0,0,99.8
1421,WDC WD7500AZEX,20Dec,698.6,953.0,0,104.0
1422,WDC WD7500BFCX,20Mar,698.6,683.0,0,66.9
1423,WDC WD7500BPKT,20Sep,698.6,821.0,0,95.6
1424,WDC WD7500BPKX,20Aug,698.6,740.0,0,147.2
1425,WDC WD7500BPVT,20Oct,698.6,994.0,0,99.8
1426,WDC WD7500BPVX,20Jun,698.6,664.0,0,66.4
1427,WDC WD7500KPVT,20Jul,698.6,435.0,0,75.8
1428,WDC WD7500LPCX,20Nov,698.6,652.0,0,85.9
1429,WDC WD7501AALS,20Feb,698.6,650.0,0,108.0
1430,WDC WD7502AAEX,20Apr,698.6,777.0,0,78.9
1431,WDC WD7502ABYS,20Oct,698.6,688.0,0,63.0
1432,WDC WD8000AARS,20Feb,745.1,587.0,0,74.7
1433,WDC WD800AAJB,20Feb,74.5,466.0,0,55.0
1434,WDC WD800AAJS,20May,74.5,503.0,0,59.0
1435,WDC WD800BB,20Apr,74.5,323.0,0,89.9
1436,WDC WD800BEVE,20Mar,74.3,271.0,0,69.9
1437,WDC WD800BEVS,20Mar,74.5,270.0,0,77.3
1438,WDC WD800BEVT,20Mar,74.5,378.0,0,108.9
1439,WDC WD800GD,20Feb,74.5,452.0,0,42.2
1440,WDC WD800HLFS,20Mar,74.4,771.0,0,21.4
1441,WDC WD800JB,20Mar,74.5,330.0,0,99.3
1442,WDC WD800JD,20Jan,74.5,331.0,0,19.9
1443,WDC WD800VE,20Aug,71.5,175.0,0,179.9
1444,WDC WD8088AADS,20Oct,753.3,530.0,0,149.8
1445,WDC WDBNCE2500PNC,20Jun,232.9,3974.0,1,40.0
1446,WDC WDS100T1B0A,20Dec,931.5,4101.0,1,179.9
1447,WDC WDS100T1B0B,20Nov,931.5,4354.0,1,318.7
1448,WDC WDS100T2B0A,20Oct,931.5,4431.0,1,109.99
1449,WDC WDS100T2B0B,20Dec,931.5,4910.0,1,109.99
1450,WDC WDS100T2B0C,20Dec,931.5,16847.0,1,119.99
1451,WDC WDS100T2G0A,20Apr,931.5,3209.0,1,99.99
1452,WDC WDS120G1G0A,20Dec,111.8,2401.0,1,25.7
1453,WDC WDS120G2G0A,20Dec,111.8,2285.0,1,44.99
1454,WDC WDS120G2G0B,20Mar,111.8,2636.0,1,34.98
1455,WDC WDS200T2B0A,20Mar,1.8,4599.0,1,224.9
1456,WDC WDS200T2B0B,20May,1.8,4825.0,1,229.99
1457,WDC WDS240G1G0A,20Dec,223.6,2420.0,1,59.99
1458,WDC WDS240G1G0B,20Nov,223.6,3007.0,1,41.7
1459,WDC WDS240G2G0A,20Dec,223.6,2646.0,1,38.99
1460,WDC WDS240G2G0B,20Feb,223.6,2982.0,1,45.07
1461,WDC WDS250G1B0A,20Nov,232.9,4549.0,1,64.9
1462,WDC WDS250G1B0B,20Nov,232.9,4656.0,1,67.7
1463,WDC WDS250G1B0C,20May,232.9,11582.0,1,68.45
1464,WDC WDS250G2B0A,20Sep,232.9,4566.0,1,45.99
1465,WDC WDS250G2B0B,20Sep,232.9,4123.0,1,49.99
1466,WDC WDS250G2B0C,20Jan,232.9,11261.0,1,54.99
1467,WDC WDS480G2G0A,20Dec,447.1,2566.0,1,55.99
1468,WDC WDS480G2G0B,20Oct,447.1,2915.0,1,76.99
1469,WDC WDS500G1B0A,20Nov,465.8,4272.0,1,74.0
1470,WDC WDS500G1B0B,20Nov,465.8,4706.0,1,99.9
1471,WDC WDS500G1B0C,20Apr,465.8,13509.0,1,76.9
1472,WDC WDS500G2B0A,20Sep,465.8,4352.0,1,69.97
1473,WDC WDS500G2B0B,20Nov,465.8,4878.0,1,67.06
1474,WDC WDS500G2B0C,20Jan,465.8,15426.0,0,69.99
1475,WDC WDS512G1X0C,20Feb,476.9,7303.0,1,194.0
1476,XPG GAMMIX S11 240GB,20Jun,223.6,12601.0,1,104.9
1477,XPG GAMMIX S11 480GB,20Jun,447.1,16835.0,1,92.9
1478,XPG GAMMIX S11 Pro,20Jan,238.5,14171.0,1,139.9
1479,XPG GAMMIX S11 Pro,20Jan,238.5,14171.0,1,139.9
1480,XPG GAMMIX S5,20Mar,238.5,12625.0,1,45.9
1481,XPG GAMMIX S50,20Nov,931.5,30534.0,1,194.99
1482,XPG SPECTRIX S40G,20Jul,238.5,13049.0,1,49.9
1483,XPG SX950U,20Nov,894.3,2433.0,1,109.9
1484,ZOTAC ZTSSD-A4P-120G,20Nov,111.8,1634.0,1,44.9
1485,ZOTAC ZTSSD-A5P-240G-PE,20Nov,223.6,3467.0,1,74.9
1486,ZTC-SM201-128G,20Mar,119.2,2324.0,1,142.7
1487,EDGE Boost Pro 7mm SSD,20Aug,223.6,2426.0,1,547.5
1488,EDGE Boost Pro SSD,20Feb,447.1,2741.0,1,53.3
1489,EDGE E3 SSD,20Mar,476.9,3964.0,1,127.8
1490,FCCT128M4SSD1,20Jan,119.2,2076.0,1,54.9
1491,FCCT240M500SSD1,20Jul,223.6,3010.0,1,64.9
1492,FCCT256M4SSD1,20Dec,238.5,2306.0,1,89.9
1493,FCCT960M500SSD1,20Sep,894.3,3177.0,1,219.9
1494,Force MP600,20Sep,465.8,26978.0,1,119.99
1495,FORESEE 64GB SSD,20Oct,59.6,2411.0,1,28.9
1496,FUJITSU MBA3073RC,20Oct,68.5,633.0,0,112.9
1497,FUJITSU MBA3147RC,20Nov,136.7,611.0,0,64.0
1498,FUJITSU MBA3300RC,20Feb,279.4,564.0,0,107.8
1499,FUJITSU MHV2080AT,20Mar,27.9,145.0,0,69.0
1500,FUJITSU MHW2160BH,20Dec,136.4,231.0,0,151.2
1501,FUJITSU MHZ2120BH,20Feb,111.8,308.0,0,84.9
1502,FUJITSU MHZ2250BH,20Dec,232.9,331.0,0,124.9
1503,Fujitsu SSD 128GB,20Jul,119.2,2710.0,1,966.7
1504,Fujitsu SSD 64GB,20Sep,59.6,1320.0,1,879.9
1505,Fujitsu SSD256GB,20Dec,238.5,3664.0,1,159.9
1506,Fusion-io ioFX 420GB,20Apr,391.1,4492.0,0,1995.0
1507,G.SKILL FM-25S3-240GPF,20Nov,223.6,3177.0,1,74.9
1508,G.SKILL Phoenix Blade 480GB,20Nov,447.2,10453.0,1,549.9
1509,Gigabyte AORUS NVMe Gen4 M.2 1TB,20Jul,931.5,29893.0,1,229.99
1510,Gigabyte AORUS NVMe Gen4 M.2 2TB,20Jul,1.8,28543.0,1,415.99
1511,GIGABYTE GP-ASM2NE6500GTTD,20Sep,465.8,22606.0,1,129.99
1512,GIGABYTE GP-GSM2NE3256GNTD,20Nov,238.5,14781.0,1,57.01
1513,GIGABYTE GP-GSM2NE3512GNTD,20Oct,476.9,14350.0,0,79.99
1514,GIGABYTE GP-GSTFS31120GNTD,20Sep,111.8,2904.0,1,26.9
1515,GIGABYTE GP-GSTFS31240GNTD,20Aug,223.6,3192.0,1,36.9
1516,GIGABYTE GP-GSTFS31480GNTD,20Jan,447.1,3728.0,1,59.99
1517,Gigabyte M.2 PCIe SSD 128GB,20Feb,119.2,6283.0,1,27.9
1518,GSkill FM-25S2S-120GBP2,20Aug,111.8,1785.0,1,104.9
1519,HFS120G32TND-N1A2A,20Nov,111.8,4226.0,1,218.9
1520,HFS250G32TND-N1A2A,20Aug,232.9,4407.0,1,239.9
1521,HFS256G32TND-N210A,20Aug,238.5,3360.0,1,79.9
1522,HFS500G32TND-N1A2A,20Nov,465.8,4211.0,1,264.9
1523,HGST HDS724040ALE640,20Nov,3.6,894.0,0,138.9
1524,HGST HTE545032A7E380,20Dec,298.1,559.0,0,57.9
1525,HGST HTE721010A9E630,20Oct,931.5,861.0,0,77.9
1526,HGST HTE725032A7E630,20Sep,298.1,637.0,0,53.6
1527,HGST HTE725050A7E630,20Nov,465.8,630.0,0,129.9
1528,HGST HTS541010A9E680,20Feb,931.5,601.0,0,72.9
1529,HGST HTS541064A9E680,20Aug,596.2,551.0,0,29.9
1530,HGST HTS545025A7E380,20Sep,232.9,612.0,0,55.9
1531,HGST HTS545032A7E380,20Jan,298.1,485.0,0,34.9
1532,HGST HTS545050A7E380,20Dec,465.8,608.0,0,55.9
1533,HGST HTS545050A7E680,20Aug,465.8,602.0,0,2573.0
1534,HGST HTS721010A9E630,20Dec,931.5,761.0,0,119.8
1535,HGST HTS721050A9E630,20Nov,465.8,766.0,0,49.9
1536,HGST HTS725032A7E630,20Jan,298.1,634.0,0,19.9
1537,HGST HTS725050A7E630,20Dec,465.8,771.0,0,19.9
1538,HGST HTS725050B7E630,20Sep,465.8,950.0,0,24.0
1539,HGST HUS724020ALA640,20Jun,1.8,1075.0,0,124.0
1540,HGST HUS724020ALE640,20Jan,1.8,818.0,0,160.2
1541,HGST HUS724040ALE640,20Dec,3.6,1024.0,0,313.9
1542,Hitachi DK23EA-60,20Feb,55.9,153.0,0,31.9
1543,Hitachi DK23FA-80,20Mar,69.5,165.0,0,8.7
1544,Hitachi HCP725025GLAT80,20May,232.9,454.0,0,169.9
1545,Hitachi HCP725050GLA380,20Mar,465.8,542.0,0,109.8
1546,Hitachi HCS5C1032CLA382,20Feb,298.1,433.0,0,26.0
1547,Hitachi HCS721010CLA332,20Feb,931.5,663.0,0,99.0
1548,Hitachi HDE721010SLA330,20May,232.8,699.0,0,39.9
1549,Hitachi HDP725025GLA380,20Dec,232.8,496.0,0,45.0
1550,Hitachi HDP725025GLAT80,20Mar,232.9,517.0,0,105.0
1551,Hitachi HDP725032GLA360,20Dec,298.1,460.0,0,58.9
1552,Hitachi HDP725050GLA360,20Dec,465.8,532.0,0,34.99
1553,Hitachi HDP725050GLAT80,20Apr,270.4,410.0,0,134.9
1554,Hitachi HDS5C1050CLA382,20Sep,465.7,611.0,0,237.8
1555,Hitachi HDS5C3020ALA632,20Feb,1.8,732.0,0,79.9
1556,Hitachi HDS5C3030ALA630,20Jan,2.7,703.0,0,99.0
1557,Hitachi HDS721010DLE630,20Oct,931.5,995.0,0,112.8
1558,Hitachi HDS721010KLA330,20Dec,931.5,504.0,0,37.9
1559,Hitachi HDS721016CLA382,20Feb,97.7,399.0,0,219.2
1560,Hitachi HDS721032CLA362,20Dec,298.1,482.0,0,63.0
1561,Hitachi HDS721050CLA362,20Nov,465.8,677.0,0,98.0
1562,Hitachi HDS721050DLE630,20Jan,465.8,847.0,0,79.9
1563,Hitachi HDS721075DLE630,20Nov,698.5,816.0,0,89.9
1564,Hitachi HDS721680PLA380,20Nov,74.5,381.0,0,29.9
1565,Hitachi HDS722020ALA330,20Nov,1.8,653.0,0,171.9
1566,Hitachi HDS722512VLAT20,20Mar,19.5,284.0,0,35.5
1567,Hitachi HDS722525VLAT80,20Mar,232.9,324.0,0,116.0
1568,Hitachi HDS722540VLAT20,20Jan,38.3,242.0,0,117.0
1569,Hitachi HDS722580VLSA80,20Mar,76.7,332.0,0,45.0
1570,Hitachi HDS723015BLA642,20Feb,1.4,808.0,0,69.9
1571,Hitachi HDS723020ALA640,20Jun,1.8,880.0,0,69.9
1572,Hitachi HDS723020BLA642,20Dec,1.8,847.0,0,136.74
1573,Hitachi HDS723020BLE640,20Oct,1.8,1000.0,0,159.9
1574,Hitachi HDS723030ALA640,20Mar,97.6,801.0,0,99.0
1575,Hitachi HDS723030BLE640,20Mar,2.7,1109.0,0,192.0
1576,Hitachi HDS725050KLA360,20Mar,244.1,309.0,0,65.0
1577,Hitachi HDS725050KLA360,20Mar,244.1,309.0,0,65.0
1578,Hitachi HDS728080PLAT20,20Feb,76.7,294.0,0,64.9
1579,Hitachi HDT721010SLA360,20Feb,931.5,595.0,0,149.8
1580,Hitachi HDT721032SLA360,20Mar,58.6,627.0,0,26.0
1581,Hitachi HDT721064SLA360,20Feb,596.2,546.0,0,20.9
1582,Hitachi HDT722516DLA380,20Dec,78.1,363.0,0,55.0
1583,Hitachi HDT725032VLA360,20Dec,298.1,418.0,0,47.1
1584,Hitachi HDT725032VLA380,20Jan,298.1,400.0,0,45.0
1585,Hitachi HTC426040G9AT00,20Mar,37.3,116.0,0,16.0
1586,Hitachi HTC426060G9AT00,20Apr,55.9,147.0,0,59.9
1587,Hitachi HTS541010A9E680,20Oct,931.5,618.0,0,64.6
1588,HITACHI HTS541075A9E680,20Dec,698.6,535.0,0,72.8
1589,Hitachi HTS541612J9SA00,20Dec,111.8,210.0,0,69.9
1590,HITACHI HTS541660J9SA00,20Mar,49.9,193.0,0,49.9
1591,Hitachi HTS542516K9SA00,20Jan,149.0,274.0,0,55.0
1592,Hitachi HTS543216A7A384,20Jan,149.0,411.0,0,35.0
1593,Hitachi HTS543216L9A300,20Mar,103.9,331.0,0,18.9
1594,Hitachi HTS543225A7A384,20Oct,232.9,307.0,0,142.2
1595,Hitachi HTS543232A7A384,20Oct,298.1,487.0,0,18.1
1596,Hitachi HTS543232L9SA00,20Mar,298.1,340.0,0,83.0
1597,Hitachi HTS545016B9A300,20Aug,149.0,337.0,0,52.0
1598,Hitachi HTS545016B9SA00,20Feb,149.0,341.0,0,79.9
1599,Hitachi HTS545032A7E380,20Aug,298.1,403.0,0,78.8
1600,Hitachi HTS545050A7E380,20Oct,465.8,648.0,0,95.15
1601,Hitachi HTS547550A9E384,20May,465.8,459.0,0,50.0
1602,Hitachi HTS547564A9E384,20Jan,596.2,434.0,0,54.9
1603,Hitachi HTS547575A9E384,20Jan,698.6,501.0,0,74.0
1604,Hitachi HTS548040M9AT00,20Feb,34.5,189.0,0,40.9
1605,Hitachi HTS722012K9A300,20Apr,111.7,328.0,0,78.8
1606,Hitachi HTS723225A7A364,20May,232.9,541.0,0,60.0
1607,HITACHI HTS723225A7A365,20Jun,232.9,536.0,0,29.9
1608,Hitachi HTS723232A7A364,20Jan,298.1,624.0,0,29.9
1609,Hitachi HTS723232L9A360,20Feb,298.1,441.0,0,199.9
1610,Hitachi HTS725032A7E630,20Nov,298.1,611.0,0,41.9
1611,Hitachi HTS725032A9A364,20Dec,298.1,568.0,0,55.0
1612,HITACHI HTS725050A7E630,20Apr,465.8,769.0,0,93.0
1613,Hitachi HTS725050A9A360,20Dec,465.8,594.0,0,43.9
1614,Hitachi HTS725050A9A364,20Dec,465.8,642.0,0,94.9
1615,Hitachi HTS727550A9E364,20Jul,465.8,671.0,0,29.9
1616,Hitachi HTS727564A9E364,20Oct,596.2,700.0,0,73.2
1617,Hitachi HTS727575A9E364,20Jul,698.6,637.0,0,98.9
1618,Hitachi HUA721010KLA330,20Mar,931.5,506.0,0,39.9
1619,Hitachi HUA721050KLA330,20Jun,465.8,509.0,0,24.9
1620,Hitachi HUA722010CLA330,20Apr,931.4,696.0,0,120.7
1621,Hitachi HUA722010CLA331,20Dec,931.5,745.0,0,29.9
1622,Hitachi HUA722020ALA330,20Dec,1.8,693.0,0,36.0
1623,Hitachi HUA722020ALA331,20Nov,1.8,702.0,0,37.5
1624,Hitachi HUA723020ALA640,20Jan,1.8,886.0,0,40.0
1625,Hitachi HUA723020ALA641,20Mar,1.8,903.0,0,99.0
1626,Hitachi HUA723030ALA640,20Jul,2.7,997.0,0,5050.0
1627,HITACHI HUS154545VLS300,20Oct,419.2,926.0,0,28.0
1628,HITACHI HUS156030VLS600,20Oct,279.4,1097.0,0,49.9
1629,HITACHI HUS156045VLS600,20Jan,419.2,1200.0,0,105.2
1630,HITACHI HUS156060VLS600,20Feb,558.9,1261.0,0,99.9
1631,Hitachi HUS724020ALA640,20Apr,1.8,1073.0,0,86.9
1632,HP GB1000EAFJL,20Nov,931.5,637.0,0,138.0
1633,HP Secure Hard,20Jan,465.8,857.0,0,513.9
1634,HP SSD EX900 120GB,20Dec,111.8,8405.0,1,29.9
1635,HP SSD EX900 1TB,20Feb,953.9,11799.0,1,119.9
1636,HP SSD EX900 250GB,20Mar,232.9,10516.0,1,44.99
1637,HP SSD EX900 500GB,20Jul,465.8,13090.0,1,65.9
1638,HP SSD EX920 1TB,20Apr,953.9,18559.0,1,144.99
1639,HP SSD EX920 256GB,20Aug,238.5,13015.0,1,50.99
1640,HP SSD EX920 512GB,20Apr,476.9,18831.0,1,84.99
1641,HP SSD EX950 1TB,20Mar,953.9,19045.0,1,144.99
1642,HP SSD EX950 2TB,20Jun,1.8,21100.0,1,254.9
1643,HP SSD EX950 512GB,20Feb,476.9,17703.0,1,79.99
1644,HP SSD M700 120GB,20Dec,111.8,2937.0,1,22.9
1645,HP SSD S700 120GB,20Sep,111.8,3251.0,1,26.99
1646,HP SSD S700 250GB,20Sep,232.9,3291.0,1,34.9
1647,HP SSD S700 500GB,20Mar,465.8,2818.0,1,64.99
1648,HP SSD S700 Pro 512GB,20Jun,476.9,4357.0,1,58.9
1649,HP SSD v300a 240GB,20Dec,223.6,3399.0,1,124.9
1650,Intel 525 30GB SSDMCEAC030B3,20Jun,28.0,1519.0,1,59.9
1651,INTEL 525 90GB SSDMCEAC090B3,20Mar,83.8,2470.0,1,135.6
1652,Intel 600p Series 128GB,20Sep,119.2,4752.0,1,64.9
1653,Intel 600P Series 1TB,20Nov,953.9,8296.0,1,315.0
1654,Intel 600p Series 256GB,20Aug,238.5,7993.0,1,99.99
1655,Intel 600P Series 512GB,20Sep,476.9,9292.0,1,119.0
1656,INTEL 730 240GB SSDSC2BP240G4,20Apr,223.6,3081.0,1,173.5
1657,INTEL 730 480GB SSDSC2BP480G4,20Apr,447.1,4186.0,1,528.0
1658,Intel DC P3500 2TB NVMe,20Aug,1.8,14021.0,1,1199.9
1659,Intel DC P3500 400GB NVMe,20Aug,372.6,11434.0,1,285.1
1660,Intel DC P3600 1.2TB NVMe,20Sep,1.1,14301.0,1,976.9
1661,Intel DC P3600 1.6TB NVMe,20May,1.5,14173.0,1,774.9
1662,Intel DC P3600 400GB NVMe,20Jun,372.6,8776.0,1,445.0
1663,Intel DC P3600 800GB NVMe,20Sep,745.2,10217.0,1,880.7
1664,Intel DC P3700 2TB NVMe,20Nov,1.8,14785.0,1,599.9
1665,Intel DC P3700 400GB NVMe,20Dec,372.6,11925.0,1,289.9
1666,Intel DC P3700 800GB NVMe,20Jul,745.2,13887.0,1,740.0
1667,Intel Optane 900P 280GB,20Nov,260.8,22683.0,1,398.88
1668,Intel Optane 900P 480GB,20Nov,447.1,23787.0,1,633.99
1669,INTEL Optane SSD 32GB,20Jun,27.2,7332.0,1,88.0
1670,Intel Optane SSD 800P 118GB,20Mar,110.3,10048.0,1,211.6
1671,Intel SSD 311 20GB mSATA,20Mar,18.6,1297.0,1,129.9
1672,Intel SSD 313 24GB,20Sep,22.4,1078.0,1,149.0
1673,Intel SSD 320 120GB 9.5mm,20Apr,111.8,1621.0,1,118.0
1674,Intel SSD 320 160GB 7mm,20Aug,149.0,1862.0,1,127.2
1675,Intel SSD 320 160GB 9.5mm,20Mar,149.0,1503.0,1,24.9
1676,Intel SSD 320 160GB mSATA,20Feb,149.0,1712.0,1,151.5
1677,Intel SSD 320 300GB 9.5mm,20Apr,279.5,2039.0,1,109.9
1678,Intel SSD 320 300GB mSATA,20Sep,279.5,1809.0,1,318.8
1679,Intel SSD 320 40GB 7mm,20Jun,37.3,965.0,1,81.4
1680,Intel SSD 320 600GB 9.5mm,20May,558.8,1797.0,1,373.1
1681,Intel SSD 320 80GB 7mm,20Jun,74.5,1352.0,1,69.4
1682,Intel SSD 320 80GB 9.5mm,20Apr,74.5,1310.0,1,102.0
1683,Intel SSD 320 80GB mSATA,20Jul,74.5,1330.0,1,121.9
1684,Intel SSD 330 120GB,20Apr,111.8,3114.0,1,37.4
1685,Intel SSD 330 240GB,20Oct,223.6,3261.0,1,197.0
1686,Intel SSD 330 80GB,20Jul,74.5,2569.0,1,104.9
1687,Intel SSD 510 120GB,20Mar,111.8,2780.0,1,364.9
1688,Intel SSD 510 250GB,20Mar,232.8,2693.0,1,544.7
1689,Intel SSD 520 120GB SSDSC2CW120,20Feb,111.8,3341.0,1,129.9
1690,Intel SSD 520 120GB SSDSC2CW120A3,20Sep,111.8,3182.0,1,75.3
1691,Intel SSD 520 180GB 9.5mm,20Mar,167.7,3363.0,1,184.7
1692,Intel SSD 520 240GB 9.5mm,20Feb,223.6,4163.0,1,239.9
1693,Intel SSD 520 480GB 9.5mm,20Oct,447.1,3619.0,1,499.9
1694,Intel SSD 520 60GB SSDSC2CW060,20Mar,55.9,2333.0,1,97.3
1695,Intel SSD 525 240GB,20Apr,223.6,3704.0,1,139.9
1696,Intel SSD 525 60GB,20Jun,55.9,2352.0,1,69.0
1697,Intel SSD 530 120GB mSATA,20Dec,111.8,2976.0,1,69.9
1698,Intel SSD 530 180GB M.2,20Jul,167.7,3586.0,1,57.0
1699,Intel SSD 530 180GB mSATA,20Oct,167.7,3394.0,1,139.0
1700,"Intel SSD 530 240GB 2.5""",20Jul,223.6,3735.0,1,149.9
1701,Intel SSD 530 240GB mSATA,20Dec,223.6,3037.0,1,159.0
1702,Intel SSD 530 80GB M.2,20Dec,74.5,3041.0,1,83.9
1703,Intel SSD 530 80GB mSATA,20Jun,74.5,2345.0,1,155.2
1704,Intel SSD 535 120GB M.2,20Nov,111.8,3605.0,1,176.2
1705,Intel SSD 535 180GB M.2,20Oct,167.7,3902.0,1,200.0
1706,Intel SSD 535 240GB M.2,20Jan,223.6,4253.0,1,177.9
1707,Intel SSD 535 360GB M.2,20Sep,335.3,3855.0,1,49.9
1708,Intel SSD 540s 120GB M.2,20Jun,111.8,3636.0,1,149.9
1709,Intel SSD 540s 180GB M.2,20Feb,167.7,4319.0,1,104.4
1710,Intel SSD 540s 240GB M.2,20May,223.6,4348.0,1,119.9
1711,Intel SSD 540s 480GB M.2,20Jun,447.1,4207.0,1,72.8
1712,"Intel SSD 545s 128GB 2.5""",20Dec,119.2,2963.0,1,52.9
1713,Intel SSD 545s 128GB M.2,20Jul,119.2,2830.0,1,43.9
1714,Intel SSD 545s 256GB M.2,20Nov,238.5,3861.0,1,42.5
1715,Intel SSD 545s 512GB M.2,20Apr,476.9,4176.0,1,91.9
1716,Intel SSD 660p 1TB,20Oct,953.9,13167.0,1,118.99
1717,Intel SSD 660p 2TB,20Oct,1.9,14117.0,1,269.99
1718,Intel SSD 660p 512GB,20Aug,476.9,9963.0,1,72.99
1719,Intel SSD 710 100GB,20Nov,93.2,1794.0,1,315.0
1720,Intel SSD 710 300GB,20Jul,279.5,1929.0,1,75.4
1721,Intel SSD 750 400GB NVMe,20Sep,372.6,12065.0,1,395.0
1722,Intel SSD 750 800GB NVMe,20Oct,745.2,11065.0,1,715.0
1723,Intel SSD 760P 1TB,20May,953.9,17120.0,1,231.9
1724,Intel SSD 760p 256GB,20Feb,238.5,13073.0,1,69.99
1725,Intel SSD 760p 512GB,20Mar,476.9,15543.0,1,170.9
1726,Intel SSD DC P3100 256GB,20Aug,238.5,8402.0,1,159.9
1727,Intel SSD DC S3500 120GB,20Nov,111.8,2193.0,1,249.9
1728,Intel SSD DC S3500 160GB,20Jan,149.0,2696.0,1,209.8
1729,Intel SSD DC S3500 300GB,20Aug,279.5,3069.0,1,350.0
1730,Intel SSD DC S3500 480GB,20Nov,447.1,3577.0,1,99.9
1731,Intel SSD DC S3500 600GB,20Dec,558.9,3994.0,1,113.3
1732,Intel SSD DC S3510 80GB,20Nov,74.5,2060.0,1,212.9
1733,Intel SSD DC S3610 200GB,20Mar,186.3,3181.0,1,175.0
1734,Intel SSD DC S3610 400GB,20Jul,372.5,3865.0,1,229.5
1735,Intel SSD DC S3700 100GB,20Jul,93.2,2528.0,1,59.9
1736,Intel SSD DC S3700 800GB,20Mar,745.2,3534.0,1,600.0
1737,Intel SSD DC S3710 200GB,20Apr,186.3,3591.0,1,216.3
1738,Intel SSD DC S3710 800GB,20Nov,745.2,4106.0,1,549.0
1739,Intel SSD E 6000p 256GB,20Jan,238.5,6777.0,1,169.9
1740,Intel SSD Pro 1500 180GB,20Nov,167.7,3622.0,1,24.9
1741,Intel SSD Pro 1500 240GB,20Jan,223.6,3951.0,1,124.9
1742,Intel SSD Pro 1500 480GB,20May,447.1,3292.0,1,219.9
1743,Intel SSD Pro 2500 120GB,20Nov,111.8,2707.0,1,102.9
1744,Intel SSD Pro 2500 180GB M.2,20Dec,167.7,3898.0,1,149.0
1745,Intel SSD Pro 6000p 128GB,20Jan,119.2,4108.0,1,62.0
1746,Intel SSD Pro 6000p 1TB,20Mar,953.9,8309.0,1,330.0
1747,Intel SSD Pro 6000p 256GB,20Nov,238.5,10282.0,1,80.0
1748,Intel SSD Pro 6000p 512GB,20Nov,476.9,11257.0,1,129.9
1749,Intel SSD Pro 7600p Series 256GB,20Feb,238.5,13120.0,1,220.0
1750,Intel SSD Pro 7600p Series 512GB,20Jun,476.9,14410.0,1,132.0
1751,Intel SSD X18-M 80GB 34nm,20Jun,74.5,1260.0,1,115.0
1752,Intel SSD X25-E 32GB,20Mar,29.8,1635.0,1,49.0
1753,Intel SSD X25-E 64GB,20Mar,59.4,1755.0,1,75.6
1754,Intel SSD X25-M 160GB 34nm,20Aug,149.0,1567.0,1,89.0
1755,INTEL SSDPEKNW010T9,20Jan,953.9,15892.0,1,139.99
1756,INTEL SSDSC2BA40,20Nov,372.6,3278.0,1,395.0
1757,INTEL SSDSC2BB240G7,20May,223.6,2555.0,1,59.0
1758,INTEL SSDSC2BB300G,20Mar,279.5,3926.0,1,159.9
1759,INTEL SSDSC2BW240A,20Sep,223.6,4060.0,1,189.0
1760,INTEL SSDSCIHW120A4,20Mar,111.8,3005.0,1,156.6
1761,INTEL SSDSCKHW120A4,20Nov,111.8,3153.0,1,89.9
1762,INTEL SSDSCKHW240A4,20Dec,223.6,3956.0,1,149.0
1763,KingDian S180 60GB,20Jan,55.9,1083.0,1,31.9
1764,KingDian S200 120GB,20Jul,111.8,2191.0,1,31.9
1765,KingDian S280-120GB,20Apr,111.8,3126.0,1,65.9
1766,KingDian S280-240GB,20Mar,223.6,3334.0,1,72.9
1767,KingSpec Challenger C3000-120,20Feb,111.8,2137.0,1,199.9
1768,KingSpec KSD-ZF18.6-064MS,20May,59.0,354.0,1,51.4
1769,Kingston HyperX 120GB SH100S3120G,20Aug,111.8,3507.0,1,253.3
1770,Kingston HyperX 3K 120GB SH103S3120G,20May,111.8,3462.0,1,119.9
1771,Kingston HyperX 3K 240GB SH103S3240G,20Apr,223.6,4036.0,1,194.9
1772,Kingston HyperX 480GB SH100S3480G,20Nov,447.1,3676.0,1,499.9
1773,KINGSTON KINGSTON SH103S3,20Jun,223.6,4043.0,1,129.2
1774,KINGSTON KINGSTON SHFS37A,20Jul,111.8,2685.0,1,65.9
