name,DDR3_4,size,latency,readRate,writeRate,Price,RAMmark
G Skill Intl F3-12800CL9-4GBRL,0,4,38.39130435,13.8,8.9,22.99,542.4474727
G Skill Intl F3-12800CL10-8GBXL,0,8,40.6,13.7,8.5,38.99,513.0729794
Corsair CMZ16GX3M2A1600C9,0,8,39,14.7,9.2,106.99,534.2963497
Corsair CMZ16GX3M4A1600C9,0,4,40.44827586,13.5,9.3,109.99,515.1710677
Corsair CMW16GX4M2C3200C16,1,8,26.92307692,18.7,14.6,114.99,773.8804524
Corsair CMK32GX4M2A2666C16 ,1,16,31.8490566,17.2,12.9,129.99,654.5834331
Corsair CMY16GX3M2A1866C9,0,8,37.31578947,14.6,9.3,139.98,558.1913703
Micron Technology 8JTF51264AZ-1G6E1,0,4,42.42857143,13.3,7.9,14.08,490.9275102
Corsair CMU16GX4M2C3000C15,1,8,27.70833333,19,14.4,159.63,752.1513128
Samsung M471A2K43BB1-CPB ,1,16,38.5,13.4,8.5,164.99,540.7483201
Corsair CMK32GX4M2B3000C15 ,1,16,31.8,17.7,13.8,169.99,655.9227047
Corsair CMK32GX4M2B3200C16 ,1,16,27.93814433,18.8,14.7,179.99,746.074862
Corsair CMK32GX4M2B3200C16 ,1,16,27.93814433,18.8,14.7,18.99,746.074862
Corsair CMU16GX4M2C3200C16,1,8,26.73913043,18.8,13.9,199.99,778.9735265
G Skill Intl F3-12800CL9-4GBXL,0,4,38.76271186,14.1,9.2,24.99,537.4328047
Corsair CMZ4GX3M1A1600C9,0,4,37,13.2,8.3,24.99,562.3894209
Corsair CMY16GX3M2A2400C11,0,8,36.70833333,15.6,10.3,259,567.7971919
Samsung M471B5173DB0-YK0,0,4,42.13333333,12.7,8.3,27.54,494.3458257
G Skill Intl F3-14900CL9-4GBXL,0,4,32.75,15.4,10.5,29.99,635.7715349
Corsair CML16GX3M4A1600C9,0,4,40.11111111,14.1,8.9,299.99,519.4500818
Samsung M471A2K43CB1-CTD ,1,16,35.90196078,16,11,30.99,580.6908466
Crucial Technology BLS4G3D1609DS1S00.,0,4,36.68292683,15.4,9.9,34.99,568.0394438
Samsung M471A1K43CB1-CTD,1,8,34.96,16,11.6,35.51,596.3486256
Samsung M471B5173QH0-YK0,0,4,43.125,11.6,8.1,40,482.8370545
Samsung M471A1K43CB1-CRC,1,8,39.84090909,13.8,9.6,40.49,523.0855379
G Skill Intl F3-14900CL10-8GBXL,0,8,38.125,14.2,8.9,41.99,546.2710431
Corsair CMZ8GX3M1A1600C10,0,8,39.4,13.2,8.3,42.61,528.4127574
Corsair CMZ8GX3M1A1600C10,0,8,39.4,13.2,8.3,44.99,528.4127574
Samsung M471A1G43DB0-CPB,1,8,38.71794872,14,10.4,45,538.3696596
Corsair CMZ8GX3M2A1600C9,0,4,37.8375,14.3,9,48.99,550.4295415
Samsung M471B1G73DB0-YK0,0,8,44.69565217,11.8,8.3,49.99,466.1106049
Crucial Technology CT102464BA160B.C16,0,8,40.17647059,13.4,8.2,50.39,518.2955129
Corsair CMX8GX3M2A1600C9,0,4,38.125,14.3,8.6,52.49,546.2035845
Samsung M471A2K43CB1-CRC ,1,16,37.71052632,14,8.4,60,552.0453578
Corsair CML8GX3M2A1600C9,0,4,39.61538462,14.5,8.8,61.04,525.928952
Corsair CMK16GX4M2A2133C13,1,8,34.59259259,15.9,11.6,67.99,602.6013708
Corsair CMK16GX4M2A2400C16,1,8,30.79487179,16.7,11.9,67.99,676.3980252
Samsung M378B1G73DB0-CK0,0,8,42.5,12.8,8.6,68.75,490.2216519
Corsair CMK16GX4M2A2666C16,1,8,30.89189189,17.1,12.7,69.99,674.5875216
Corsair CMK16GX4M2A2400C14,1,8,32.83018868,16.5,11.9,69.99,634.8159426
Corsair CML16GX3M2A1600C10,0,8,43.22727273,13.1,8,76,481.9339692
Corsair CMZ16GX3M2A1600C10,0,8,39.76190476,14.1,9.2,76.99,524.0534416
Corsair CMY16GX3M2A1600C9,0,8,39.26315789,14.4,9,77.99,530.6416879
Crucial Technology BLT8G3D1608DT1TX0.,0,8,38.5,14.9,9,79.89,541.1467122
Crucial Technology BLS8G3D1609DS1S00.,0,8,37.75925926,14.4,9.3,79.99,551.6615134
Corsair CMK16GX4M2B3000C15,1,8,28.97037037,18.1,13.6,87.99,719.3242104
Corsair CMZ8GX3M2A1866C9,0,4,33.83333333,13.8,8.7,89.7,614.8115316
Corsair CMK16GX4M2B3200C16,1,8,28.95918367,18.3,13.9,89.99,719.7183298
Kingston KHX1600C9D3/4GX,0,4,38.84090909,14.1,8.9,24.97,536.2762859
Kingston KHX1600C10D3/8G,0,8,38.85227273,14,8.7,47.28,536.0473073
Kingston KHX1866C10D3/8G,0,8,36.85057471,15.1,10.1,46.19,565.4848692
Kingston KHX1866C10D3/8G,0,8,36.85057471,15.1,10.1,17.91,565.4848692
G Skill Intl F3-2400C10-8GTX,0,8,36.625,15.9,11.1,84.32,569.3535244
SK Hynix HMA81GS6AFR8N-UH,1,8,37.91428571,13.8,9.8,37.99,549.4647523
Kingston KHX2400C11D3/8GX,0,8,36.5,15.2,10.3,35.99,570.9375535
Kingston KHX2133C14D4/8G,1,8,33.82142857,15.7,10.9,35.99,615.9727563
G Skill Intl F4-3200C16-8GTZR,1,8,27.93700787,18.5,14.1,50.99,745.8842064
G Skill Intl F4-3200C16-8GVKB,1,8,26.94871795,19,14.4,67.99,773.1461576
Samsung M471B1G73QH0-YK0,0,8,45.60526316,11.3,7.7,34.88,456.645939
G Skill Intl F4-2400C15-8GVR,1,8,31.87096774,16.5,12,36.99,653.7639878
Hynix Semiconductor (Hyundai Electronics) HMA41GS6AFR8N-TF,1,8,28,13.8,10.4,35.99,742.3722535
Kingston KHX1600C10D3/8GX,0,8,43.32,13.7,8.7,46.19,481.2124056
Kingston KHX2666C15D4/8G,1,8,31.71428571,16.5,12.1,35.99,656.9913568
G Skill Intl F3-1600C9-8GXM,0,8,40.4,13.7,8.5,48.99,515.5894394
Kingston KHX2400C11D3/4GX,0,4,35.48148148,15.9,10.7,15.99,587.4013471
Hynix Semiconductor (Hyundai Electronics) HMT41GS6AFR8A-PB,0,8,31,11.3,8,67.99,669.9369172
Kingston KHX2400C15/8G,1,8,29.89393939,16.8,11.9,35.99,696.6127048
Kingston KHX2133C14/8G,1,8,32.7804878,15.2,10.2,35.99,635.06651
SK Hynix HMA41GS6AFR8N-TF,1,8,37.88235294,13.9,9.9,35.83,549.9689585
G Skill Intl F4-3200C16-16GVK ,1,16,28.87931034,18.3,14.2,59.99,721.7739891
G Skill Intl F3-2400C10-4GTX,0,4,33.29411765,16.9,11.4,25.99,625.9840719
Kingston KHX1600C9D3/8GX,0,8,39.5483871,14.3,9.2,45.63,526.8899966
G Skill Intl F4-3200C16-8GTZB,1,8,33.33333333,16.3,12.2,42.35,625.3775119
Kingston KHX2133C14D4/4G,1,4,31.72413793,16.4,11.6,23.99,656.6310764
Kingston KHX2400C15D4/8G,1,8,30.57894737,17.4,12.9,36.99,681.5324396
SK Hynix HMA81GS6CJR8N-VK,1,8,33.90909091,15.9,11.2,35.95,614.5141769
G Skill Intl F3-14900CL9-4GBSR,0,4,35.72727273,15.5,10.1,21.99,583.1618971
Kingston MSI24D4S7S8MB-8,1,8,34.54545455,14.5,10.4,37.59,602.8367743
G Skill Intl F3-17000CL11-4GBXL,0,4,33.08333333,16.5,11.1,25.99,629.7802053
SK Hynix HMT41GS6BFR8A-PB,0,8,45.72727273,12,8.2,30.99,455.6996145
Kingston KHX3000C15D4/8GX,1,8,29.6,17.7,13.5,46.54,704.074088
G Skill Intl F4-3000C16-8GTZR,1,8,27.8,18.6,14.3,42.5,749.5985031
Kingston KHX2133C11D3/8GX,0,8,37.23529412,15.1,10.3,41.99,559.7548265
A-DATA Technology DDR4 2400 2OZ,1,8,31.68,16.4,12.3,35.99,657.7348821
SK Hynix HMA82GS6AFR8N-UH ,1,16,36.74358974,14.1,9.2,67,566.6901072
Micron Technology 16KTF1G64HZ-1G6E1,0,8,43.6,11.8,7.8,50,477.5730606
Kingston KHX2666C16/8G,1,8,29.90243902,17.4,12.9,36.99,696.8014696
Kingston KHX3200C16D4/8GX,1,8,26.90540541,19.1,15.1,24.95,774.593584
Samsung M378B5173DB0-CK0,0,4,41.21052632,13.7,8,18.99,505.4012126
Samsung M378B5173DB0-CK0,0,4,41.21052632,13.7,8,27.22,505.4012126
Corsair CMW16GX4M2K3600C16 8GB,1,8,16,22.3,19,229.9,1299.05967
Corsair CMK16GX4M2F4500C19 8GB,1,8,16,22.2,17.7,898.1,1298.675842
Corsair CMK16GX4M2K4266C19 8GB,1,8,17,20.9,18.1,269.9,1222.690645
Corsair CMW32GX4M4C3200C14 8GB,1,8,17,21.6,17.3,409.9,1222.585105
Corsair CMD8GX4M2B4000C19 4GB,1,4,18,21.4,18.5,415.6,1155.444838
Corsair CMD8GX4M2B3866C18 4GB,1,4,18,21.2,17.7,257.2,1155.184879
Corsair CMT32GX4M4C3200C14 8GB,1,8,18,20.2,17.9,519.9,1155.069713
Corsair CMD16GX4M2B3600C18 8GB,1,8,18,20.9,16.6,239.9,1154.823146
Corsair CMD16GX4M2B3466C16 8GB,1,8,18,20.8,16.6,351.5,1154.805988
Corsair CMW16GX4M2K4266C19 8GB,1,8,18,20.6,16.2,478.5,1154.658851
Corsair CMW16GX4M2C3200C14 8GB,1,8,18,20.4,16.2,214.9,1154.624536
Corsair CMK16GX4M2B3733C17 8GB,1,8,18,19,15,199.9,1154.045864
Crucial Technology BLS8G4D32AESTK.M8FE 8GB,1,8,19,20.4,17.4,38.9,1094.617996
Corsair CMK64GX4M8X3600C18 8GB,1,8,19,20.2,17.2,729.9,1094.52727
Corsair CMK32GX4M2B3333C16 16GB,1,16,19,20.7,16.6,349.9,1094.443826
Corsair CMK16GX4M4B3733C17 4GB,1,4,19,20.3,16.7,209.9,1094.403401
Crucial Technology BLS8G4D32AESEK.M8FE 8GB,1,8,19,19.3,16.2,38.9,1094.090797
Corsair CMK8GX4M2B3600C18 4GB,1,4,19,20,15.6,167.3,1094.041668
Mushkin 99[2/7/4]205[F/T] 8GB,1,8,19,19.3,13.8,88.9,1093.413866
Corsair CMK32GX4M2B3466C16 16GB,1,16,20,20.2,15.8,764,1039.82189
Corsair CMK32GX4M4B3866C18 8GB,1,8,20,19.9,15.2,883.1,1039.601184
Corsair CMD8GX4M2B3200C16 4GB,1,4,20,19.3,15.4,79.9,1039.554649
Corsair CMR32GX4M4C3000C16 8GB,1,8,20,19,15.5,764.4,1039.531381
Corsair CMD16GX4M2E4000C19 8GB,1,8,20,19.4,15.2,279.9,1039.515396
Corsair CMU16GX4M2D3000C16 8GB,1,8,20,19.7,14.9,335,1039.482252
Corsair CMK64GX4M4K3733C17 16GB,1,16,20,19.4,15,839.9,1039.458985
Corsair CMK16GX4M2Z2933C16 8GB,1,8,20,19.6,14.8,201.4,1039.436889
Corsair CMK32GX4M4B3733C17 8GB,1,8,20,19.8,14.6,668.2,1039.414794
Corsair CMD16GX4M2B3866C18 8GB,1,8,20,19.2,14.8,259.9,1039.368259
Corsair CMD32GX4M4B3600C16 8GB,1,8,20,18.7,15,897.6,1039.338881
Corsair CMW32GX4M4C3466C16 8GB,1,8,20,19.1,14.6,279.9,1039.29469
Corsair CMR32GX4M2C3000C15 16GB,1,16,20,19.2,14.5,383.6,1039.283642
Corsair CMK32GX4M4B3200C14 8GB,1,8,20,19,14.5,284.9,1039.249327
Crucial Technology BLS8G4D32AESCK.M8FE 8GB,1,8,20,18.4,14.7,38.9,1039.202792
Crucial Technology BLT4G4D30AETA.K8FE 4GB,1,4,20,18.5,14.3,34.9,1039.107128
Corsair CMK16GX4M2B3466C16 8GB,1,8,20,18.9,13.8,189.9,1039.034731
Corsair CMD32GX4M2B3466C16 16GB,1,16,20,19.7,13.3,699.9,1039.030965
Corsair CMR128GX4M8C3000C16 16GB,1,16,21,19.7,15.9,999.9,990.6262314
Crucial Technology BLS16G4D32AEST.M16FE 16GB,1,16,21,18.8,15.3,77.9,990.3025799
Corsair CMR32GX4M2D3000C16 16GB,1,16,21,18.9,15.1,235.9,990.2633267
Corsair CMK8GX4M2B3733C17 4GB,1,4,21,19.4,14.6,226.1,990.2080878
Corsair CMK32GX4M4K4133C19 8GB,1,8,21,18.9,14.9,519.9,990.2069158
Corsair CMK64GX4M4B3466C16 16GB,1,16,21,18.8,14.8,579.9,990.1615527
Crucial Technology BLE8G4D30AEEA.K16FE 8GB,1,8,21,18.8,14.6,49.9,990.1051418
Corsair CMD16GX4M4C3200C16 4GB,1,4,21,18.6,14.6,429.9,990.0708265
Crucial Technology BLS16G4D30BESB.16FD 16GB,1,16,21,19,14.3,62.9,990.0548408
Corsair CMK32GX4M4Z3200C16 8GB,1,8,21,18.1,14.7,346.5,990.0132436
Corsair CMK32GX4M2L3000C15 16GB,1,16,21,18.5,14.3,744.2,989.9690525
Corsair CMK16GX4M2K4400C19 8GB,1,8,21,18,14.6,692.6,989.9678806
Corsair CMD8GX4M2B3000C15 4GB,1,4,21,18.5,14.2,291,989.9408471
Crucial Technology BLS8G4D30AESEK.M8FE 8GB,1,8,21,18.5,14.2,36.9,989.9408471
Corsair CMK32GX4M4B3466C16 8GB,1,8,21,18.1,14.4,389.9,989.9286273
Corsair CMW16GX4M2Z2933C16 8GB,1,8,21,18,13.8,94.9,989.7422371
Corsair CMR16GX4M2D3000C16 8GB,1,8,21,18.3,13.3,146.5,989.6526828
Corsair CMK8GX4M2B4000C19 4GB,1,4,21,18.1,13.4,140.3,989.646573
Crucial Technology BLS4G4D26BFSB.8FBR2 4GB,1,4,21,17.7,13.6,115.3,989.6343532
Corsair CMW64GX4M8X3600C18 8GB,1,8,21,17.2,13.1,619.9,989.4075377
Crucial Technology BLS16G4D30CEST.16FD 16GB,1,16,21,17.7,12.1,69.9,989.2112716
Corsair CMK16GX4M1C3000C16 16GB,1,16,21,18.4,9.8,383.9,988.6826502
Corsair CMT32GX4M4K3600C16 8GB,1,8,21.75,20.9,17.9,529.9,957.5079042
Crucial Technology BLE8G4D36BEEAK.M8FE1 8GB,1,8,21.8,21.3,17.5,77.9,955.2873985
Corsair CMD32GX4M4B3466C16 8GB,1,8,22,15.7,17.2,644.5,945.6356181
Corsair CMK32GX4M4E4133C19 8GB,1,8,22,19.1,14.7,499.9,945.5138426
Corsair CMW64GX4M4C3466C16 16GB,1,16,22,18.2,15.2,499.9,945.5004508
Corsair CMR16GX4M2Z3200C16 8GB,1,8,22,18.7,14.7,293.3,945.445212
Corsair CMR32GX4M4C3333C16 8GB,1,8,22,18.2,14.8,848,945.3876291
Corsair CMR32GX4M2C3333C16 16GB,1,16,22,18.8,14.4,507.6,945.3777533
Corsair CMT32GX4M4C3000C15 8GB,1,8,22,18,14.8,249.9,945.3533138
Corsair CMW16GX4M2K4000C19 8GB,1,8,22,17.8,14.8,535.7,945.3189985
Corsair CMR32GX4M4C3600C18 8GB,1,8,22,18.2,14.5,649.9,945.3030128
Mushkin MR[A/B]4U300JJJM16G 16GB,1,16,22,18.4,14.3,214.9,945.2809172
Corsair CMR32GX4M4C3466C16 8GB,1,8,22,17.8,14.6,523.3,945.2625876
Corsair CMD8GX4M2B3600C18 4GB,1,4,22,18.1,14.4,179.9,945.2576497
Corsair CMK16GX4M4B3400C16 4GB,1,4,22,17.9,14.5,199.9,945.2515398
Corsair CMT64GX4M4K3600C18 16GB,1,16,22,18,14.4,689.9,945.240492
Crucial Technology BLS16G4D30AESE.M16FE 16GB,1,16,22,18.9,13.8,74.9,945.2256783
Corsair CMU32GX4M4C3466C16 8GB,1,8,22,17.9,14.2,349.9,945.1669235
Corsair CMK16GX4M2B3200C14 8GB,1,8,22,18.2,13.9,174.9,945.1337802
Corsair CMK32GX4M2K4133C19 16GB,1,16,22,18.9,13.4,849.9,945.1128566
Corsair CMK16GX4M2B2800C14 8GB,1,8,22,18.4,13.7,126.9,945.1116846
Corsair CMD16GX4M4B3200C15 4GB,1,4,22,17.7,14.1,297.4,945.1044027
Corsair CMU32GX4M2C3000C16 16GB,1,16,22,18.4,13.5,623.8,945.0552737
Corsair CMD16GX4M2C3333C16 8GB,1,8,22,17.7,13.8,169.9,945.0197864
Corsair CMK8GX4M2C3000C16 4GB,1,4,22,17.5,13.9,96.9,945.0136766
Corsair CMK16GX4M4B3200C15 4GB,1,4,22,17.6,13.7,169.9,944.9744233
Mushkin MR[A/B]4U266GHHF8G 8GB,1,8,22,17.8,13.3,281.3,944.8959169
Corsair CMU32GX4M4C3400C16 8GB,1,8,22,17.7,13.3,329.9,944.8787592
Corsair CMD32GX4M4A2400C12 8GB,1,8,22,17.7,13.1,259.9,944.8223484
Corsair CMK8GX4M2A2800C16 4GB,1,4,22,17.4,13.1,68.9,944.7708754
Corsair CMU32GX4M4C3200C16 8GB,1,8,22,17.3,13,358.1,944.7255123
Crucial Technology BLE4G4D32AEEA.K8FE 4GB,1,4,22,17.6,12.8,144.2,944.7205744
Crucial Technology BLS16G4D26BFSB.16FBD 16GB,1,16,22,17.9,12.6,169.8,944.7156365
Corsair CMD16GX4M4B3400C16 4GB,1,4,22,17,13.1,249.9,944.7022448
Corsair CMSX16GX4M2A3000C16 8GB,1,8,22,16.7,13,129.9,944.6225664
Corsair CMD16GX4M2B2400C10 8GB,1,8,22,17.6,12.4,192.9,944.6077527
Corsair CMW32GX4M4K4000C19 8GB,1,8,22.33333333,20.6,18,755.9,932.7006358
Corsair CMK16GX4M2C3333C16 8GB,1,8,22.66666667,20.9,16.8,93.9,918.8240965
Corsair CMT16GX4M2C3600C18 8GB,1,8,23,20,16.5,179.9,905.3894146
Corsair CMW64GX4M4A2666C16 16GB,1,16,23,17.8,14.1,299.9,904.3350156
Corsair CMR64GX4M4C3000C15 16GB,1,16,23,18.4,13.6,769.9,904.2969344
Corsair CMR32GX4M4D3000C16 8GB,1,8,23,17.2,14.2,470.8,904.2602751
Corsair CMK32GX4M4D3000C16 8GB,1,8,23,17.5,13.9,152.9,904.2271317
Corsair CMV4GX4M1A2666C18 4GB,1,4,23,17.4,13.8,24.9,904.1817687
Corsair CMD64GX4M4C3000C15 16GB,1,16,23,17.8,13.5,417.8,904.165783
Corsair CMK16GX4M4B3300C16 4GB,1,4,23,17.3,13.3,159.9,904.0235838
Crucial Technology BLE4G4D32AEEA.K8FD 4GB,1,4,23,17.3,13,144.9,903.9389675
Corsair CMD16GX4M4B3600C18 4GB,1,4,23,16.4,13.5,583.8,903.9255758
Crucial Technology BLS4G4D240FSC.8FARG 4GB,1,4,23,17.3,12.9,26.9,903.9107621
Corsair CMK8GX4M2D2666C16 4GB,1,4,23,17.4,12.8,119.9,903.8997143
Corsair CMD16GX4M4B3300C16 4GB,1,4,23,16.5,13.1,270.7,903.8299117
Crucial Technology CT4G4DFS824A.C8FBD1 4GB,1,4,23,16.1,13.3,38.3,903.8176919
Corsair CMD64GX4M4B3466C16 16GB,1,16,23,16.9,12.7,849.9,903.7857205
Corsair CMD16GX4M2B3200C14 8GB,1,8,23,17,12.5,219.9,903.7464673
Crucial Technology BLT4G4D26AFTA.8FADG 4GB,1,4,23,16.5,12.6,33.9,903.6888845
Crucial Technology BLT8G4D26AFTA.16FAD 8GB,1,8,23,16.9,12.3,39.9,903.6728988
Patriot Memory (PDP Systems) PSD48G240082 8GB,1,8,23,17,11.5,109.9,903.464413
Crucial Technology CT8G4DFD824A.C16FBD1 8GB,1,8,23,16.9,11.5,63.1,903.4472553
Corsair CMK8GX4M2A2400C14 4GB,1,4,23,16.4,11.8,68.3,903.4460833
Crucial Technology BLS4G4D240FSE.8FBD 4GB,1,4,23,16.4,11.8,18.9,903.4460833
Corsair CMV16GX4M1A2666C18 16GB,1,16,23,16.9,11.1,68.9,903.3344335
Patriot Memory (PDP Systems) PSD44G240081 4GB,1,4,23,15.9,11.7,75.8,903.3320896
Corsair CMV8GX4M1A2666C18 8GB,1,8,23,17.1,10.6,42.9,903.2277217
Corsair CMW128GX4M8C3000C16 16GB,1,16,23,14.7,11.4,979.9,903.0415814
Corsair CMK16GX4M1A2666C16 16GB,1,16,23,16.2,10,73.9,902.9040701
Corsair CMK32GX4M2C3333C16 16GB,1,16,23.16666667,20.4,16.9,189.9,899.1154425
Corsair CMW32GX4M2C3466C16 16GB,1,16,24,19.9,16.2,269.9,867.8999745
Corsair CMK32GX4M2L3200C16 16GB,1,16,24,19.5,16.1,456.8,867.8031385
Corsair CMT16GX4M2K3600C16 8GB,1,8,24,20.1,15.7,259.9,867.7932627
Crucial Technology BLS16G4D26BFST.16FD 16GB,1,16,24,17.7,13.7,64.9,866.8173701
Corsair CMK64GX4M4C3000C15 16GB,1,16,24,17.3,13.9,449.9,866.8051504
Corsair CMR64GX4M4C3200C16 16GB,1,16,24,16.8,14.1,499.9,866.7757729
Corsair CMSX64GX4M4A2666C18 16GB,1,16,24,16.6,14,559.9,866.7132522
Crucial Technology CT8G4DFD824A.C16FADP 8GB,1,8,24,17.1,13.6,33.9,866.6862187
Corsair CMU64GX4M4A2666C16 16GB,1,16,24,17.5,13.3,699.9,866.670233
Corsair CMD32GX4M2B2800C14 16GB,1,16,24,16.6,13.8,259.9,866.6568413
Corsair CMU32GX4M2A2666C16 16GB,1,16,24,17.1,13,484.6,866.5169861
Corsair CMD16GX4M2B3733C17 8GB,1,8,24,17.2,12.4,259.9,866.3649111
Corsair CMU32GX4M4A2666C16 8GB,1,8,24,16.7,12.6,349.9,866.3355337
Corsair CMD64GX4M4B3000C15 16GB,1,16,24,16.5,12.4,459.9,866.2448075
Corsair CMD32GX4M4B3333C16 8GB,1,8,24,16.3,12.5,799.9,866.2386977
Crucial Technology BLS16G4D26BFSE.16FBD 16GB,1,16,24,16.9,12.1,248.7,866.2288219
Corsair CMU64GX4M4C3200C16 16GB,1,16,24,16.4,12.1,583.4,866.1430336
Crucial Technology BLS4G4D26BFSB.8FBD2 4GB,1,4,24,15.7,12.4,36.9,866.1075463
Crucial Technology BLS16G4D240FSC.16FAD 16GB,1,16,24,16.5,11.8,62.9,866.0755749
Corsair CMD16GX4M2A2666C15 8GB,1,8,24,16.2,11.9,115.9,866.0523074
Crucial Technology BLE4G4D26AFEA.8FAD 4GB,1,4,24,15.3,12.1,94.1,865.9542993
Corsair CMW64GX4M8A2666C16 8GB,1,8,24,16,11.6,379.9,865.9333757
Corsair CMD16GX4M4B2133C10 4GB,1,4,24,15.8,11.7,204.6,865.9272659
Patriot Memory (PDP Systems) PSD44G213381 4GB,1,4,24,15.6,11.7,58.4,865.8929505
Mushkin 99[2/7/4]199[F/T] 8GB,1,8,24,15.9,11.4,89.9,865.8598072
Patriot Memory (PDP Systems) PSD48G24002 8GB,1,8,24,15.8,11.4,59.9,865.8426495
Crucial Technology CT4G4DFS8213.8FA11 4GB,1,4,24,15.4,11.5,23.9,865.8022244
Corsair CMK16GX4M4C3200C15 4GB,1,4,24,15.2,11.5,104.9,865.767909
Corsair CMD32GX4M4B2400C10 8GB,1,8,24,15.5,11.3,639.9,865.7629711
Patriot Memory (PDP Systems) PSD416G26662 16GB,1,16,24,15.6,11.2,59.9,865.7519234
Corsair CMK4GX4M1A2400C16 4GB,1,4,24,15.7,11.1,26.9,865.7408756
Patriot Memory (PDP Systems) PSD416G24002 16GB,1,16,24,16,10.7,179.9,865.6795268
Crucial Technology BLS4G4D240FSE.8FAR 4GB,1,4,24,15.1,10.8,19.9,865.5533133
Crucial Technology CT8G4DFS824A.C8FAD1 8GB,1,8,24,15.3,10.1,34.99,865.3901906
Patriot Memory (PDP Systems) PSD48G213381 8GB,1,8,24,14.3,8.4,108.3,864.7391215
Crucial Technology BLS8G4D26BFSE.16FB 8GB,1,8,24,14.3,7,117.9,864.3442454
Kingston M378A1K43CB2-CRC 8GB,1,8,24,13.9,6.5,50.1,864.1345876
Crucial Technology CT8G4SFS824A.M8FA 8GB,1,8,24,13.7,6.5,54.6,864.1002723
Corsair CMK16GX4M2L3000C15 8GB,1,8,24.28571429,19.7,15,199.9,857.4105312
Corsair CMR16GX4M2C3000C16 8GB,1,8,24.33333333,19.1,14.6,258.9,855.5317508
Corsair CMK8GX4M2B3200C16 4GB,1,4,24.33333333,19.3,14.3,199.9,855.4814498
Corsair CMT16GX4M2C3200C16 8GB,1,8,24.44444444,19.7,16.1,146.9,852.2026118
Corsair CMU32GX4M2C3200C16 16GB,1,16,24.66666667,19.5,15.2,399.9,844.3083078
Corsair CMD32GX4M4C3200C16-R 8GB,1,8,25,18.7,14.7,369.9,832.8743483
Corsair CMT32GX4M4C3600C18 8GB,1,8,25,17.4,14.5,379.9,832.5948879
Corsair CMK64GX4M4D3000C16 16GB,1,16,25,16.5,14.9,299.9,832.5532907
Corsair CMD64GX4M4C3200C16 16GB,1,16,25,16.6,13.8,429.9,832.2601885
Corsair CMR32GX4M2F3600C18 16GB,1,16,25,16.7,13.2,761.9,832.1081136
Corsair CMD16GX4M4B3000C14 4GB,1,4,25,15.8,13.1,452.4,831.9254892
Samsung M474A2K43BB1-CRC 16GB,1,16,25,16.2,12.8,159.4,831.9095035
Crucial Technology CT16G4SFD824A.M16FA 16GB,1,16,25,15.9,12.9,81.7,831.886236
Patriot Memory (PDP Systems) PSD48G213382 8GB,1,8,25,16.9,12.2,105.2,831.8603745
Corsair CMK16GX4M2E4333C19 8GB,1,8,25,16.5,12.3,530.2,831.8199493
Crucial Technology BLS8G4S240FSD.16FAR 8GB,1,8,25,15.5,12.7,369.9,831.7611945
Corsair CMK32GX4M4C3400C16 8GB,1,8,25,16,12.3,319.9,831.734161
Corsair CMK16GX4M4B3200C16 4GB,1,4,25,15.7,12.4,119.9,831.7108935
Crucial Technology BLS4G4S240FSD.M8FADM 4GB,1,4,25,15.4,12.5,19.9,831.6876259
Corsair CMK32GX4M2A2800C16 16GB,1,16,25,16.2,12,289.2,831.68386
Crucial Technology CT16G4DFD824A.C16FBD 16GB,1,16,25,16.2,11.8,96.9,831.6274491
Corsair CMD64GX4M4A2666C15 16GB,1,16,25,15.8,11.9,369.9,831.5870239
Micron Technology 8ATF1G64HZ-2G6B1 8GB,1,8,25,15.3,12.2,79.9,831.585852
Corsair CMK32GX4M4B2800C14 8GB,1,8,25,15.6,11.8,224.9,831.5245032
Crucial Technology CT16G4DFD8213.M16FA 16GB,1,16,25,16.2,11.3,69.9,831.486422
Corsair CMD16GX4M4B3200C16 4GB,1,4,25,15,12,259.9,831.4779681
Crucial Technology CT16G4DFD8213.M16FB 16GB,1,16,25,16.1,11.3,58.7,831.4692643
Corsair CMK32GX4M4C3333C16 8GB,1,8,25,14.6,12,340.2,831.4093375
Crucial Technology BLS16G4D240FSB.16FAD 16GB,1,16,25,15.9,11.2,65.9,831.4067435
Corsair CMD64GX4M4B2800C14 16GB,1,16,25,15,11.6,479.9,831.3651464
Corsair CMD16GX4M4C3200C15 4GB,1,4,25,14.3,12,194.9,831.3578645
Crucial Technology BLS16G4D240FSE.16FAD 16GB,1,16,25,15.4,11,63.9,831.2645444
Corsair CMK32GX4M4B3333C16 8GB,1,8,25,14.7,11.1,349.9,831.1726462
G Skill Intl F4-2400C15-4GNT 4GB,1,4,25,14.7,11.1,71.9,831.1726462
Corsair CMSX8GX4M1A2400C16 8GB,1,8,25,15.6,10.5,38.9,831.1578325
Corsair CMSX8GX4M2A2400C16 4GB,1,4,25,15.1,10.7,65.9,831.1284551
Mushkin 99[2/7/4]204F 4GB,1,4,25,13.4,11.5,36.9,831.0624184
Corsair CMD16GX4M4B2400C10 4GB,1,4,25,13.7,10.2,145.9,830.7472207
Samsung M471A1G43EB1-CRC 8GB,1,8,25,14.8,9.3,37.6,830.682106
Crucial Technology CT8G4DFS8213.C8FAD1 8GB,1,8,25,13.7,8,90.4,830.1267011
Crucial Technology BLS16G4D32AESE.M16FE 16GB,1,16,25.25,18.8,15.6,73.9,824.9718928
Crucial Technology BLS8G4D32AESBK.M8FE 8GB,1,8,25.33333333,19.4,15.1,39.9,822.2451729
Corsair CMR16GX4M2D3200C16 8GB,1,8,25.33333333,18.8,13.7,194.3,821.7473508
Corsair CMR32GX4M2C3200C16 16GB,1,16,25.375,20.3,16.2,298.2,821.3721543
Corsair CMR16GX4M2C3600C18 8GB,1,8,25.66666667,19.5,14.7,359.9,811.5695402
Crucial Technology BLS8G4D26BFSTK.8FD 8GB,1,8,25.66666667,18.4,13.8,32.9,811.126957
Crucial Technology BLS8G4D30CESTK.8FD 8GB,1,8,25.66666667,18.3,13.7,38.9,811.0815939
Crucial Technology BLS16G4D32AESB.M16FE 16GB,1,16,25.73684211,20.1,16,77.9,809.8467162
Corsair CMD32GX4M4C3200C16 8GB,1,8,26,18.5,14.8,289.9,801.117482
Corsair CMK16GX4M2Z3600C18 8GB,1,8,26,18.6,14.7,317.2,801.1064342
Crucial Technology BLS8G4D30AESCK.M8FE 8GB,1,8,26,18.6,14.3,37.9,800.9936125
Corsair CMW128GX4M8C3200C16 16GB,1,16,26,16.1,15.7,819.9,800.9595471
Corsair CMK64GX4M4C3200C16 16GB,1,16,26,17.4,14.7,499.9,800.9005423
Corsair CMW64GX4M8C3000C15 8GB,1,8,26,15.2,15.5,575.3,800.7487173
Crucial Technology BLS16G4D30AESB.M16FE 16GB,1,16,26,18.2,13.1,73.9,800.5865166
Corsair CMR32GX4M4A2666C16 8GB,1,8,26,15.6,13.4,538.3,800.2250338
Corsair CMK64GX4M8X4133C19 8GB,1,8,26,12.3,15.3,899.9,800.1947344
Corsair CMSX64GX4M4A2400C16 16GB,1,16,26,15.8,12.5,289.9,800.0055002
Corsair CMK16GX4M4B3600C18 4GB,1,4,26,16,12.2,159.9,799.9551992
Crucial Technology CT8G4SFS8266.C8FD1 8GB,1,8,26,16.5,11.2,39.9,799.7589331
Corsair CMK32GX4M4B3000C15 8GB,1,8,26,14.9,11.9,194.9,799.6818486
Crucial Technology BLS8G4D240FSB.16FADG 8GB,1,8,26,15.3,11.6,125.2,799.6658629
Corsair CMD32GX4M4A2666C15 8GB,1,8,26,14.9,11.8,219.9,799.6536432
Crucial Technology CT16G4SFD8213.M16FA 16GB,1,16,26,15.4,11.4,51.9,799.6266097
Corsair CMD32GX4M4A2800C16 8GB,1,8,26,14.7,11.8,439.9,799.6193279
Crucial Technology CT8G4DFD8213.16FA11 8GB,1,8,26,15.5,11.3,81.4,799.6155619
Corsair CMD64GX4M4B3333C16 16GB,1,16,26,15,11.4,958,799.5579791
Corsair CMD64GX4M4A2400C14 16GB,1,16,26,15.3,11.2,489.9,799.5530412
Corsair CMK32GX4M4A2400C16 8GB,1,8,26,15,11.3,272.7,799.5297736
Corsair CMD32GX4M2A2800C16 16GB,1,16,26,15.7,10.7,229.9,799.4806446
Corsair CMK128GX4M8A2133C13 16GB,1,16,26,15.2,11,999.9,799.4794726
Patriot Memory (PDP Systems) PSD44G240082 4GB,1,4,26,15.3,10.8,18.9,799.4402194
Mushkin MES4S213FF16G28 16GB,1,16,26,13.9,11.6,58.9,799.4256557
G Skill Intl F4-2666C15-8GRR 8GB,1,8,26,14.2,11.4,360.9,799.4207178
Corsair CMD64GX4M8B3200C16 8GB,1,8,26,14.8,11,549.9,799.410842
Corsair CMK32GX4M4A2400C12 8GB,1,8,26,14.8,10.9,189.9,799.3826366
Corsair CMD64GX4M8B2800C14 8GB,1,8,26,14.4,11,699.8,799.3422114
Mushkin 99[2/7/4]205F 8GB,1,8,26,13.5,11.3,229.9,799.2724088
Mushkin 99[2/7/4]190F 4GB,1,4,26,14.1,10.7,49.9,799.2061221
Corsair CMD128GX4M8B3000C16 16GB,1,16,26,14.8,10.2,977.7,799.1851985
Samsung M391A2K43BB1-CPB 16GB,1,16,26,15.7,9.5,119.9,799.1421794
Mushkin 99[2/7/4]191[F/T] 4GB,1,4,26,14.5,10.1,46.9,799.1055201
Crucial Technology CT8G4SFS824A.C8FBD1 8GB,1,8,26,14.6,9.8,35.5,799.0380614
Mushkin 99[2/7/4]200F 8GB,1,8,26,13.7,10.3,86.9,799.0246697
Crucial Technology CT8G4SFS824A.C8FAD1 8GB,1,8,26,14.8,9.6,39.9,799.0159659
Corsair CMD128GX4M8A2666C15 16GB,1,16,26,14.1,9.9,879.9,798.9804786
Crucial Technology CT8G4DFS8213.M8FA 8GB,1,8,26,14.2,9.6,28.9,798.9130199
Mushkin 99[2/7/4]198F 8GB,1,8,26,12.6,8.7,229.9,798.3846485
Crucial Technology BLS16G4D32AESC.M16FE 16GB,1,16,26.125,19.7,15.6,85.9,797.75108
Corsair CMW16GX4M2C3600C18 8GB,1,8,26.125,19.1,15.6,149.9,797.6481341
Corsair CMK16GX4M2D3200C16 8GB,1,8,26.14285714,18.8,14.4,131.8,796.7185983
Corsair CMK32GX4M2F4000C19 16GB,1,16,26.25,17.4,13,655.3,792.861346
Corsair CMW32GX4M4C3000C15 8GB,1,8,26.28571429,19.1,15.2,189.9,792.7053266
Crucial Technology BLT8G4D30AETA.K16FE 8GB,1,8,26.33333333,19,14.2,59.9,790.98633
Corsair CMR16GX4M2A2666C16 8GB,1,8,26.33333333,18,13.4,476.9,790.5891099
Corsair CMW16GX4M2C3466C16 8GB,1,8,26.33333333,18.4,11.5,149.9,790.1218373
Crucial Technology BLS8G4D30AESBK.M8FE 8GB,1,8,26.5,18.4,14.2,37.9,785.9543198
Corsair CMR16GX4M2C3200C16 8GB,1,8,26.5,17.9,12.9,275.3,785.5018608
Corsair CMD32GX4M2B3000C15 16GB,1,16,26.57142857,19.1,14.7,196.9,784.1219234
Corsair CMW64GX4M4K3600C18 16GB,1,16,26.66666667,18.4,14,649.9,781.030458
Corsair CMT32GX4M2C3200C16 16GB,1,16,26.75,19.2,15.3,229.9,779.1234097
Corsair CMU16GX4M2C3200C16 8GB,1,8,26.73913043,18.8,13.9,199.9,778.9735265
Corsair CMR16GX4M2C3466C16 8GB,1,8,26.75,18.8,14,369.6,778.6881084
Crucial Technology BLS16G4D30AESC.M16FE 16GB,1,16,26.8,17.3,10.5,76.9,776.0041619
Corsair CMW16GX4M2C3200C16 8GB,1,8,26.92307692,18.7,14.6,114.9,773.8804524
Corsair CMK16GX4M2B3333C16 8GB,1,8,27,18.4,14.2,521.4,771.5322432
Corsair CMR32GX4M4C3200C16 8GB,1,8,27,18.8,13.9,532.7,771.5162575
Corsair CMD64GX4M8X4000C19 8GB,1,8,27,12.2,15.9,899.9,770.9479608
Corsair CMW64GX4M8C3200C16 8GB,1,8,27,13,15.3,399.9,770.9159894
Corsair CMSX16GX4M2A2666C18 8GB,1,8,27,15.6,12,99.9,770.4313091
Corsair CMD32GX4M4B3000C15 8GB,1,8,27,15,12,249.9,770.3283632
Crucial Technology BLS4G4S26BFSD.8FBR2 4GB,1,4,27,15.3,11.6,85.3,770.2670144
Mushkin 99[2/7/4]183 8GB,1,8,27,15,11.6,68.9,770.2155414
Corsair CMU64GX4M4C3000C15 16GB,1,16,27,14.9,11.5,951.5,770.1701783
Crucial Technology BLS16G4S26BFSD.16FBD 16GB,1,16,27,15,11.4,153.9,770.1591305
Corsair CMK64GX4M4B3000C15 16GB,1,16,27,14.4,11.7,359.9,770.1408009
Corsair CMK64GX4M8B2800C14 8GB,1,8,27,14.1,11.8,379.9,770.1175334
Corsair CMK32GX4M4A2800C16 8GB,1,8,27,14.4,11.4,249.9,770.0561846
Corsair CMK64GX4M4A2400C14 16GB,1,16,27,14.7,11.2,449.9,770.0512467
Corsair CMK64GX4M4B2800C14 16GB,1,16,27,14.8,11.1,464.9,770.0401989
Samsung M378A2K43BB1-CRC 16GB,1,16,27,15.4,10.7,115,770.0303231
Corsair CMK32GX4M4A2133C15 8GB,1,8,27,14.6,11.1,241.9,770.0058836
Corsair CMK16GX4M4A2400C16 4GB,1,4,27,14.8,10.9,210,769.983788
Corsair CMD16GX4M4A2666C16 4GB,1,4,27,14.1,11.2,399.9,769.9483007
Corsair CMD128GX4M8B2800C14 16GB,1,16,27,14.8,10.6,969.9,769.8991717
Crucial Technology BLS4G4D240FSB.8FADG 4GB,1,4,27,14.4,10.7,29.9,769.8587465
Corsair CMK128GX4M8B3000C16 16GB,1,16,27,13.7,11.1,764.9,769.8514647
Corsair CMD32GX4M4A2400C14 8GB,1,8,27,14,10.9,917.9,769.8465268
Crucial Technology CT8G4SFS8213.C8FAD1 8GB,1,8,27,14.4,10.6,49,769.8305411
Mushkin 99[2/7/4]191F 4GB,1,4,27,13.9,10.9,119.8,769.8293691
Crucial Technology CT16G4SFD824A.C16FBR 16GB,1,16,27,14.5,10.5,112.8,769.8194933
Mushkin 99[2/7/4]197F 8GB,1,8,27,12.8,11,88.3,769.6688403
Crucial Technology CT8G4DFD8213.C16FAR1 8GB,1,8,27,13.8,10.3,82.9,769.6429788
Corsair CMK128GX4M8B3200C16 16GB,1,16,27,14.3,9.9,949.9,769.6159454
Patriot Memory (PDP Systems) PSD416G21332 16GB,1,16,27,14.4,9.6,239.9,769.5484867
Mushkin 99[2/7/4]199F 8GB,1,8,27,12.7,10.5,82.9,769.5106555
Patriot Memory (PDP Systems) PSD48G21332 8GB,1,8,27,13.3,9.8,64.9,769.4161634
Corsair CMT32GX4M2C3000C15 16GB,1,16,27.25,18.5,14.9,254.9,764.7342695
Corsair CMD32GX4M2C3200C16 16GB,1,16,27.33333333,19.1,14.3,209.9,762.3589662
Corsair CMK16GX4M2K4133C19 8GB,1,8,27.33333333,17.2,12,226.9,761.3842456
Corsair CMK32GX4M2D3200C16 16GB,1,16,27.36363636,18.6,13.8,413.2,761.2959951
Corsair CMK16GX4M2B3600C18 8GB,1,8,27.5,18.3,13.8,178.2,757.5046263
Corsair CMK16GX4M2A2800C16 8GB,1,8,27.5,18.4,13.6,122.9,757.4653731
Corsair CMW32GX4M4C3600C18 8GB,1,8,27.6,17.9,14.1,299.9,754.801509
Corsair CMD32GX4M2A2666C15 16GB,1,16,27.66666667,17.8,13.1,440.1,752.7004816
Corsair CMD32GX4M4B3200C16 8GB,1,8,27.66666667,17.6,13.1,379.9,752.6661663
Crucial Technology CT8G4DFS8266.C8FD1 8GB,1,8,27.66666667,17.6,13,33.99,752.6379609
Corsair CMU16GX4M2C3000C15 8GB,1,8,27.70833333,19,14.4,159.6,752.1513128
Corsair CMW32GX4M4C3200C16 8GB,1,8,27.73076923,18.4,14.6,199.9,751.5021646
Corsair CMT32GX4M4C3200C16 8GB,1,8,27.875,18.9,15.3,269.9,747.9346122
Corsair CMW16GX4M2C3000C15 8GB,1,8,27.86538462,18.2,14.3,145.1,747.7879325
Corsair CMW32GX4M2C3200C16 16GB,1,16,27.925,18.6,14.6,199.9,746.3600496
Corsair CMK32GX4M2B3200C16 16GB,1,16,27.93814433,18.8,14.7,179.9,746.074862
Corsair CMW64GX4M4C3000C15 16GB,1,16,28,18,14.5,349.9,744.2492981
Patriot Memory (PDP Systems) PSD48G266681 8GB,1,8,28,17.5,13.2,34.9,743.7968391
Corsair CMK8GX4M2B3866C18 4GB,1,4,28,15.8,13.4,107.9,743.5615698
Corsair CMK64GX4M8X4200C19 8GB,1,8,28,12.9,15,919.9,743.5152847
Corsair CMSO16GX4M2A2133C15 8GB,1,8,28,15.1,11.9,444.9,743.0183846
Crucial Technology BLS4G4S240FSD.8FAR 4GB,1,4,28,15.5,11.4,30.1,742.945988
Corsair CMD32GX4M4A2666C16 8GB,1,8,28,14.3,11.6,671.2,742.796507
Crucial Technology CT16G4SFD8213.M16FB 16GB,1,16,28,13.7,10.9,62.3,742.496123
Corsair CMK64GX4M4A2400C16 16GB,1,16,28,14.3,10.4,454.9,742.4580418
Corsair CMD64GX4M8A2666C15 8GB,1,8,28,13.4,10.9,728.9,742.44465
Corsair CMK64GX4M8A2133C13 8GB,1,8,28,13.2,10.6,269.9,742.3257184
Corsair CMK16GX4M4A2133C15 4GB,1,4,28,13.4,10.4,132.9,742.3036229
G Skill Intl F4-2133C15-8GRK 8GB,1,8,28,12.9,10.7,139.9,742.3024509
Mushkin 99[2/7/4]209F 8GB,1,8,28,13.4,10.3,110,742.2754174
Corsair CMD64GX4M8A2400C14 8GB,1,8,28,12.9,10.6,894.8,742.2742454
Corsair CMK64GX4M8A2666C16 8GB,1,8,28,13.2,10.1,519.9,742.1846912
Crucial Technology BLS4G4D240FSA.M8FADM 4GB,1,4,28,12.9,10.2,68.9,742.1614237
Crucial Technology BLS4G4D240FSA.8FAD 4GB,1,4,28,12.8,10.2,27.9,742.144266
Crucial Technology CT4G4DFS8213.C8FAR 4GB,1,4,28,12.6,9.9,41.9,742.0253344
Crucial Technology BLS8G4D240FSA.16FAD 8GB,1,8,28,12.7,9.8,134.9,742.0142866
Corsair CMSO16GX4M1A2133C15 16GB,1,16,28,13.7,9.1,68.9,741.9884251
Corsair CMD16GX4M4B3200C14 4GB,1,4,28,13,9.2,199.9,741.896527
Crucial Technology CT8G4SFS8213.M8FB 8GB,1,8,28,12.5,8.6,54.6,741.6415061
Corsair CMSO4GX4M1A2133C15 4GB,1,4,28,12.2,8.3,24.9,741.5054168
Corsair CMK16GX4M2C3000C16 8GB,1,8,28.33333333,16.8,11.6,200.9,734.5540235
Corsair CMK8GX4M1D3000C16 8GB,1,8,28.46153846,17.2,12.3,37.9,731.5390124
Corsair CMW32GX4M2C3000C15 16GB,1,16,28.5,18.6,14.4,174.9,731.3929661
Corsair CMD16GX4M2B3200C16 8GB,1,8,28.5,18.3,13.7,129.9,731.1440551
Corsair CMD16GX4M2B3000C15 8GB,1,8,28.61111111,18.4,13.8,225,728.3772238
Corsair CMK16GX4M2Z2666C16 8GB,1,8,28.75,16.9,12.8,119.8,724.3531288
A-DATA Technology DDR4 3000 8GB,1,8,28.78787879,18.2,14.3,389.9,724.0547294
Corsair CMK16GX4M2B3200C16 8GB,1,8,28.95918367,18.3,13.9,89.9,719.7183298
Corsair CMK16GX4M2B3000C15 8GB,1,8,28.97037037,18.1,13.6,87.9,719.3242104
Corsair CMK64GX4M8X4000C19 8GB,1,8,29,12.6,14.8,879.9,717.9911549
Corsair CMK4GX4M1A2400C14 4GB,1,4,29,16.5,11.9,26.9,717.8423459
G Skill Intl F4-3000C15-8GRK 8GB,1,8,29,16.3,10.9,164.9,717.5259762
Corsair CMK16GX4M4C3000C16 4GB,1,4,29,12.3,13.2,96.9,717.488395
Mushkin MB[A/B]4U240FFFF16G 16GB,1,16,29,14.4,10.7,239.9,717.1435698
Crucial Technology BLS16G4S240FSD.16FAD 16GB,1,16,29,13.7,10.9,99.9,717.0798771
Corsair CMK16GX4M2E4000C19 8GB,1,8,29,12.7,11.2,249.9,716.9929168
Crucial Technology CT16G4SFD8213.C16FAD 16GB,1,16,29,13.6,10.4,199.9,716.9216923
Crucial Technology CT16G4SFD8213.C16FBD 16GB,1,16,29,13.7,10.2,63.9,716.882439
Crucial Technology CT8G4DFD8213.C16FAD1 8GB,1,8,29,13.2,10.4,44.9,716.8530616
Kingston KMKYF9-MIH 8GB,1,8,29,13.5,9.4,50,716.6224802
Crucial Technology CT8G4SFD8213.C16FADP 8GB,1,8,29,13.1,9.6,49,716.6102605
Mushkin 99[2/7/4]200[F/T] 8GB,1,8,29,12.7,6.3,101.5,715.6108504
Super Talent F26UB16GH 16GB,1,16,29,8.7,6.5,102.4,714.980955
Corsair CMW16GX4M2D3000C16 8GB,1,8,29.25,16.6,12.6,102.9,711.9744212
Crucial Technology BLS8G4D26BFSB.16FBD2 8GB,1,8,29.4,17.1,12.7,49.9,708.488556
Corsair CMW16GX4M2A2666C16 8GB,1,8,29.42857143,17.2,12.4,180.2,707.7395706
Corsair CMK32GX4M2D3000C16 16GB,1,16,29.5,17.7,14.1,219.1,706.6068102
Corsair CMR16GX4M2C3000C15 8GB,1,8,29.55,18.1,13.7,136.6,705.3788747
Corsair CMK8GX4M1A2666C16 8GB,1,8,29.53333333,17.3,12.2,37.9,705.2126681
Corsair CMK32GX4M2A2400C16 16GB,1,16,29.58333333,17.2,13.1,137.9,704.2682833
Corsair CMK16GX4M2D3000C16 8GB,1,8,29.64,17.7,13.5,78.9,703.1331575
Corsair CMU16GX4M2A2666C16 8GB,1,8,29.75,16.8,11.7,213.9,699.8965286
Samsung M378A1K43CB2-CTD 8GB,1,8,29.84848485,17.2,12.8,36.9,697.9865149
G Skill Intl F4-2400C15-8GNT 8GB,1,8,29.83333333,16.5,11.8,183.2,697.9355125
Corsair CMW32GX4M2A2666C16 16GB,1,16,29.85714286,17.2,13.2,159.9,697.8988364
Corsair CMW64GX4M4C3200C16 16GB,1,16,30,18.2,15.3,399.9,695.3711815
Corsair CMSX8GX4M2A2666C18 4GB,1,4,30,17.6,12.9,134.8,694.591305
Corsair CMU32GX4M2D3200C16 16GB,1,16,30,15,12.3,732.2,693.9759733
Crucial Technology CT4G4DFS8213.C8FAD1 4GB,1,4,30,11.9,10,20.9,692.7953608
Corsair CMK16GX4M4B3000C15 4GB,1,4,30.125,17.4,13.5,359.9,691.8717283
Corsair CMK8GX4M2B3000C15 4GB,1,4,30.28571429,17.5,12.9,237.7,688.0842128
Crucial Technology CT16G4DFD8266.C16FD1 16GB,1,16,30.3,17.2,12.1,59.9,687.4858125
Corsair CMT32GX4M2C3466C16 16GB,1,16,30.33333333,16.9,12.8,299.9,686.8832921
Crucial Technology CT8G4DFD8213.C16FA11 8GB,1,8,30.33333333,16.3,11.8,36.9,686.4982918
Corsair CMK64GX4M4B3200C16 16GB,1,16,30.44444444,17.9,13.7,349.9,684.8256033
Corsair CMK8GX4M2A2400C16 4GB,1,4,30.5,16,11.8,44.9,682.7289316
Kingston HP24D4S7S8MBP-8 8GB,1,8,30.5,15.6,11.8,67.9,682.660301
Corsair CMK8GX4M1A2400C16 8GB,1,8,30.53333333,15.9,11,37.9,681.7474237
Corsair CMK16GX4M1D3000C16 16GB,1,16,30.71428571,16.2,10.6,79.9,677.7039297
Samsung M378A2K43CB1-CTD 16GB,1,16,30.79310345,17.1,11.6,68.4,676.4205254
Corsair CMK16GX4M2A2400C16 8GB,1,8,30.79487179,16.7,11.9,67.9,676.3980252
Corsair CMK8GX4M2A2133C13 4GB,1,4,30.85714286,16.5,12.3,43.9,675.1240865
Corsair CMK16GX4M2A2666C16 8GB,1,8,30.89189189,17.1,12.7,69.9,674.5875216
Kingston KMKYF9-MID 8GB,1,8,31,15.8,12,54.9,671.8372293
Crucial Technology CT8G4SFD824A.C16FADP 8GB,1,8,31,15.6,11.8,33.9,671.7465032
Samsung M378A5244CB0-CTD 4GB,1,4,31,16.2,11,21.3,671.6238056
Corsair CMD128GX4M8B3200C16 16GB,1,16,31,12.2,12.1,999.9,671.2477591
Crucial Technology CT16G4DFD8213.C16FBD 16GB,1,16,31,15.5,9.8,63.9,671.1652367
Samsung M391A1G43DB0-CPB 8GB,1,8,31,11.7,6.8,99.9,669.6670826
Corsair CMSX16GX4M1A2666C18 16GB,1,16,31.16666667,16.7,13.8,73.9,668.9392302
Corsair CMK32GX4M4A2666C15 8GB,1,8,31.25,17,12,152.9,666.7171879
Super Talent F24EB8GS 8GB,1,8,31.33333333,16.2,12.4,127.3,664.9363236
Patriot Memory (PDP Systems) PSD48G240081 8GB,1,8,31.5,14.4,9.4,35.9,660.2963527
Corsair CMV16GX4M1A2133C15 16GB,1,16,31.6,15.6,10.4,66.9,658.7109625
Kingston HP26D4S9S8ME-8 8GB,1,8,31.66666667,16.2,12.6,41.9,658.0594785
Corsair CMK32GX4M2A2133C13 16GB,1,16,31.66666667,16.3,12.2,179.9,657.9638144
Corsair CMK32GX4M2B3000C15 16GB,1,16,31.8,17.7,13.8,169.9,655.9227047
Corsair CMK8GX4M2A2666C16 4GB,1,4,31.77777778,16.5,12.3,48.9,655.7475728
G Skill Intl F4-2800C16-4GRK 4GB,1,4,31.83333333,16.3,13.4,103.2,654.8901015
Corsair CMK32GX4M2A2666C16 16GB,1,16,31.8490566,17.2,12.9,129.9,654.5834331
Corsair CMD16GX4M4B3000C15 4GB,1,4,32,15.9,11.5,445,650.9089327
Corsair CMK128GX4M8A2666C16 16GB,1,16,32,11.4,13,999.9,650.5599197
Corsair CMSO32GX4M2A2133C15 16GB,1,16,32,13.3,10.9,373.8,650.293601
Samsung M378A5244CB0-CRC 4GB,1,4,32,14.6,8.4,21.9,649.8115146
Corsair CMD128GX4M8A2400C14 16GB,1,16,32,12.1,9.1,999.9,649.5800112
Corsair CMK32GX4M4B3200C16 8GB,1,8,32.23076923,16.5,12.9,169.9,646.7890657
Corsair CMSX16GX4M2A2400C16 8GB,1,8,32.22222222,15.7,12,72.9,646.5678016
Crucial Technology BLE8G4D26AFEA.16FAD 8GB,1,8,32.25,16.1,11.6,129.7,645.97194
Corsair CMK64GX4M4A2666C16 16GB,1,16,32.38461538,17.4,13,399.9,643.9297921
Corsair CMK16GX4M1A2400C14 16GB,1,16,32.33333333,15.2,10.4,72.9,643.8297318
Crucial Technology CT16G4DFD8213.C16FAD 16GB,1,16,32.4,15.7,11.2,109.9,642.827813
Corsair CMU32GX4M2C3000C15 16GB,1,16,32.5,16.5,12,435.9,641.2307945
Samsung M378A1K43DB2-CTD 8GB,1,8,32.52941176,16.5,11.8,57.9,640.600229
Corsair CMSX32GX4M2A3000C16 16GB,1,16,32.71428571,17.5,13.7,249.9,637.7223758
Corsair CMK16GX4M2A2400C14 8GB,1,8,32.83018868,16.5,11.9,69.9,634.8159426
Corsair CMSX16GX4M1A2400C16 16GB,1,16,33,16.2,12.1,125.5,631.5860856
Crucial Technology CT8G4SFD8213.C16FBD1 8GB,1,8,33,13.9,9.8,77.9,630.5427344
Corsair CMK16GX4M1B3000C15 16GB,1,16,33,14.6,8.1,81.9,630.1833456
Crucial Technology CT8G4DFS8213.C8FBD1 8GB,1,8,33,13.2,7.8,49.9,629.858522
Samsung M393A1K43BB0-CRC 8GB,1,8,33,11.1,8.9,83,629.808471
Samsung M393A1G40DB1-CRC 8GB,1,8,33,10.7,7.4,62.9,629.3167588
Corsair CMV4GX4M1A2133C15 4GB,1,4,33.2,14.2,9.8,24.9,626.8267755
Corsair CMK64GX4M4B3333C16 16GB,1,16,33.33333333,15.6,12.8,673.6,625.4266409
Corsair CMK8GX4M1A2400C14 8GB,1,8,33.44444444,15,10.4,36.9,622.5898218
Corsair CMSX32GX4M2A2400C16 16GB,1,16,33.5,15.1,11.5,137.9,621.8938846
Corsair CMK16GX4M1A2400C16 16GB,1,16,33.5,14.9,9.2,71.9,621.2108442
Corsair CMV8GX4M1A2133C15 8GB,1,8,33.75,13.9,8.7,36.9,616.3348371
Samsung M471A1K43DB1-CTD 8GB,1,8,33.90721649,16.4,12.1,45,614.8874595
G Skill Intl F4-2666C15-4GRR 4GB,1,4,34,15.3,11.8,98.9,612.9531184
Corsair CMK32GX4M4C3000C15 8GB,1,8,34.09090909,16.2,12.6,169.9,611.7145148
Samsung M471A5143EB0-CPB 4GB,1,4,34,13.1,8.4,26.7,611.616665
Samsung M378A1K43BB1-CPB 8GB,1,8,34.1,15.5,10.9,42,610.9535268
Samsung M393A2K40BB1-CRC 16GB,1,16,34,10.3,7.7,137.9,610.9388125
Samsung M393A1G43EB1-CRC 8GB,1,8,34,11.1,7.2,121.8,610.9350466
Samsung M386A8K40BM1-CRC 64GB,1,64,34,10.4,7.5,329.9,610.8995593
Corsair CMK64GX4M4A2133C13 16GB,1,16,34.25,14.6,11.9,289.9,608.4305651
Corsair CMK32GX4M2A2400C14 16GB,1,16,34.42857143,16,11.7,158.2,605.489003
Corsair CMU32GX4M4C3000C15 8GB,1,8,34.5,15.4,12.5,377.1,604.3706162
G Skill Intl F4-2400C15-8GRR 8GB,1,8,34.57142857,15.5,11.4,142.9,602.8415582
Corsair CMK16GX4M2A2133C13 8GB,1,8,34.59259259,15.9,11.6,67.9,602.6013708
Corsair CMK32GX4M4B3600C18 8GB,1,8,34.66666667,15.7,12.9,289.9,601.6589366
Samsung M378A2K43BB1-CPB 16GB,1,16,34.6,14.5,8.6,109,601.3872758
Crucial Technology CT16G4SFD824A.C16FBD 16GB,1,16,34.66666667,14.5,8.8,119.9,600.2966217
Corsair CMD16GX3M4A2666C10 4GB,0,4,17,18.6,12.4,579.9,1220.688309
Patriot Memory (PDP Systems) 2400C9 Series 2GB,0,2,18,18.6,13.9,109.9,1153.666973
G Skill Intl F3-2600C10-4GTXD 4GB,0,4,18,18.3,12.4,219.9,1153.192419
Transcend Information TX2400KLU-4GK 2GB,0,2,18,17.9,12.1,83.1,1153.039172
Corsair CMD16GX3M4A3000C12 4GB,0,4,18,17,11.3,369.9,1152.659109
Corsair CMD16GX3M4A2666C11 4GB,0,4,19,19.1,12.6,369.9,1093.041086
Corsair CMY8GX3M2A2133C8 4GB,0,4,19,18.1,11.9,99.9,1092.672071
Corsair CMD16GX3M4B2800C12 4GB,0,4,19,17.6,11.3,199.9,1092.41705
Crucial Technology BLE2G3D1608DE1TX0. 2GB,0,2,19,17.6,10.2,7.9,1092.10679
Mushkin 992084 (997084) 4GB,0,4,20,17.7,12.3,89.9,1038.405758
Mushkin 994084 4GB,0,4,20,16.7,12.7,149.9,1038.347003
Mushkin 994093 4GB,0,4,20,17,12.3,106.4,1038.285654
Mushkin 994052 4GB,0,4,20,17.1,11.7,129.9,1038.133579
Mushkin 991996 (996996) 4GB,0,4,20,16.8,11.7,49.9,1038.082106
Corsair CMD16GX3M2A2666C11 8GB,0,8,20,16.7,11.2,249.9,1037.923922
Corsair CMD8GX3M2B2800C12 4GB,0,4,20,16.2,11.1,154.9,1037.809928
Corsair CMD8GX3M2A2666C12 4GB,0,4,20,16.7,10.7,109.9,1037.782894
Corsair CMY8GX3M2A2800C12 4GB,0,4,20,17.3,10.2,129.9,1037.744813
Kingston KHX1600C9D3LK2/4GX 2GB,0,2,20,16,9.7,28.9,1037.380736
Mushkin 992164 (997164) 4GB,0,4,21,18.3,11.8,52.9,989.2296013
Mushkin 992071 (997071) 8GB,0,8,21,17.5,11.7,144.9,989.0641346
Corsair CMD8GX3M2A2400C10 4GB,0,4,21,17.1,11.5,99.9,988.9390931
Corsair CMD16GX3M4A2400C9 4GB,0,4,21,15.9,12.1,469.9,988.9024338
Corsair CMD16GX3M4A2133C8 4GB,0,4,21,17.3,11.2,397.1,988.8887921
Corsair CMY16GX3M2A2133C9 8GB,0,8,21,16.7,11.4,178,988.842257
Corsair CMZ16GX3M4A2400C10 4GB,0,4,21,16.2,11.7,134.9,988.841085
Mushkin 991997 (996997) 4GB,0,4,21,16.3,11.6,79.9,988.8300372
Corsair CMD8GX3M2A2133C8 4GB,0,4,21,18.1,10.5,134.9,988.8286153
Mushkin 994083 4GB,0,4,21,16.1,11.7,124.9,988.8239274
Corsair CMD16GX3M4A2800C12 4GB,0,4,21,16.5,11.4,689.9,988.8079417
Corsair CMD8GX3M2A2133C9 4GB,0,4,21,16.2,11.3,169.9,988.7282633
Crucial Technology BLT2G3D1869DT1TX0. 2GB,0,2,21,17.7,10.3,8.9,988.7035738
Corsair CMT8GX3M2A2000C9 4GB,0,4,21,16,11,99.9,988.6093316
Mushkin 991990 (996990) 4GB,0,4,21,15.5,11.2,102.9,988.5799542
Corsair CMD16GX3M2A2666C12 8GB,0,8,21,16.3,10.5,222.9,988.5197774
Corsair CMD8GX3M2A2666C11 4GB,0,4,21,16.1,10.4,169.9,988.4572567
Corsair CMX4GX3M2B2000C9 2GB,0,2,21,15.4,10.8,59.9,988.4499748
Mushkin 991991 (996991) 4GB,0,4,21,14.5,11.3,109.9,988.4365831
G Skill Intl F3-12800CL9-4GBX 4GB,0,4,21,15.3,10.1,24.99,988.2353791
Mushkin 992000 (997000) 4GB,0,4,21,12.7,7.6,160.7,987.084144
Mushkin 992123 (997123) 8GB,0,8,22,17.5,12,95.9,944.4777732
Patriot Memory (PDP Systems) 2133C9 Series 4GB,0,4,22,16.3,12.3,242.1,944.3564977
Mushkin 994122R 8GB,0,8,22,15.8,12.5,379.9,944.3271202
Crucial Technology BLE8G3D21BCE1.16FN 8GB,0,8,22,16.9,11.6,67.9,944.2620055
Mushkin 994046 4GB,0,4,22,17.3,11,110.9,944.1614036
Corsair CMD16GX3M4A2933C12 4GB,0,4,22,16.6,11.4,289.9,944.1541217
Mushkin 992015 (997015) 4GB,0,4,22,16.1,11.2,89.9,944.0119225
Corsair CMY8GX3M2B2133C11 4GB,0,4,22,17,10.4,305.9,943.940698
Mushkin 994105 8GB,0,8,22,14,12.1,294.9,943.9054606
Crucial Technology BLT4G3D1869DT2TXOB 4GB,0,4,22,16.1,10.8,22.9,943.8991008
Corsair CMT8GX3M2B2133C9 4GB,0,4,22,15.7,11,134.9,943.886881
Corsair CMZ16GX3M4A2133C9 4GB,0,4,22,15,11.2,189.9,943.8231883
Corsair CMD8GX3M2B2133C9 4GB,0,4,22,15.9,10.6,89.9,943.8083746
Crucial Technology BLE4G3D1869DE1TX0. 4GB,0,4,22,16,10.2,33.9,943.7127105
Mushkin 993996 4GB,0,4,22,13.7,11.5,105.9,943.684755
Mushkin 992046 (997046) 4GB,0,4,22,15.7,10.1,55.9,943.6330321
Mushkin 992092 (997092) 4GB,0,4,22,15.5,10.2,54.9,943.6269222
Mushkin 992007 (997007) 4GB,0,4,22,15.4,10.2,49.9,943.6097645
Corsair CMD64GX3M8A2400C11 8GB,0,8,22,15.8,9.8,569.9,943.5655734
Corsair CMP16GX3M2X1866C9 8GB,0,8,22,15.4,9.9,229.2,943.5251482
Corsair CMY8GX3M2A2666C12 4GB,0,4,22,15.8,9.5,271.7,943.4809571
Mushkin 998995 4GB,0,4,22,14.8,9.9,79.8,943.4222023
G Skill Intl F3-12800CL8-4GBECO 4GB,0,4,22,14.3,9.8,38.9,943.3082086
Mushkin 994071 8GB,0,8,23,17.5,11.5,204.9,903.5502012
Mushkin 993988 4GB,0,4,23,14.5,13.2,76.4,903.5149639
Mushkin 994122 8GB,0,8,23,17.1,11.5,234.9,903.4815706
Corsair CMD16GX3M4A2666C12 4GB,0,4,23,17.2,11.4,199.9,903.4705228
Mushkin 992083 (997083) 4GB,0,4,23,17.4,10.7,62.9,903.3074001
Mushkin 992121 (997121) 8GB,0,8,23,16.3,11.2,124.9,903.259693
Corsair CMY32GX3M4A2800C12 8GB,0,8,23,16.8,10.7,499.9,903.2044541
Corsair CMD8GX3M2A2400C11 4GB,0,4,23,16.6,10.7,81.9,903.1701388
Crucial Technology 16JTF1G64AZ-1G6E1 8GB,0,8,23,15.9,11.1,27.9,903.162857
Corsair CMY16GX3M2A2666C12 8GB,0,8,23,16.2,10.9,194.9,903.1579191
Corsair CMY8GX3M2C1866C10 4GB,0,4,23,15.8,11.1,86.8,903.1456993
Corsair CMZ16GX3M4A2133C11 4GB,0,4,23,15.6,11.2,104.9,903.1395894
Corsair CMY32GX3M4A2400C10 8GB,0,8,23,14.6,11.7,479.9,903.10904
Corsair CMD16GX3M2A2400C10 8GB,0,8,23,15.7,10.9,179.9,903.0721308
Corsair CMY8GX3M2A2666C11 4GB,0,4,23,17,10.1,152.9,903.0695368
Corsair CML16GX3M4A2133C11 4GB,0,4,23,15,11.3,154.9,903.0648489
Patriot Memory (PDP Systems) 2400C11 Series 4GB,0,4,23,15.7,10.8,49.9,903.0439253
Corsair CMD16GX3M4A2400C10 4GB,0,4,23,15,11.1,199.9,903.008438
Corsair CML8GX3M2A2133C11 4GB,0,4,23,16,10.4,73.9,902.9825766
Crucial Technology BLT4G3D1869DT2TXRG 4GB,0,4,23,16,10.4,33.9,902.9825766
Corsair CMY16GX3M2A2400C10 8GB,0,8,23,15.6,10.6,189.9,902.9703568
Corsair CMD16GX3M4A2400C11 4GB,0,4,23,15,10.9,198.8,902.9520272
Corsair CMD16GX3M4B2133C9 4GB,0,4,23,15,10.9,179.9,902.9520272
Corsair CMT16GX3M4X2133C9 4GB,0,4,23,14.1,11.4,284.9,902.9386354
Mushkin 994092 4GB,0,4,23,15,10.8,114.9,902.9238217
Mushkin 992073 (997073) 8GB,0,8,23,15.4,10.5,90.9,902.9078361
Mushkin 994132 8GB,0,8,23,15.2,10.5,145.5,902.8735207
G Skill Intl F3-12800CL8-4GBRM 4GB,0,4,23,15.7,10.1,33.9,902.8464873
Mushkin 999000 4GB,0,4,23,13,11.6,139.2,902.8063121
Corsair CMZ8GX3M2A2133C11 4GB,0,4,23,15.3,10.2,73.9,902.8060621
Corsair CMZ16GX3M2A2400C10 8GB,0,8,23,15.1,10.3,229.9,902.7999522
Corsair CMY8GX3M2A2133C11 4GB,0,4,23,15.7,9.9,73.9,902.7900764
Mushkin 992070 (997070) 8GB,0,8,23,15.2,10.1,87.9,902.760699
Mushkin 992104 (997104) 8GB,0,8,23,15.2,10.1,178.9,902.760699
Corsair CMZ16GX3M4A1866C9 4GB,0,4,23,14.7,10.4,159.9,902.759527
Corsair CMT8GX3M2A1866C9 4GB,0,4,23,15.3,10,96.9,902.7496512
Corsair CMT12GX3M3A2000C9 4GB,0,4,23,14.3,10.6,173.9,902.7473072
Corsair CMY8GX3M2A2133C9 4GB,0,4,23,16.1,9.5,94.9,902.7458853
Corsair CMD8GX3M2A1866C9 4GB,0,4,23,15.4,9.9,129.4,902.7386034
Corsair CML4GX3M1X1600C7 4GB,0,4,23,15,9.3,77.4,902.5007402
Corsair CMZ8GX3M2X1600C7 4GB,0,4,23,14.8,9.1,69.9,902.410014
Mushkin 991776 (996776) 4GB,0,4,23,14.3,9.1,71.9,902.3242257
Crucial Technology BLT2G3D1608DT1TX0 2GB,0,2,23,13.6,9.4,7.9,902.2887384
Corsair CMX4GX3M2A1600C8 2GB,0,2,23,13.7,9.2,44.9,902.2494852
Mushkin 991988 (996988) 4GB,0,4,23,14,8.9,77.9,902.2163418
Crucial Technology BLS2G3D1609DS1S00. 2GB,0,2,23,13.8,8.8,23.9,902.1538211
Mushkin 992006 (997006) 4GB,0,4,23,13.7,8.1,55.9,901.9392254
CHIPS & Systems Inc BLS8 8GB,0,8,23,11.1,5.4,69.5,900.7315794
Corsair CMSX16GX3M2B2133C1 8GB,0,8,24,15.4,11.5,159.9,865.8022244
Mushkin 994123 8GB,0,8,24,15.1,11.2,179.8,865.6661351
Mushkin 994070 8GB,0,8,24,15.2,10.5,177.9,865.4858547
Mushkin 992072 (997072) 8GB,0,8,24,14.9,10.6,82.9,865.4625871
Mushkin 993999 4GB,0,4,24,14.7,10.5,179.9,865.4000664
Corsair CMD32GX3M4A2400C10 8GB,0,8,24,14.5,10.5,359.9,865.3657511
Corsair CMZ24GX3M6A1600C9 4GB,0,4,24,14.8,10.3,199.9,865.3608132
Corsair CMZ16GX3M4X2133C11 4GB,0,4,24,14.4,10.5,109.9,865.3485934
Micron Technology 8KTF51264HZ-1G9E2 4GB,0,4,24,14.7,10.3,14.9,865.3436555
Corsair CMD8GX3M2A1600C7 4GB,0,4,24,15.8,9.6,99.9,865.3349517
Corsair CMP16GX3M4X1866C9 4GB,0,4,24,13.8,10.8,290.9,865.3302638
Mushkin 994007 4GB,0,4,24,13.2,11,99.9,865.2837287
Crucial Technology BLS4G3D169DS3.16FK 4GB,0,4,24,14.7,10,48.9,865.2590392
Corsair CMD32GX3M4A1600C7 8GB,0,8,24,14.6,10,359.9,865.2418815
Mushkin 993997 4GB,0,4,24,13.9,10.4,179.9,865.2345997
Corsair CMSX8GX3M2A1866C10 4GB,0,4,24,14.6,9.9,92.9,865.2136761
Mushkin 992008 (997008) 4GB,0,4,24,14.2,10.1,74.9,865.2014563
Mushkin 994050 8GB,0,8,24,14.2,10,239.9,865.1732509
Crucial Technology BLE2G3D1869DE1TX0. 2GB,0,2,24,14.8,9.6,30,865.1633751
Corsair CML8GX3M2A1866C9 4GB,0,4,24,15,9.4,129.8,865.1412795
Crucial Technology BLS4G3N18AES4.16FE 4GB,0,4,24,13.3,10.4,38.4,865.1316537
Corsair CML16GX3M4X1600C8 4GB,0,4,24,14,9.9,389.9,865.1107301
Corsair CMY16GX3M2C2133C11 8GB,0,8,24,14.8,9.4,88.9,865.1069642
Kingston KHX1600C9D3LK2/8GX 4GB,0,4,24,14.6,9.5,135.8,865.1008543
Corsair CMP4GX3M2A1600C9 2GB,0,2,24,14.9,9.3,62.9,865.0959164
Corsair CMP16GX3M4X1600C7 4GB,0,4,24,13.9,9.9,234.9,865.0935725
Corsair CMD8GX3M2A1600C8 4GB,0,4,24,14.9,9.2,119.9,865.067711
Mushkin 992069 (997069) 8GB,0,8,24,14.4,9.4,99.7,865.0383336
G Skill Intl F3-12800CL9-2GBNQ 2GB,0,2,24,14.5,9.2,26.9,864.9990804
Corsair CMX8GX3M4A1600C9 2GB,0,2,24,14.3,9.3,64.9,864.9929705
Corsair CMZ8GX3M4X1600C9 2GB,0,2,24,14.4,9.2,129.9,864.9819227
G Skill Intl F3-12800CL9-2GBRL 2GB,0,2,24,14.4,9.2,24.9,864.9819227
Mushkin 992005 (997005) 4GB,0,4,24,14.4,9.2,44.8,864.9819227
Kingston KHX1600C9D3/4G 4GB,0,4,24,14,9.4,83.8,864.969703
Corsair CML4GX3M1A1600C9 4GB,0,4,24,14.8,8.9,55.9,864.965937
Corsair CMZ4GX3M2A2000C10 2GB,0,2,24,14.6,9,103.8,864.9598271
Crucial Technology CT12864BA160B.M4FK 1GB,0,1,24,14.6,8.9,42.9,864.9316217
Crucial Technology BLT2G3D1608DT2TXOB 2GB,0,2,24,14.7,8.6,36.9,864.8641631
Mushkin 992103 (997103) 8GB,0,8,24,13.7,8.9,162.9,864.7772028
Corsair CMX4GX3M2B1600C9 2GB,0,2,24,13.9,8.7,69.9,864.7551072
Corsair CMY32GX3M4C1866C10 8GB,0,8,24,13.6,7.5,319.9,864.365169
Mushkin 991776 (998776) 4GB,0,4,24,12.7,7.2,129.9,864.1261338
Corsair CMP6GX3M3A1600C8 2GB,0,2,24,12.8,7.1,89.9,864.115086
Kingston KHX16 4GB,0,4,24,9.7,4,45.9,862.70883
Mushkin 994072 8GB,0,8,25,15.8,10.4,169.9,831.1639424
Corsair CMY32GX3M4A2666C12 8GB,0,8,25,15.3,10.6,374.9,831.134565
Corsair CMY32GX3M4A2133C11 8GB,0,8,25,14.8,10.6,189.9,831.0487767
Corsair CMD64GX3M8A2133C9 8GB,0,8,25,13.5,11.1,629.9,830.9667543
Corsair CMT32GX3M4X1866C9 8GB,0,8,25,13.9,10.7,424.9,830.9225632
Corsair CMZ32GX3M4A1866C9 8GB,0,8,25,14,10.4,159.9,830.8551045
Mushkin 994104 8GB,0,8,25,12.8,11,349.9,830.8184453
Mushkin 992125 (997125) 8GB,0,8,25,14.8,9.7,91.9,830.7949277
Mushkin 992105 (997105) 8GB,0,8,25,14.6,9.8,159.9,830.7888179
Mushkin 992122 (997122) 8GB,0,8,25,15.2,9.4,114.9,830.7789421
Corsair CML16GX3M4A1866C9 4GB,0,4,25,13.9,10.1,169.9,830.7533306
Corsair CMY16GX3M4A2666C12 4GB,0,4,25,14.9,9.4,219.9,830.7274691
Crucial Technology CT25664BA160B.C8FE 2GB,0,2,25,15.8,8.8,30.9,830.7126554
Crucial Technology BLS4G3N169ES4.16FK 4GB,0,4,25,14.3,9.7,44.9,830.7091395
Crucial Technology BLT4G3D1608DT2TXRG 4GB,0,4,25,14.7,9.3,39.9,830.6649483
Mushkin 992043 (997043) 4GB,0,4,25,14.8,9,52.9,830.5974897
Mushkin 993995 4GB,0,4,25,13.7,9.6,84.5,830.5779881
Mushkin 992052 (997052) 4GB,0,4,25,13.5,9.7,94.9,830.5718782
Crucial Technology BLT8G3D1608DT2TXOB 8GB,0,8,25,14.4,9.1,77.1,830.5570645
Corsair CMY16GX3M2A1866C10 8GB,0,8,25,14.2,9.2,120.9,830.5509546
Corsair CMX8GX3M2B1600C9 4GB,0,4,25,14.3,9.1,42.9,830.5399068
Corsair CMSX8GX3M2B1866C10 4GB,0,4,25,13.5,9.4,42,830.4872619
Corsair CMX12GX3M3A2000C9 4GB,0,4,25,12.3,10,144.9,830.4506026
Mushkin 991995 (996995) 4GB,0,4,25,13.9,8.9,88.7,830.4148653
Mushkin 992050 (997050) 8GB,0,8,25,14.1,8.5,119.9,830.3363589
Corsair CMZ8GX3M2X1600C8 4GB,0,4,25,13.9,8.6,94.9,830.330249
Crucial Technology BLT4G3D1337DT1TX0. 4GB,0,4,25,14.2,8.4,65.9,830.3253111
Corsair CMY16GX3M2C1866C10 8GB,0,8,25,13.8,8.6,120.9,830.3130913
Corsair CMP16GX3M4A1333C9 4GB,0,4,25,13.7,8.6,159.9,830.2959337
G Skill Intl F3-10666CL7-4GBECO 4GB,0,4,25,13.8,8.5,27.9,830.2848859
Patriot Memory (PDP Systems) PSD32G13332 2GB,0,2,25,13.5,8.6,22.9,830.2616184
Mushkin 992002 (997002) 4GB,0,4,25,13.8,8.4,29.9,830.2566805
Patriot Memory (PDP Systems) 1600EL Series 4GB,0,4,25,13.3,8.7,26.9,830.2555085
G Skill Intl F3-10666CL7-4GBRH 4GB,0,4,25,13.6,8.5,28.9,830.2505706
Corsair CMZ12GX3M3A1600C9 4GB,0,4,25,13.4,8.5,69.9,830.2162553
Corsair CML8GX3M1C1600C9 8GB,0,8,25,13.9,8.1,134.8,830.1892218
G Skill Intl F3-12800CL9-4GBSK 4GB,0,4,25,13.9,8.1,26.9,830.1892218
Corsair CMX4GX3M1A1600C9 4GB,0,4,25,13.4,8.4,21.9,830.1880498
Corsair VS2GB1333D3 2GB,0,2,25,13.4,8.4,32.4,830.1880498
G Skill Intl F3-10666CL7-4GBXH 4GB,0,4,25,13.3,8.4,25.99,830.1708922
Corsair CMX6GX3M3A1600C9 2GB,0,2,25,13.1,8.3,83.9,830.1083714
G Skill Intl F3-12800CL9-4GBSQ 4GB,0,4,25,13.1,8.3,20.9,830.1083714
Mushkin 991982 (996982) 4GB,0,4,25,13.1,8.3,79.9,830.1083714
Crucial Technology CT51264BD1339.M16F 4GB,0,4,25,12.1,8.6,18,830.0214112
G Skill Intl F3-16000CL9-4GBRM 4GB,0,4,25,13,8,44.9,830.0065975
G Skill Intl F3-10666CL9-2GBNS 2GB,0,2,25,12.8,7.9,18.9,829.9440767
Corsair CMY16GX3M2C1600C9 8GB,0,8,25,12.9,7.6,119.9,829.876618
Mushkin 994031 8GB,0,8,25,12.9,7.3,159.9,829.7920017
G Skill Intl F3-10666CL9-2GBSQ 2GB,0,2,25,12,7.8,14.99,829.77861
Corsair CMSO2GX3M1A1333C9 2GB,0,2,25,12.2,7.6,39.9,829.7565144
Corsair CMZ64GX3M8A1866C9 8GB,0,8,26,13.5,11,329.9,799.1877925
Corsair CMZ32GX3M4A2133C10 8GB,0,8,26,13.7,10.8,289.9,799.1656969
Corsair CMD32GX3M4A1866C10 8GB,0,8,26,14.5,10.3,567.9,799.161931
Corsair CMY32GX3M4B2133C11 8GB,0,8,26,13.6,10.4,236.9,799.0357175
Corsair CMD32GX3M4A1866C9 8GB,0,8,26,13.7,10.3,223.9,799.0246697
Mushkin 992110 (997110) 8GB,0,8,26,14.6,9.7,52.4,799.009856
Mushkin 994074 8GB,0,8,26,14.7,9.6,179.8,798.9988082
Corsair CMZ32GX3M4X1866C10 8GB,0,8,26,13.6,10.2,228.9,798.9793066
Corsair CMD16GX3M4A1600C7 4GB,0,4,26,13.8,9.8,189.9,798.9008002
Mushkin 994043 4GB,0,4,26,14.6,9.3,95.9,798.8970343
Crucial Technology CT51264BD160B.C16F 4GB,0,4,26,14.1,9.6,26.99,798.8958623
Crucial Technology CT102464BA160B.16F 8GB,0,8,26,14.1,9.6,34.7,798.8958623
Mushkin 99[2/7/4]031 8GB,0,8,26,14.4,9.4,73.9,798.8909244
Patriot Memory (PDP Systems) PSD38G1600L2 8GB,0,8,26,14.5,9.1,69.9,798.8234657
Corsair CMD32GX3M4A1600C9 8GB,0,8,26,13.8,9.4,269.9,798.7879784
Crucial Technology CT51264BA160B.C16F 4GB,0,4,26,14.2,9.1,20.9,798.7719927
Mushkin 992030 4GB,0,4,26,13.6,9.4,34.9,798.7536631
Corsair CML16GX3M4X1600C7 4GB,0,4,26,13.1,9.7,129.9,798.7524911
Corsair CMD32GX3M4A2666C12 8GB,0,8,26,14.2,9,379.9,798.7437873
Mushkin 992028 8GB,0,8,26,13.3,9.5,31.7,798.7303956
Mushkin 992067 (997067) 8GB,0,8,26,13.6,9.3,92.8,798.7254577
Samsung M391B1G73BH0-CK0 8GB,0,8,26,13.9,9.1,60.2,798.7205198
Patriot Memory (PDP Systems) PSD34G16002 4GB,0,4,26,13.6,9.2,41.9,798.6972522
Crucial Technology BLS4G3N169ES4.16FE 4GB,0,4,26,13.5,9.2,90.6,798.6800946
Crucial Technology CT51264BF186DJ.M8F 4GB,0,4,26,13.4,9.2,17.9,798.6629369
Corsair CMP16GX3M2A1600C10 8GB,0,8,26,13.9,8.7,270.1,798.607698
Crucial Technology BLT2G3D1608DT2TXRG 2GB,0,2,26,14.6,8.2,9.9,798.5867744
Mushkin 992093 (997093) 4GB,0,4,26,13.5,8.7,53.7,798.5390674
Mushkin 992030 (997030) 4GB,0,4,26,13.6,8.6,19.1,798.5280196
Corsair CMX8GX3M2A1600C11 4GB,0,4,26,13.4,8.7,47.9,798.5219097
Samsung M391B5673EH1-CH9 2GB,0,2,26,12.8,9,14,798.5035801
Corsair CMSX8GX3M2A1600C9 4GB,0,4,26,13.6,8.5,44.9,798.4998142
Hynix Semiconductor (Hyundai Electronics) M391B1G73AH0-YH9 8GB,0,8,26,14.1,8.1,50.4,798.4727807
Corsair CMP16GX3M2A1600C11 8GB,0,8,26,13.7,8.3,155.9,798.460561
Corsair CMZ8GX3M1A1866C10 8GB,0,8,26,13.7,8.3,58.9,798.460561
Corsair CMZ12GX3M3A2000C10 4GB,0,4,26,12.9,8.7,129.9,798.4361214
Corsair CMY8GX3M2A3000C12 4GB,0,4,26,14.2,7.9,179.9,798.4335275
Corsair CMP8GX3M2A1600C9 4GB,0,4,26,13.5,8.3,71.7,798.4262456
Mushkin 992018 (997018) 8GB,0,8,26,13.5,8.3,62.3,798.4262456
G Skill Intl F3-10600CL9-2GBNT 2GB,0,2,26,13.2,8.4,20.4,798.4029781
Corsair CMP8GX3M2B1333C9 4GB,0,4,26,13.7,8,96.9,798.3759446
Mushkin 991769 (996769) 4GB,0,4,26,13.2,8.3,18.8,798.3747727
Mushkin 991586 2GB,0,2,26,13.8,7.9,9.9,798.3648969
Corsair CMX8GX3M4A1333C9 2GB,0,2,26,13.3,8.1,37.9,798.3355194
Crucial Technology BLS4G3D1339DS1S00. 4GB,0,4,26,13.3,8.1,89.9,798.3355194
Mushkin 991770 4GB,0,4,26,13,8.2,20.9,798.3122519
Mushkin 991768 (996768) 2GB,0,2,26,12.8,8.3,21.9,798.306142
Mushkin 992031 8GB,0,8,26,12.4,8.5,28.9,798.2939223
Corsair CMX4GX3M1A1600C11 4GB,0,4,26,13,7.5,49.9,798.1148138
Patriot Memory (PDP Systems) PSD32G133381 2GB,0,2,26,12.9,7.5,23.9,798.0976562
Mushkin 992055 (997055) 8GB,0,8,26,12.7,7.5,95.9,798.0633409
Corsair CMY8GX3M2C1600C9 4GB,0,4,26,12.8,7.3,295.9,798.0240877
Corsair CMX12GX3M3A1333C9 4GB,0,4,26,12.5,7.3,166.9,797.9726147
Corsair CML8GX3M1A1600C9 8GB,0,8,26,12.2,7.3,39.9,797.9211417
Mushkin 992074 (997074) 8GB,0,8,26,12.1,7.2,32.9,797.8757786
Micron Technology 8KTF25664HZ-1G6M1 2GB,0,2,26,12.1,6.9,6,797.7911623
Mushkin 991770 (996770) 4GB,0,4,26,12.4,6.7,20,797.7862244
Mushkin 999002 4GB,0,4,26,8.7,4.7,99.8,796.5872823
Corsair CMZ8GX3M2X2133C9 4GB,0,4,27,16.3,11.7,97.9,770.4667964
Corsair CMSX16GX3M2C2133C1 8GB,0,8,27,13.2,10.8,97.9,769.6810601
Mushkin 99[2/7]177 4GB,0,4,27,14.4,9.8,65.9,769.6048976
Mushkin 994102 8GB,0,8,27,14.2,9.8,329.9,769.5705823
Crucial Technology CT8G3S160BM.C16FED 8GB,0,8,27,15,9.3,42.9,769.5668164
Corsair CMSX16GX3M2B1866C1 8GB,0,8,27,13.5,10.2,239.9,769.5633004
Mushkin 994015 4GB,0,4,27,13.1,10.3,169.9,769.5228752
Samsung M391B1G73QH0-YK0 8GB,0,8,27,14.4,9.4,99,769.4920758
Corsair CMSX8GX3M2B2133C11 4GB,0,4,27,13.3,9.9,66.9,769.4443688
Mushkin 996969 4GB,0,4,27,15,8.8,74.9,769.4257892
Corsair CMZ32GX3M4A1600C9 8GB,0,8,27,13.7,9.3,299.9,769.3437668
Crucial Technology CT51272BA1339.M18F 4GB,0,4,27,14,8.6,15.4,769.1978017
G Skill Intl F3-12800CL11-4GBSQ 4GB,0,4,27,13.9,8.6,27.9,769.180644
Samsung M392B1K70DM0-CK0 8GB,0,8,27,11.1,10.2,39.9,769.1515166
Crucial Technology CT51264BA1339.C16F 4GB,0,4,27,13.9,8.4,18.8,769.1242332
PNY Electronics PNY 2GB,0,2,27,13.8,8.4,52.3,769.1070755
Corsair CMSX4GX3M1A1600C9 4GB,0,4,27,12.8,9,59.9,769.1047316
Samsung M391B5273DH0-CH9 4GB,0,4,27,13.4,8.5,26,769.0666503
Kingston KHX1600C9S3K2/8GX 4GB,0,4,27,13.2,8.6,54.9,769.0605404
Samsung M391B5273DH0-CK0 4GB,0,4,27,12.7,8.9,24,769.0593685
Samsung M391B5273CH0-CH9 4GB,0,4,27,13.4,8.4,34.5,769.0384449
Mushkin 992099 8GB,0,8,27,11.9,9.3,50.9,769.0349289
Crucial Technology M471B1G73DB0-YK0 8GB,0,8,27,12.8,8.7,31.2,769.0201152
Patriot Memory (PDP Systems) PSD34G160081 4GB,0,4,27,13.7,8.1,17.9,769.0053015
G Skill Intl F3-10600CL9-4GBSQ 4GB,0,4,27,11.9,8.6,27.3,768.8374909
Crucial Technology BLT2G3D1608DT1TX0. 2GB,0,2,27,13.5,7.6,9.9,768.829959
G Skill Intl F3-10666CL9-8GBXL 8GB,0,8,27,12.9,7.9,36.99,768.8116294
Micron Technology 8KTF51264AZ-1G6E1 4GB,0,4,27,13.2,7.7,13.7,768.8066915
Corsair CMSO4GX3M1C1333C9 4GB,0,4,27,11.7,8.5,23.9,768.7749701
Corsair CMV8GX3M1C1600C11 8GB,0,8,27,12.8,7.7,39.9,768.7380609
Corsair CMV8GX3M2A1333C9 4GB,0,4,27,13,7.5,47.6,768.7159653
Crucial Technology CT25664BC1339.M8FM 2GB,0,2,27,13.4,7.1,19.9,768.6717742
Crucial Technology CT25664BA1339.C8F1 2GB,0,2,27,12.7,7.5,26.6,768.6644923
Samsung M471B5773DH0-CK0 2GB,0,2,27,12.2,7.8,9,768.6633204
Corsair CML8GX3M2C1600C9 4GB,0,4,27,12.5,7.6,59.9,768.6583825
Corsair CMX4GX3M2A1333C8 2GB,0,2,27,11.8,8,33.9,768.6511006
Corsair CMY32GX3M4C1600C9 8GB,0,8,27,12.4,7.5,563.9,768.6130194
Patriot Memory (PDP Systems) PSD34G133381 4GB,0,4,27,12.7,7.3,65.5,768.6080815
Mushkin 991573 (996573) 2GB,0,2,27,13,7.1,14,768.6031436
Crucial Technology CT102464BA1339.M16 8GB,0,8,27,12.5,7.4,37.9,768.6019716
Crucial Technology CT25664BA1067.M16F 2GB,0,2,27,12.5,7.2,11.9,768.5455607
Crucial Technology CT51264BF186DJ.C8F 4GB,0,4,27,11.8,7.6,23.9,768.5382789
Corsair CMZ8GX3M2B1600C9 4GB,0,4,27,13,6.8,149.9,768.5185273
Corsair CMX4GX3M1A1333C9 4GB,0,4,27,11.9,7.2,26.3,768.4426148
Samsung M392B1K70CM0-CH9 8GB,0,8,27,11.1,7.5,139.8,768.3899698
Samsung M378B2873FH0-CH9 1GB,0,1,27,12,6.7,28.9,768.3187452
Patriot Memory (PDP Systems) PSD38G13332 8GB,0,8,27,11.5,6.9,36.7,768.2893678
G Skill Intl F3-10666CL9-2GBNQ 2GB,0,2,27,10.8,7,26.9,768.1974696
Crucial Technology CT51264BF1339.C16F 4GB,0,4,27,10.5,6.9,52.2,768.1177912
Corsair CMD16GX3M4A2133C9 4GB,0,4,27.66666667,16.1,11.9,319.9,752.0703362
Samsung M391B5273CH0-YH9 4GB,0,4,28,11.7,10.8,30.7,742.1247644
Corsair CMD8GX3M2A2933C12 4GB,0,4,28,13.5,9.3,99.9,742.0105207
Mushkin 994125R 8GB,0,8,28,13.3,9.4,170.9,742.0044108
Corsair CMD16GX3M2A1866C10 8GB,0,8,28,13.7,9.1,162.3,741.9884251
Corsair CMZ64GX3M8A1600C9 8GB,0,8,28,12.3,9.9,299.9,741.9738614
Corsair CMD32GX3M4A1600C10 8GB,0,8,28,13.3,9.1,389.9,741.9197945
Corsair CMD8GX3M2A3000C12 4GB,0,4,28,14.9,8.1,149.9,741.9122627
Mushkin 994055 8GB,0,8,28,12.9,9.1,216.9,741.8511639
Patriot Memory (PDP Systems) PSD38G16002S 8GB,0,8,28,12.8,9.1,56.9,741.8340062
Kingston KTW149-ELD 1GB,0,1,28,14.5,8,11.9,741.8154266
Samsung M391B5773DH0-YH9 2GB,0,2,28,14.5,8,20.9,741.8154266
Corsair CMY64GX3M8A2133C11 8GB,0,8,28,12.5,9.2,490.2,741.8107387
Samsung M391B5673FH0-CH9 2GB,0,2,28,13.3,8.5,15.9,741.7505619
Corsair CMSO8GX3M1A1600C11 8GB,0,8,28,12.5,8.9,37.9,741.7261224
Samsung M391B5773DH0-CK0 2GB,0,2,28,11,9.8,99,741.7226064
Patriot Memory (PDP Systems) PSD32G160081 2GB,0,2,28,13.8,8,22.1,741.695323
Corsair CMV4GX3M1C1600C11 4GB,0,4,28,12.9,8.5,22.9,741.6819312
Samsung M471B5273EB0-CK0 4GB,0,4,28,12.5,8.4,20,741.5850952
Corsair CMSO4GX3M1C1600C11 4GB,0,4,28,12.6,8.3,23,741.5740474
Crucial Technology CT51264BC160B.M16F 4GB,0,4,28,11.1,9.2,47.8,741.5705315
Corsair CML16GX3M2C1600C9 8GB,0,8,28,13.2,7.9,243.1,741.5641716
Samsung M393B5270DH0-YK0 4GB,0,4,28,10.8,9.3,20.9,741.5472639
Crucial Technology CT51264BC1339.M16F 4GB,0,4,28,11.8,8.5,23.9,741.493197
Samsung M471B5673EH1-CH9 2GB,0,2,28,11.7,8.5,10,741.4760393
Mushkin 992017 (997017) 8GB,0,8,28,12.9,7.6,31.7,741.4280823
Corsair CMX32GX3M4A1333C9 8GB,0,8,28,12.3,7.9,401.4,741.4097527
Kingston 16KTF1G64HZ-1G6E1 8GB,0,8,28,11.1,8.6,59.5,741.4012988
Crucial Technology CT51264BF1339.M16F 4GB,0,4,28,11.5,8.2,21.9,741.3571077
Crucial Technology CT4G3S1339M.M16FKD 4GB,0,4,28,11.1,8,22.9,741.2320662
Corsair CMSO8GX3M2C1600C11 4GB,0,4,28,12,7.4,42.9,741.2172525
G Skill Intl F3-10666CL9-4GBSQ 4GB,0,4,28,11.1,7.9,23.99,741.2038608
Mushkin 991770 (998770) 4GB,0,4,28,12.2,7.2,72.8,741.195157
G Skill Intl F3-10666CL9-8GBNT 8GB,0,8,28,12,6.9,38.99,741.0762253
G Skill Intl F3-8500CL7-4GBRL 4GB,0,4,28,11.8,7,29.9,741.0701154
Patriot Memory (PDP Systems) PSD38G13332S 8GB,0,8,28,10.9,7.5,31.9,741.0567237
Hynix Semiconductor (Hyundai Electronics) HMT325S6,0,25,28,10.6,7.2,99,740.9206344
Mushkin 99[2/7]218 8GB,0,8,28,11.9,5.8,102.9,740.7488079
Crucial Technology CT25664BA160B.C16F 2GB,0,2,29,14.3,10.1,15.9,716.9571796
Samsung M391B5173QH0-CMA 4GB,0,4,29,12.9,10.1,21,716.7169723
Corsair CMZ32GX3M8X1600C9 4GB,0,4,29,12.3,10.2,399.9,716.6422318
Corsair CMX64GX3M8A1333C9 8GB,0,8,29,12.3,9.6,692.6,716.4729992
Samsung M391B5273DH0-YK0 4GB,0,4,29,10.7,10.5,33.2,716.4523256
Corsair CMSO16GX3M2C1600C1 8GB,0,8,29,13,9.1,214.9,716.4520756
Mushkin 994018 8GB,0,8,29,11,10,187.9,716.3627714
Corsair CMY64GX3M8A2400C11 8GB,0,8,29,12.2,9.2,464.9,716.3430198
Heoriady 16KTF1G64HZ-1G6E1 8GB,0,8,29,12.3,9.1,26,716.331972
Crucial Technology BLS8G3N169ES4.16FE 8GB,0,8,29,12.6,8.9,83.9,716.3270341
Samsung M393B1K70CHD-YH9 8GB,0,8,29,12.2,9.1,29.5,716.3148144
Samsung M471B1G73CB0-CK0 8GB,0,8,29,12.4,8.5,136.9,716.1798971
Kingston HX316C10F/8 8GB,0,8,29,13.3,7.9,89.9,716.1650834
Crucial Technology CT8G3S160BM.C16FPD 8GB,0,8,29,12.6,8.3,53.9,716.1578015
Corsair CMSX8GX3M1A1600C1 8GB,0,8,29,12.1,8.4,38.9,716.1002186
Corsair CMP12GX3M3A1600C9 4GB,0,4,29,12.3,8.2,116.9,716.0781231
Samsung M471B5273CH0-YK0 4GB,0,4,29,12.1,8.3,19,716.0720132
Corsair CMSX16GX3M2C1866C1 8GB,0,8,29,12.7,7.9,119.9,716.0621374
Crucial Technology CT102464BF1339.C16 8GB,0,8,29,12.2,8.2,40,716.0609654
Micron Technology 8KTF51264HZ-1G6E2 4GB,0,4,29,12.9,7.7,29.9,716.0400418
Corsair CMSA8GX3M1A1333C9 8GB,0,8,29,11.7,8.1,116.6,715.9469717
Corsair CMSX8GX3M2B1600C9 4GB,0,4,29,11.8,8,73,715.9359239
Corsair CMZ8GX3M2A1866C10 4GB,0,4,29,11.9,7.9,41.9,715.9248761
Corsair CMSO8GX3M1C1600C11 8GB,0,8,29,11.5,8,37.9,715.8844509
Corsair CMSA8GX3M2A1333C9 4GB,0,4,29,11,7.8,75.5,715.7422518
Samsung M392B5170EM1-CH9 4GB,0,4,29,10.5,7.5,45,715.5718472
Mushkin 992020 (997020) 8GB,0,8,29,10.3,6.4,31.7,715.227272
Samsung M391B2873EH1-CF8 1GB,0,1,29,9.8,6.6,35.6,715.1978946
Mushkin 992019 (997019) 8GB,0,8,29,6.7,3.6,31.7,713.8198441
Mushkin 992124 (997124) 8GB,0,8,29.75,17.1,11.7,87.9,699.9480015
Corsair CMD32GX3M4A2400C11 8GB,0,8,30,16.5,12.6,289.9,694.3179545
Crucial Technology BLT8G3D1869DT1TX0. 8GB,0,8,30,15.4,10.6,54.9,693.5651115
Mushkin 994121 8GB,0,8,30,11.8,10.2,206.9,692.834614
Corsair CMX64GX3M8A1600C11 8GB,0,8,30,12.1,9.4,299.9,692.6604435
Samsung M393B1G70QH0-YK0 8GB,0,8,30,10.6,10.2,23.3,692.6287221
Samsung M391B5273DH0-YH9 4GB,0,4,30,12.9,8.5,44,692.5438558
Patriot Memory (PDP Systems) PSD38G1600L2S 8GB,0,8,30,12.4,8.8,69.9,692.5426839
Samsung M391B5173QH0-YK0 4GB,0,4,30,11.7,8.7,69,692.3943748
Samsung M391B1G73QH0-CMA 8GB,0,8,30,10.9,9.1,97.5,692.3699353
Crucial Technology CT8G3S160BM.M16FED 8GB,0,8,30,11.8,8.3,76.9,692.2987107
Samsung M392B5270CH0-YH9 4GB,0,4,30,11.3,8.3,25.8,692.2129224
Samsung M471B1G73CB0-YK0 8GB,0,8,30,11.3,8,124.9,692.1283061
Crucial Technology CT102464BF1339.M16 8GB,0,8,30,11.1,7.8,51.9,692.0375799
Corsair CM3X4GSD1066 4GB,0,4,30,12.4,6.7,25.9,691.9503697
Corsair CMSO4GX3M1A1333C9 4GB,0,4,30,10.9,7.6,26.9,691.9468537
Samsung M393B1K70QB0-YK0 8GB,0,8,30,9.8,8.1,157.9,691.8991467
Samsung M393B1K70CH0-CH9 8GB,0,8,30,10.3,7.7,30.4,691.8721132
Corsair CMSO8GX3M1A1333C9 8GB,0,8,30,10.8,7.2,34.9,691.8168743
Samsung M471B5673FH0-CF8 2GB,0,2,30,10.6,6.8,14.9,691.6697373
Corsair CMSA4GX3M1A1333C9 4GB,0,4,30,8.4,8.1,27.9,691.6589395
Samsung M391B1G73BH0-YK0 8GB,0,8,30,11.3,6.2,118.5,691.6206082
Crucial Technology CT4G3S1067M.C16FKR 4GB,0,4,30,10.1,6.6,24.9,691.5275381
G Skill Intl F3-8500CL7-4GBSQ 4GB,0,4,30,8.7,5.3,19.99,690.9206602
Patriot Memory (PDP Systems) 2133C11 Series 4GB,0,4,30.33333333,15.7,9.8,178.1,685.8312371
Corsair CMY16GX3M2B2133C11 8GB,0,8,30.66666667,15.3,10.8,116.9,678.6492982
Crucial Technology CT102464BD186D.M16 8GB,0,8,31,13.3,9.6,60.1,670.7313574
Crucial Technology CT51264BD160B.M16F 4GB,0,4,31,12.5,9.4,23.9,670.5376852
Samsung M393B2G70DB0-CK0 16GB,0,16,31,10.1,10,99,670.2951341
Samsung M393B1K70PH0-YK0 8GB,0,8,31,10.1,9.7,99,670.2105178
Patriot Memory (PDP Systems) PSD34G1600L81S 4GB,0,4,31,12.4,7.7,17.9,670.0410352
Samsung M393B5170FH0-CH9 4GB,0,4,31,10,8.8,24.9,669.9395112
Samsung M393B5170DZ1-CH9 4GB,0,4,31,9.5,9,21.5,669.9101338
Samsung M471B5173BH0-CK0 4GB,0,4,31,11.5,7.3,19,669.7737945
Samsung M391B5773CH0-CH9 2GB,0,2,31,9.2,8.6,8,669.745839
Samsung M393B1K70DH0-CH9 8GB,0,8,31,9.9,8.1,27.9,669.7249154
Crucial Technology CT51264BC1339.D16F 4GB,0,4,31,10.5,7.7,38.1,669.7150396
Samsung M393B1K70CHD-CH9 8GB,0,8,31,9.6,8,31.6,669.645237
Kingston KNWMX1-ETB 4GB,0,4,31,11.2,6.9,19.9,669.6094998
Corsair CMSO4GX3M1A1600C11 4GB,0,4,31,11.1,6.9,49.9,669.5923421
Samsung M471B5773CHS-CH9 2GB,0,2,31,9.8,6.7,9.9,669.3128817
Corsair CMD32GX3M4A2133C9 8GB,0,8,31.125,15.2,12.4,279.9,669.1734438
Crucial Technology CT51264BC1067.M16F 4GB,0,4,31,8.8,5.1,24.9,668.6900181
Samsung M471B5273CH0-CF8 4GB,0,4,31,6.6,3.6,30.7,667.889468
Corsair CMX16GX3M4A1600C9 4GB,0,4,31.25,16.1,10.1,169.9,666.0268657
Crucial Technology BLS4G3D18ADS3.16FE 4GB,0,4,31.33333333,16.1,10.4,41.7,664.3550572
Mushkin 992102 (997102) 8GB,0,8,31.66666667,16.4,10.1,169.9,657.3886579
Crucial Technology BLT4G3D1869DT1TX0. 4GB,0,4,32,15.2,10.6,44.1,650.5349802
Crucial Technology CT102464BF186D.C16 8GB,0,8,32,12.2,8.8,76.3,649.5125526
Corsair CMY64GX3M8A1866C9 8GB,0,8,32,11.7,9.1,369.9,649.5113806
Corsair CMSA8GX3M1A1600C11 8GB,0,8,32,11.9,8.8,69.9,649.4610796
Samsung M393B2G70QH0-CK0 16GB,0,16,32,11,8.9,99,649.3348661
Samsung M393B5170FHD-CH9 4GB,0,4,32,10.7,8.2,21.5,649.0859551
Crucial Technology BLS8G3D18ADS3.16FE 8GB,0,8,32.25,16.5,11.1,78.2,645.8995434
Crucial Technology BLE4G3D1608DE1TX0. 4GB,0,4,32.5,16.6,9.8,72.3,640.6274325
Corsair CML4GX3M2A1600C9 2GB,0,2,32.5,16.7,9.3,42.3,640.503563
Mushkin 991981 (998981) 4GB,0,4,32.75,13.8,11.5,160.9,635.7790668
G Skill Intl F3-14900CL9-4GBXL 4GB,0,4,32.75,15.4,10.5,29.9,635.7715349
Crucial Technology BLT8G3D1608ET3LX0. 8GB,0,8,33,16.4,10.1,36.9,631.0562922
Corsair CMD16GX3M4A1866C9 4GB,0,4,33,15.3,10.5,235.4,630.9803797
Corsair CMD16GX3M2A2133C9 8GB,0,8,33,15.7,9.8,129.9,630.8515723
Crucial Technology BLS8G3D169DS3.16FE 8GB,0,8,33,14.8,9.4,89.9,630.5843316
Samsung M393B5170EH1-CF8 4GB,0,4,33,9.6,8.4,12.9,629.410079
Samsung M386B4G70DM0-YK03 32GB,0,32,33,10.9,7.6,109.9,629.407485
Samsung M393B1G73BH0-YH9 8GB,0,8,33,9.5,8.4,55.3,629.3929213
Samsung M393B2G70BH0-YK0 16GB,0,16,33,10,8,33.9,629.3658879
Samsung M391B1G73EB0-YK0 8GB,0,8,33,9.5,8.2,99.9,629.3365104
Samsung M393B2G70BH0-CH9 16GB,0,16,33,8,7.3,45.5,628.8252966
Kingston KR1P74-HYC 4GB,0,4,33,8.5,6.6,157.9,628.7136469
Samsung M393B5170FH0-YH9 4GB,0,4,33,8.6,6.5,99,628.7025991
Samsung M393B1G73QH0-YK0 8GB,0,8,33,9.4,5.9,99,628.6706277
Samsung M393B2K70CM0-CF8 16GB,0,16,33,7.2,3.5,59.9,627.6162287
Crucial Technology BLE8G3D1869DE1TX0. 8GB,0,8,33.33333333,15.7,10.2,54.9,624.7104572
Crucial Technology BLS4G3D1609ES2LX0. 4GB,0,4,33.33333333,15,9.9,38.9,624.5057373
Corsair CMD16GX3M2A1866C9 8GB,0,8,33.33333333,15.2,9.7,119.9,624.4836417
Crucial Technology BLT4G3D1608DT2TXOB 4GB,0,4,33.33333333,14.6,9.4,33.9,624.2960795
Corsair CMZ8GX3M2A1600C8 4GB,0,4,33.625,14.7,9.9,63.9,619.0837831
Corsair CMD16GX3M2A2400C11 8GB,0,8,33.75,16.1,10.3,164.4,617.1635926
Corsair CMY8GX3M2A2400C11 4GB,0,4,33.83333333,16.3,10.6,240.9,615.7763764
Corsair CMZ8GX3M2A1866C9 4GB,0,4,33.83333333,13.8,8.7,89.7,614.8115316
Corsair CMY8GX3M2B2133C9 4GB,0,4,34,16,10.1,53,612.5937296
Corsair CMZ16GX3M2A2133C10 8GB,0,8,34,14.7,10.7,109.9,612.5399126
Corsair CMD16GX3M2A1600C9 8GB,0,8,34,15.1,10.2,133.9,612.4675161
Samsung M393B2G70QH0-CMA 16GB,0,16,34,10.5,8.8,99.9,611.2833877
Samsung M386B4G70DM0-YK04 32GB,0,32,34,8.2,9.4,326.4,611.0579942
Corsair CMSO8GX3M1C1333C9 8GB,0,8,34,10.7,7.7,34.9,611.0074432
Samsung M393B1K70CH0-YH9 8GB,0,8,34,9.6,7.5,29.2,610.7622981
Samsung M393B5273DH0-YK0 4GB,0,4,34,8.5,7.6,26,610.6017693
Samsung M393B2G70EB0-CMA 16GB,0,16,34,10.7,5,76,610.2458964
Samsung M393B5170FHD-CF8 4GB,0,4,34,6.6,3.3,99,609.0629399
Samsung M393B2K70DM0-CF8 16GB,0,16,34,6.7,3.2,19,609.0518922
Corsair CMY16GX3M2A2133C11 8GB,0,8,34.26666667,16.2,10.9,136.9,608.1299548
Crucial Technology BLT8G3D1608DT2TXRG 8GB,0,8,34.33333333,14.6,9.2,55.9,606.206472
Corsair CMX8GX3M2A2000C9 4GB,0,4,34.5,13.3,9.4,99.9,603.1359368
Corsair CMD16GX3M2A1600C7 8GB,0,8,34.66666667,14.1,9.1,169.9,600.3126074
